tree
version=v4
num_class=1
num_tree_per_iteration=1
label_index=0
max_feature_idx=9
objective=binary sigmoid:1
feature_names=Column_0 Column_1 Column_2 Column_3 Column_4 Column_5 Column_6 Column_7 Column_8 Column_9
feature_infos=[0:1] [0:1] [0:1] [0:1] [0:1] [0:1] [0:1] none [0:67] [0:176]
tree_sizes=3359 3395 3420 3415 3409 3429 3441 3421 3430 3445 3429 3454 3447 3444 3448 3462 3464 3474 3449 3441 3455 3456 3451 3465 3474 3471 3470 3468 3487 3474 3470 3473 3454 3483 3481 3466 3473 3470 3485 3466 3468 3466 3463 3467 3482 3465 3463 3468 3478 3492 3474 3484 3476 3492 3481 3490 3479 3481 3489 3481 3491 3468 3473 3490 3512 3493 3468 3484 3462 3496 3474 3492 3475 3496 3483 3498 3483 3498 3258 3498 3501 3476 3489 3480 3480 3477 3512 3496 3493 3489 3500 3486 3487 3481 3484 3484 3496 3491 3473 3490 3483 3493 3491 3465 3478 3474 3495 3483 3471 3489 3496 3492 3501 3491 3489 3469 3489 3500 3496 3486 3493 3492 3498 3490 3480 3496 3171 3512 3480 3504 3509 3463 3512 3498 3483 3472 3493 3470 3480 3475 3493 3486 3523 3492 3490 3393 3491 3485 3524 3492 3476 3485 3500 3483 3508 3505 3504 3509 3504 3495 3510 3481 3500 3517 3481 3467 3491 3498 3503 3507 3485 3367 3507 3531 3463 3509 3515 3502 3487 3482 3519 3509 3477 3493 3481 3494 3502 3483 3475 3501 3492 3510 3455 3509 3495 3496 3509 3382 3507 3386

Tree=0
num_leaves=31
num_cat=0
split_feature=3 2 2 3 0 9 3 1 1 0 9 2 0 9 3 9 3 2 3 1 1 3 3 3 1 2 3 0 1 0
split_gain=3.13246e+06 242277 73504.5 46304.2 30681 11499.3 25215.2 4883.46 4578.55 3268.44 2983.64 1965.91 2273.86 1907.1 3011.94 1783.46 1683.94 1496.94 5028.4 1146.5 1096.79 627.51 433.567 427.05 319.428 247.031 1769.42 216.852 95.2111 47.5015
threshold=0.20942982286214831 0.78611555695533764 0.423303171992302 0.41421568393707281 0.61250001192092907 25.500000000000004 0.082207206636667265 0.82426470518112194 0.39559109508991247 0.47222222387790685 35.500000000000007 0.84273937344551098 0.61250001192092907 24.500000000000004 0.0745370388031006 20.500000000000004 0.5419580638408662 0.49253065884113317 0.2639319002628327 0.31622806191444403 0.53001201152801525 0.36038962006568914 0.76330533623695385 0.15075758099555972 0.85857143998146068 0.59611794352531444 0.29705883562564855 0.61250001192092907 0.46470099687576299 0.72077924013137828
decision_type=2 2 2 2 2 2 2 2 2 2 2 2 2 2 2 2 2 2 2 2 2 2 2 2 2 2 2 2 2 2
left_child=1 4 3 8 7 6 15 9 10 -1 -2 12 -7 14 -6 -3 19 18 20 -5 -4 -20 -18 -8 -9 26 -19 -13 -10 -15
right_child=2 5 17 16 13 11 23 24 28 -11 -12 27 -14 29 -16 -17 22 25 21 -21 -22 -23 -24 -25 -26 -27 -28 -29 -30 -31
leaf_value=-2.0859378185168511 -2.0486198663088602 -2.0682264316267509 -2.0015583001206321 -1.8079829254860427 -2.0621687572062819 -1.8441780626930004 -1.6763206376192843 -1.8382061284865681 -1.7406560793745305 -2.0187080590036448 -1.7722246263453583 -1.6446030517960344 -1.620449199094975 -1.6494049835593287 -1.6363716451163715 -1.8319709564560889 -1.6743261685385584 -1.7546574149489165 -1.7394185766680064 -1.618487117797252 -1.6235700085966172 -1.6128454348825798 -1.6225831434832094 -1.603922996289828 -1.6372450033014279 -1.6009015202008103 -1.6053292109569868 -1.609204694092911 -1.6193153967773406 -1.6099153369007788
leaf_weight=73920.113404460251 1591.3622445687652 583.48792120814323 115.70231954753399 298.82193171232939 76.215578876435757 225.75470244884491 318.95842405408621 30.602674171328545 21.987188056111336 1853.1503542140126 104.02194336801767 574.1221287548542 228.53764746338129 116.60610589385033 91.263825245201588 92.550313904881477 691.12119817733765 211.94569297879934 106.25837042182684 108.9137075766921 23.007612712681293 1248.0503705367446 977.38633060455322 563.62909632921219 55.880601033568382 67723.645367927849 3098.3342181816697 1755.7988658323884 61.067087888717651 219.50234722346067
leaf_count=719144 14450 5497 956 1464 710 1248 833 166 82 15864 445 1183 375 250 175 492 1781 842 394 175 39 1883 1640 763 108 88124 4270 2538 99 320
internal_value=-1.84341 -2.06062 -1.6139 -1.82666 -2.08128 -1.69735 -1.8061 -2.08387 -2.0139 -2.08429 -2.03166 -1.63648 -1.73163 -1.6923 -1.83014 -2.03588 -1.66628 -1.60259 -1.65214 -1.75737 -1.93886 -1.62278 -1.64402 -1.63009 -1.70836 -1.60155 -1.61489 -1.61793 -1.65144 -1.62362
internal_weight=157088 80706.2 76381.6 3854.68 76363.3 4342.84 1558.63 75859.7 1778.44 75773.3 1695.38 2784.21 454.292 503.588 167.479 676.038 2076.24 72526.9 1493.02 407.736 138.71 1354.31 1668.51 882.588 86.4833 71033.9 3310.28 2329.92 83.0543 336.108
internal_count=866310 749666 116644 20136 736737 12929 7585 735282 15076 735008 14895 5344 1623 1455 885 5989 5060 96508 3272 1639 995 2277 3421 1596 274 93236 5112 3721 181 570
is_linear=0
shrinkage=1


Tree=1
num_leaves=31
num_cat=0
split_feature=3 2 2 3 0 9 3 1 0 1 9 9 3 2 3 9 3 1 0 1 2 1 2 0 2 0 3 1 1 0
split_gain=1.83518e+06 155725 45799.4 34807.9 20014 7496.91 11097.7 3397.25 2347.11 2215.67 1669.64 1494.99 1492.65 1227.05 4958.76 1219.47 1441.85 1119.72 988.944 871.61 534.876 488.408 358.508 343.498 303.842 212.764 1504.04 155.672 60.6994 34.6801
threshold=0.1863425895571709 0.78611555695533764 0.41612553596496588 0.3514705896377564 0.61250001192092907 25.500000000000004 0.0745370388031006 0.82426470518112194 0.47222222387790685 0.39559109508991247 34.500000000000007 17.500000000000004 0.47338935732841497 0.49253065884113317 0.2639319002628327 22.500000000000004 0.0745370388031006 0.53001201152801525 0.38750000298023229 0.3483316451311112 0.86706829071044933 0.26138716936111456 0.87585616111755382 0.19090909510850909 0.84273937344551098 0.31666667759418493 0.26969698071479803 0.88303694128990184 0.46225070953369146 0.47222222387790685
decision_type=2 2 2 2 2 2 2 2 2 2 2 2 2 2 2 2 2 2 2 2 2 2 2 2 2 2 2 2 2 2
left_child=1 4 3 9 7 6 11 8 -1 10 -2 -3 19 14 17 16 -6 -4 20 -5 -7 -16 -20 -14 -8 26 -15 -9 -11 -27
right_child=2 5 13 12 15 18 24 27 -10 28 -12 -13 23 25 21 -17 -18 -19 22 -21 -22 -23 -24 -25 -26 29 -28 -29 -30 -31
leaf_value=-0.055226580201673252 -0.035976228514683024 -0.048848647148540605 -0.00070502613435705411 0.14013636314709418 -0.045566571088073909 0.064061278490791823 0.19464331839086588 0.1638495890312795 0.0021991450078248961 0.18765410744133179 0.15295243864745547 0.12942608353918006 0.25998139758460082 0.17617238683871761 0.18973117218279356 0.28430536789500488 0.26598609679253044 0.29676755851236702 0.25514182215949627 0.29825474059852336 0.26312237528892984 0.2917655772004028 0.29254333135560873 0.30357042556421271 0.28524164330663709 0.29343583176175159 0.29352471635371463 0.28809841453730639 0.28767278285588377 0.29734657846101786
leaf_weight=70144.737683832645 1904.0282675549388 509.82259066402912 204.59792803227901 383.32123336195946 70.593032523989677 81.032782807946205 107.89081482589245 44.564773976802826 1825.6586317718029 21.69055649638176 124.59297631680965 152.85544957220554 1677.3908960521221 291.60595260560513 125.31885362416506 430.59368918091059 78.356795310974121 37.419986084103584 857.24333588778973 112.80453058332205 57.828309431672096 1828.6386235356331 2536.5018346309662 618.67054878175259 650.58599901199341 6064.8201876729727 4286.7077078074217 58.044741034507751 50.453761115670204 86843.498507961631
leaf_count=712618 18295 5051 1800 2060 692 502 327 192 15772 89 603 866 3171 1120 397 566 131 50 1756 131 102 2123 2819 642 917 6276 4404 75 72 82691
internal_value=0.151702 -0.0325122 0.288409 0.139058 -0.0510067 0.238731 0.141754 -0.05336 -0.0537699 -0.0146892 -0.0243727 -0.00772722 0.254733 0.29574 0.258779 0.241647 0.118329 0.0452892 0.277745 0.176088 0.14696 0.285222 0.283096 0.271726 0.272354 0.296573 0.28605 0.234135 0.257602 0.297091
internal_weight=182182 77606.3 104576 4892.95 72652.5 4953.76 1421.15 72073 71970.4 2100.77 2028.62 662.678 2792.19 99682.6 2195.98 579.544 148.95 242.018 3532.61 496.126 138.861 1953.96 3393.75 2296.06 758.477 97486.6 4578.31 102.61 72.1443 92908.3
internal_count=866310 742386 123924 25063 730046 12340 7161 728657 728390 19059 18898 5917 6004 98861 4370 1389 823 1850 5179 2191 604 2520 4575 3813 1244 94491 5524 267 161 88967
is_linear=0
shrinkage=0.05


Tree=2
num_leaves=31
num_cat=0
split_feature=3 0 1 3 4 3 1 0 4 0 4 3 0 1 6 1 3 0 3 4 0 4 1 3 1 0 0 8 4 0
split_gain=1.27252e+06 117422 31642.9 28620.3 12564.7 13926.8 11926.2 3703.83 2430.61 7851.18 1700.64 1679.05 992.855 1727.53 861.73 781.791 3233.03 1876.65 597.661 416.534 354.956 159.773 82.7 743.531 43.5346 204.809 32.0766 6.90032 6.71873 5.40684
threshold=0.17519181966781619 0.5634920895099641 0.28464819490909582 0.3514705896377564 1.0000000180025095e-35 0.065591398626565947 0.77913278341293346 0.31666667759418493 1.0000000180025095e-35 0.47222222387790685 1.0000000180025095e-35 0.070197045803070082 0.19090909510850909 0.12613636255264285 1.0000000180025095e-35 0.36700680851936346 0.2639319002628327 0.38750000298023229 0.089572194963693633 0.56021979451179515 0.2264957278966904 0.39408509433269506 0.48863048851490026 0.26969698071479803 0.64365079998970043 0.63068181276321422 0.095454547554254546 8.5000000000000018 0.17509123682975772 0.38750000298023229
decision_type=2 2 2 2 2 2 2 2 2 2 2 2 2 2 2 2 2 2 2 2 2 2 2 2 2 2 2 2 2 2
left_child=1 6 3 7 24 21 8 14 9 -1 29 -12 13 -5 -2 16 17 -4 -7 -10 -18 -6 23 -17 25 -3 -24 -26 -9 -8
right_child=2 4 15 12 5 18 10 28 19 -11 11 -13 -14 -15 -16 22 20 -19 -20 -21 -22 -23 26 -25 27 -27 -28 -29 -30 -31
leaf_value=-0.033957326394119906 -0.038114592833145049 0.33386108153002669 -0.024039551372134541 0.22465377662836686 -0.05094204282353533 0.10246352825076253 0.22974906694572611 0.27319389971567143 -0.055243350809937621 0.27642405261016578 -0.057402051943216098 0.20294419268116082 0.23515853394978375 0.13492343361984585 0.060881470486776529 0.16633525219679524 0.18322021732004773 0.24904494902380298 0.22102509504047632 0.15754110701827784 0.23380662099946395 0.30475466313021493 0.23812946071483695 0.23218306083661938 0.23856848710609554 0.23821527569417331 0.23350283548606648 0.25683335605727325 0.23858371834248554 0.24536282084544603
leaf_weight=1940.7434300407767 2128.3732896000147 70.064597696065903 220.41657650470734 1153.6027856916189 983.81018417328596 119.05557628720999 69.166953109204769 15.919674217700956 66208.086125060916 227.64184845238924 125.6302444934845 122.13827172666788 1574.4528601765633 1002.5693033635616 245.14309550821781 455.30184107273817 415.55145575106144 88.039394311606884 991.60442772507668 23.007097005844116 2095.1920849308372 3.1672383695840827 3884.5393778830767 7338.2621128484607 3220.345021404326 278.23144727945328 105251.26723136753 52.55404394119978 117.65278218686581 279.49731454998255
leaf_count=19778 20832 156 2010 1743 8986 530 94 14 701186 631 1178 229 1291 3301 1805 1420 886 89 1407 129 1734 13 3096 6156 2830 249 84097 48 141 251
internal_value=0.130011 -0.0334767 0.226966 0.117174 0.184243 0.0868674 -0.0515228 -0.0134731 -0.053464 -0.00137281 0.171092 0.0709365 0.204973 0.182931 -0.02789 0.232685 0.206667 0.0539041 0.208316 -0.0551694 0.225434 -0.0498006 0.233312 0.228336 0.24065 0.257456 0.233668 0.238862 0.242709 0.242265
internal_weight=200701 74714.7 125986 6237.71 5718.83 2097.64 68995.9 2507.09 68399.5 2168.39 596.433 247.769 3730.62 2156.17 2373.52 119749 2819.2 308.456 1110.66 66231.1 2510.74 986.977 116929 7793.56 3621.2 348.296 109136 3272.9 133.572 348.664
internal_count=866310 737695 128615 29127 14219 10936 723476 22792 721724 20409 1752 1407 6335 5044 22637 99488 4719 2099 1937 701315 2620 8999 94769 7576 3283 405 87193 2878 155 345
is_linear=0
shrinkage=0.05


Tree=3
num_leaves=31
num_cat=0
split_feature=0 4 0 4 1 2 6 4 0 2 6 1 4 2 2 2 1 0 2 2 0 4 2 4 4 2 0 1 5 5
split_gain=791370 151520 31534.6 42652 19843.5 9917.41 6622.34 3891.58 6320.2 5106.7 2927.19 2136.02 2981.75 1190.38 1181.06 1095.64 787.751 794.002 488.57 470.752 261.31 201.416 190.405 130.228 54.3826 88.4278 54.2908 146.108 30.091 12.5328
threshold=0.31666667759418493 0.51869320869445812 0.41428571939468389 0.39408509433269506 0.63714733719825756 0.80229884386062633 1.0000000180025095e-35 0.31719042360782629 0.61250001192092907 0.82574188709259044 1.0000000180025095e-35 0.35355392098426824 0.66807910799980175 0.2014492750167847 0.18808962404727939 0.13873296231031421 0.680425524711609 0.10555555671453477 0.23606811463832858 0.84889996051788341 0.26136364042758947 0.45738498866558081 0.7589399814605714 0.11152570694684984 0.39408509433269506 0.7933771312236787 0.087121214717626586 0.47673159837722784 1.0000000180025095e-35 1.0000000180025095e-35
decision_type=2 2 2 2 2 2 2 2 2 2 2 2 2 2 2 2 2 2 2 2 2 2 2 2 2 2 2 2 2 2
left_child=1 4 3 5 6 10 15 8 9 -4 -2 12 14 -8 -3 -1 17 -6 -14 -7 -18 22 -5 -10 25 -9 -13 -28 -23 -26
right_child=2 11 7 21 16 19 13 24 23 -11 -12 26 18 -15 -16 -17 20 -19 -20 -21 -22 28 -24 -25 29 -27 27 -29 -30 -31
leaf_value=0.0071179165182915427 -0.025384580829127881 0.17695120570529826 0.098462098028035835 0.10786534354157461 0.18737309124358292 0.093495433311349116 0.20931667367400153 0.17657467492039569 0.19753728719357189 0.18284839762920224 0.17036459571314755 0.19811794134814117 0.2021248816592848 0.060592329902006685 0.029512317815686719 -0.051868362808302676 0.18522656851354777 0.0036865407323186505 0.15262711755149128 0.182400759659471 0.090623432259263018 0.19012247778842825 0.19134674647695685 0.18748478551469602 0.19484161040356027 0.19360205878111358 0.14953322711700207 0.19330642813895713 0.19704920310038909 0.19596046573432041
leaf_weight=797.45913957059383 4791.1654934734106 172.70302823185921 4226.7523289546371 133.22098363190889 97.714195571839809 188.99499663710594 168.5362818017602 984.31440045684576 4472.4364090189338 3113.3941658958793 198.90984684973955 4183.2652761936188 896.61951112747192 667.05184199661016 636.14283988624811 61423.985947862267 867.93080565333366 147.84372921288013 1122.8688511997461 701.72637335211039 79.696302466094494 2508.7168930396438 140.16764187067747 11521.281656973064 45073.435278266668 3383.3994187712669 220.77689526230097 1396.2185307219625 4180.9059969335794 56281.032450430095
leaf_count=7030 47626 384 19565 515 131 895 369 1434 3342 3627 397 2959 927 4092 4225 670986 1241 1280 2236 878 388 2107 120 11437 32200 2572 399 1075 2932 38941
internal_value=0.114931 -0.018992 0.183713 0.108996 -0.0454123 0.00985089 -0.0492346 0.191148 0.172667 0.134255 -0.0175818 0.177739 0.142113 0.0905897 0.0609932 -0.0511124 0.156589 0.0767804 0.174603 0.163537 0.17727 0.192732 0.150667 0.190296 0.195227 0.189765 0.19511 0.18733 0.194452 0.195463
internal_weight=214779 72878.8 141900 12843.8 64250.2 5880.8 63057 129056 23333.9 7340.15 4990.08 8628.59 2828.33 835.588 808.846 62221.4 1193.19 245.558 2019.49 890.721 947.627 6963.01 273.389 15993.7 105722 4367.71 5800.26 1617 6689.62 101354
internal_count=866310 697722 168588 55470 685517 49796 682477 113118 37971 23192 48023 12205 7772 4461 4609 678016 3040 1411 3163 1773 1629 5674 635 14779 75147 4006 4433 1474 5039 71141
is_linear=0
shrinkage=0.05


Tree=4
num_leaves=31
num_cat=0
split_feature=3 0 2 3 2 4 3 4 4 0 3 1 3 9 2 2 3 1 0 1 2 1 9 4 4 0 3 1 0 0
split_gain=767932 82377 18004.1 18653.1 9209.45 8864.23 8502.93 2173.34 1889.2 4858.05 1357.92 1125.91 1008.88 969.748 765.827 515.298 2938.69 741.377 465.611 288.242 180.657 163.417 162.24 129.308 71.9406 56.848 55.3325 33.4908 27.0129 23.7958
threshold=0.16397849470376971 0.5634920895099641 0.40936473011970526 0.30602006614208227 0.80229884386062633 1.0000000180025095e-35 0.061553031206130988 1.0000000180025095e-35 1.0000000180025095e-35 0.31666667759418493 0.0745370388031006 0.40682870149612432 0.47338935732841497 40.500000000000007 0.21846590936183932 0.49253065884113317 0.2639319002628327 0.43534001708030706 0.61250001192092907 0.87026646733284008 0.2014492750167847 0.24283374845981601 25.500000000000004 0.36406117677688604 0.2996350377798081 0.61250001192092907 0.24499999731779101 0.77346038818359386 0.61250001192092907 0.11805555596947671
decision_type=2 2 2 2 2 2 2 2 2 2 2 2 2 2 2 2 2 2 2 2 2 2 2 2 2 2 2 2 2 2
left_child=1 4 3 11 8 22 23 27 9 -1 -9 13 14 -2 -5 16 17 -4 -8 -10 -14 -18 -3 -7 25 -17 -26 -6 -24 -13
right_child=2 5 15 12 7 6 18 10 19 -11 -12 29 20 -15 -16 24 21 -19 -20 -21 -22 -23 28 -25 26 -27 -28 -29 -30 -31
leaf_value=-0.049096472928286866 -0.042235179897012448 0.23602382535356795 -0.020624475710894749 0.17991255524855387 0.20543290654896171 -0.054549948014672778 0.081982989663275344 -0.056436106158696334 -0.054880211430596154 0.13102114862983957 0.14292769308431078 0.19663819832891097 0.1775244400068513 0.10743759346933351 0.071009412808120467 0.17670153832197488 0.11384087838217599 0.14464678632016864 0.16066880264049788 0.14588685722594766 0.15269994316457286 0.16902247926770356 0.18179973370324953 0.16349650395872092 0.16222879050972294 0.17067891866167723 0.169433752714897 0.1742027804603716 0.17024464046175364 0.13911436779277378
leaf_weight=1570.1642250865698 2161.9578702971339 100.46639208495617 287.98128013312817 219.27864421159029 111.16525974869728 1031.4418098479509 236.98934986442327 223.86500623077154 60684.179398283362 491.55722353607416 138.10450845211744 33.295041747391224 1141.6159741580486 113.9241264089942 611.94016407430172 5879.0449499711394 140.74993382394314 88.772290706634521 909.59263578802347 17.883024320006371 2046.9745772331953 2869.2132786214352 582.542584374547 6.8444655910134307 2722.7131123095751 11747.457657217979 125175.16327089071 376.90245522558689 3838.4929425865412 39.07983722537756
leaf_count=17673 22909 83 2766 594 121 8869 879 1949 696998 2676 251 36 959 562 2895 4493 398 228 980 29 2751 2334 645 27 2875 7505 80894 284 2555 92
internal_value=0.103644 -0.0334372 0.165724 0.0833934 -0.0510084 0.133236 0.0505414 0.112465 -0.0532224 -0.00615269 0.0196284 -0.028569 0.148799 -0.034743 0.0997385 0.169244 0.149964 0.0183174 0.144405 -0.0548211 0.161588 0.166442 0.173195 -0.0531126 0.169693 0.172688 0.16928 0.181316 0.171767 0.165577
internal_weight=225599 70320.2 155279 6368.07 63613.8 6706.37 2184.87 850.037 62763.8 2061.72 361.97 2348.26 4019.81 2275.88 831.219 148911 3386.72 376.754 1146.58 60702.1 3188.59 3009.96 4521.5 1038.29 145524 17626.5 127898 488.068 4421.04 72.3749
internal_count=866310 734019 132291 30798 719981 14038 10755 2605 717376 20349 2200 23599 7199 23471 3489 101493 5726 2994 1859 697027 3710 2732 3283 8896 95767 11998 83769 405 3200 128
is_linear=0
shrinkage=0.05


Tree=5
num_leaves=31
num_cat=0
split_feature=3 2 2 3 4 3 4 1 2 3 9 1 2 2 3 1 1 8 3 1 1 3 4 2 2 3 4 9 4 2
split_gain=628134 73796.6 14014.2 14216.8 7770.56 7804.22 5940.38 4625.93 1467.34 952.529 887.216 868.049 802.434 651.237 2185.51 639.952 574.917 330.906 305.929 289.356 280.71 257.514 239.405 165.933 140.675 1334.03 96.1964 82.1295 40.8658 16.9504
threshold=0.16397849470376971 0.7589399814605714 0.39780220389366155 0.29705883562564855 1.0000000180025095e-35 0.065591398626565947 1.0000000180025095e-35 0.51925924420356762 0.59611794352531444 0.47338935732841497 34.500000000000007 0.82426470518112194 0.2290398105978966 0.44920890033245092 0.32575757801532751 0.38924963772296911 0.43405796587467199 4.5000000000000009 0.098387096077203764 0.24417344480752948 0.76253134012222301 0.061553031206130988 0.56021979451179515 0.2014492750167847 0.53144779801368724 0.29705883562564855 0.39408509433269506 25.500000000000004 0.2996350377798081 0.84273937344551098
decision_type=2 2 2 2 2 2 2 2 2 2 2 2 2 2 2 2 2 2 2 2 2 2 2 2 2 2 2 2 2 2
left_child=1 6 3 10 27 26 7 8 -1 12 15 22 -5 14 16 -2 -4 -12 -7 -16 -9 -13 -8 -11 25 -15 -6 -3 -26 -29
right_child=2 4 13 9 5 18 11 20 -10 23 17 21 -14 24 19 -17 -18 -19 -20 -21 -22 -23 -24 -25 28 -27 -28 29 -30 -31
leaf_value=-0.038119459758314857 -0.046037890552498767 0.19495097778944015 -0.017623711408611069 0.15229693859575255 -0.052277311376139536 0.087454880324949247 -0.054445179667839717 0.10042976262892891 0.10153144697343429 0.15599640207919685 0.1705890980850866 -0.043027420349044831 0.050503526926167011 0.057678163488973845 0.063445746164496386 0.12748110491397899 0.13860210033672471 0.021441233973160494 0.14519853337442626 0.15242420928073985 0.16143261603624831 0.15060319932516958 0.10838126238997164 0.13233212597120034 0.15322190533258981 0.15074739175866991 0.16772712183536581 0.15957570238962604 0.15071993936507463 0.15139576676790115
leaf_weight=1528.6144987344742 1895.4334546849132 117.74630377441645 300.38132117688656 284.63075009733438 1128.5997519344091 305.77495250850916 58171.778785206378 453.31888975948095 214.49067685008049 1231.6049012839794 64.027452662587166 23.090717993676662 605.35946632921696 424.28382639586926 97.177021101117134 54.669183745980263 73.250554442405701 88.718322396278381 918.07779312878847 1528.9347387328744 322.91265858709812 66.976699888706207 22.583568029105663 1858.7690642774105 18581.745818398893 4161.5676517188549 4.9905946329236022 751.40356778353453 134124.09544613212 4029.8165588229895
leaf_count=17073 21079 90 2848 778 10372 864 697339 2106 1253 959 197 174 3153 2087 342 124 128 567 1039 1182 254 66 114 2477 11651 2872 14 727 81847 2534
internal_value=0.0949435 -0.0329066 0.14756 0.0730788 0.117805 0.0432171 -0.0508927 0.0242774 -0.0209353 0.128637 -0.032084 -0.0541419 0.0830584 0.150405 0.122051 -0.0411735 0.0130044 0.0839605 0.130772 0.147107 0.125807 0.100962 -0.054382 0.141763 0.150765 0.142137 -0.0513087 0.153697 0.151024 0.152681
internal_weight=233435 68060.2 165375 6083.21 7256.41 2357.44 60803.8 2519.34 1743.11 3980.36 2102.85 58284.4 889.99 159291 1999.74 1950.1 373.632 152.746 1223.85 1626.11 776.232 90.0674 58194.4 3090.37 157292 4585.85 1133.59 4898.97 152706 4781.22
internal_count=866310 734019 132291 29334 15640 12289 718379 20686 18326 7367 21967 697693 3931 102957 4500 21203 2976 764 1903 1524 2360 240 697453 3436 98457 4959 10386 3351 93498 3261
is_linear=0
shrinkage=0.05


Tree=6
num_leaves=31
num_cat=0
split_feature=0 4 0 4 6 2 2 6 4 0 2 4 2 4 2 0 2 4 2 2 4 2 2 0 2 4 4 0 5 5
split_gain=425093 100865 13379.3 22182.4 8154.52 6174.9 5850.23 1747.07 1719.42 2749.19 2226.72 1279.14 1191.89 1093.71 499.663 397.767 607.484 339.602 326.864 324.619 372.825 272.994 221.526 116.21 85.0738 54.9089 47.8708 82.5833 19.0795 14.175
threshold=0.31666667759418493 0.50225225090980541 0.41428571939468389 0.35316231846809393 1.0000000180025095e-35 0.7589399814605714 0.7933771312236787 1.0000000180025095e-35 0.3003759384155274 0.61250001192092907 0.81872946023941051 0.60440891981124889 0.44315245747566229 0.42919799685478216 0.18808962404727939 0.069047622382640853 0.6442561447620393 0.45738498866558081 0.84889996051788341 0.40936473011970526 0.70473173260688793 0.70659971237182628 0.48050633072853094 0.080128207802772536 0.77836257219314586 0.13900966197252276 0.35316231846809393 0.52777779102325451 1.0000000180025095e-35 1.0000000180025095e-35
decision_type=2 2 2 2 2 2 2 2 2 2 2 2 2 2 2 2 2 2 2 2 2 2 2 2 2 2 2 2 2 2
left_child=1 4 3 6 5 13 7 -2 9 10 -4 12 14 -1 -3 22 -17 21 -8 20 -13 -5 -6 -14 -7 -11 27 -10 -19 -21
right_child=2 11 8 17 15 24 18 -9 26 25 -12 19 23 -15 -16 16 -18 28 -20 29 -22 -23 -24 -25 -26 -27 -28 -29 -30 -31
leaf_value=-0.049738867230038369 -0.025879036082082446 0.11524783017580367 0.074507101948251567 0.056222750540782643 0.085217216444607835 0.068787582091141219 0.063411309884431888 0.12632380364824616 0.11399167141438329 0.13682851875343147 0.12716561289331271 0.074294079517966058 0.13802644698092942 -0.0036061272960281861 0.011845263468960048 -0.0038627888834163794 0.13226764422151024 0.13292949161978054 0.12729134550785662 0.13256918665912376 0.12384938236072418 0.12791139859273401 0.13904432381622689 0.096524312157549072 0.12576017796765518 0.13118224813544507 0.13674543812629855 0.13421220336907552 0.13792553170450411 0.13761501009406793
leaf_weight=54138.797585971653 4306.3814883679152 147.39767623692751 4435.4943170771003 246.03381282091141 493.81651217490435 75.752374537289143 267.66209027916193 197.17345195263624 596.15564964711666 6781.1933963149786 3667.5358055010438 457.36030238866806 489.86410351097584 1315.9903865531087 563.35527304559946 237.9905613809824 124.99569659680128 3055.2594994083047 795.1311114653945 2011.0789249762893 2230.8164981454611 288.53979328274727 311.85719297081232 257.24906232953072 485.30627653002739 11795.903061248362 126216.77495270222 3300.495843604207 5102.3307575955987 4520.5322188213468
leaf_count=666930 46516 328 18828 1197 2094 388 1252 312 1029 4264 3728 1458 392 11937 3913 1841 158 2107 842 1414 2601 312 364 462 703 9924 73023 2322 2932 2739
internal_value=0.0879802 -0.0179066 0.129989 0.0836178 -0.0442471 -0.0469743 0.00568574 -0.0192153 0.134206 0.122643 0.098341 0.123161 0.0796406 -0.0486441 0.0332891 0.0864727 0.0430142 0.133524 0.111203 0.130043 0.115418 0.0949172 0.106052 0.123736 0.118068 0.133243 0.136577 0.131119 0.136054 0.136061
internal_weight=238914 67862.2 171052 14258.5 57184.5 56015.8 5566.35 4503.55 156794 26680.1 8103.03 10677.7 1457.87 55454.8 710.753 1168.66 362.986 8692.16 1062.79 9219.79 2688.18 534.574 805.674 747.113 561.059 18577.1 130113 3896.65 8157.59 6531.61
internal_count=866310 697722 168588 55470 684415 679958 48922 46828 113118 36744 22556 13307 5095 678867 4241 4457 1999 6548 2094 8212 4059 1509 2458 854 1091 14188 76374 3351 5039 4153
is_linear=0
shrinkage=0.05


Tree=7
num_leaves=31
num_cat=0
split_feature=3 0 4 2 3 3 2 3 1 2 2 4 1 3 2 4 0 3 0 3 0 4 8 3 0 4 4 1 0 0
split_gain=455961 60321 12974.1 9159.38 10652.8 8528.21 2204.55 681.462 654.502 725.943 597.289 519.187 418.212 1591.79 642.562 378.198 954.096 321.845 286.703 251.401 215.727 174.655 160.88 81.5285 1014.05 78.4164 55.3731 36.2183 26.9714 16.8861
threshold=0.16397849470376971 0.47222222387790685 1.0000000180025095e-35 0.39780220389366155 0.29705883562564855 0.082207206636667265 0.83424907922744762 0.47338935732841497 0.40682870149612432 0.13873296231031421 0.2290398105978966 1.0000000180025095e-35 0.28464819490909582 0.2639319002628327 0.56992483139038097 1.0000000180025095e-35 0.31666667759418493 0.061553031206130988 0.61250001192092907 0.0745370388031006 0.19090909510850909 0.51869320869445812 13.500000000000002 0.24499999731779101 0.31666667759418493 0.33215962350368505 0.54598310589790355 0.39314988255500799 0.63068181276321422 0.11805555596947671
decision_type=2 2 2 2 2 2 2 2 2 2 2 2 2 2 2 2 2 2 2 2 2 2 2 2 2 2 2 2 2 2
left_child=1 6 22 4 8 17 15 10 9 -2 -6 -8 13 14 -5 16 -1 -4 -7 -13 -15 -9 27 24 -14 -25 -17 -3 -24 -10
right_child=3 2 5 12 7 18 11 21 29 -11 -12 19 23 20 -16 26 -18 -19 -20 -21 -22 -23 28 25 -26 -27 -28 -29 -30 -31
leaf_value=-0.04709887619014072 0.06523293569244637 0.16094122898175581 -0.054745794051690104 -0.036787487656287012 0.12727550901381368 0.07197090774338033 0.13316043776776784 0.14330986765364931 0.15662857575826153 -0.045293096920589485 0.043293570251492164 -0.058414396684079162 0.048378904255484696 0.086186938528409293 0.1252950266533748 -0.054186335651841146 0.052420715395835815 0.019058321790943716 0.12016286820058041 0.091284651005292261 0.12733155680375771 0.11368227420058918 0.22506727026925819 0.12876154394739431 0.12651036012702951 0.12548625626753634 0.023514703943121527 0.12755632413329041 0.131031764228246 0.10450192194117945
leaf_weight=1426.9844718873501 162.05628198385239 82.396195873618126 2146.5935306027532 249.32266848534346 316.90254975110292 446.73030532151461 187.0846640765667 607.37614756822586 28.203412532806396 1784.4020778611302 637.84656211733818 72.681543163955212 456.49456459283829 382.9873705804348 81.018442906439304 52401.501062199473 289.7302270680666 158.63164506852627 998.256712064147 45.667773768305779 1894.3690356984735 2747.8440503925085 50.291765972971916 20937.792137496173 4600.5420584827662 143673.43760199845 22.939051702618599 5787.9355193674564 8.9881709814071638 34.592011064291
leaf_count=17680 1079 115 19378 2532 778 1590 131 613 27 20791 3153 624 2283 886 104 686491 2115 815 850 75 1100 2823 61 11970 3153 80929 159 3930 5 70
internal_value=0.0821725 -0.0321932 0.0828173 0.123237 0.0641148 0.0100291 -0.0526404 0.10844 -0.0309654 -0.036091 0.0711691 0.0813118 0.125405 0.105534 0.00296437 -0.0533961 -0.0303029 -0.049667 0.105264 -0.000649617 0.120412 0.119046 0.128853 0.125711 0.119457 0.125903 -0.0541523 0.128025 0.210809 0.127914
internal_weight=242722 64126.4 9679.82 178595 6319.22 3750.21 54446.6 4309.97 2009.25 1946.46 954.749 305.434 172276 2607.7 330.341 54141.2 1716.71 2305.23 1444.99 118.349 2277.36 3355.22 5929.61 169668 5057.04 164611 52424.4 5870.33 59.2799 62.7954
internal_count=866310 734019 26744 132291 29334 22633 707275 7367 21967 21870 3931 830 102957 4622 2636 706445 19795 20193 2440 699 1986 3436 4111 98335 5436 92899 686650 4045 66 97
is_linear=0
shrinkage=0.05


Tree=8
num_leaves=31
num_cat=0
split_feature=0 4 1 0 4 1 6 6 4 0 2 1 4 2 2 0 1 2 4 2 1 2 4 0 0 6 2 4 2 2
split_gain=312196 81596.7 12434.7 9026.11 16084.7 4364.63 4096.75 1499.54 1339.65 2058.94 1764.39 1269.37 1501.95 954.544 653.864 649.324 865.462 553.894 485.409 349.182 279.452 240.864 51.6156 37.6091 113.531 36.861 21.3025 18.3993 29.9326 17.3376
threshold=0.31666667759418493 0.50225225090980541 0.61451050639152538 0.41428571939468389 0.32620137929916387 0.72821971774101268 1.0000000180025095e-35 1.0000000180025095e-35 0.32444286346435552 0.61250001192092907 0.84889996051788341 0.35781671106815344 0.66807910799980175 0.13873296231031421 0.18808962404727939 0.10555555671453477 0.71563342213630687 0.21483516693115237 0.40642170608043676 0.70659971237182628 0.81934732198715221 0.23606811463832858 0.47395551204681402 0.080128207802772536 0.16025641560554507 1.0000000180025095e-35 0.68457102775573742 0.39408509433269506 0.7933771312236787 0.40936473011970526
decision_type=2 2 2 2 2 2 2 2 2 2 2 2 2 2 2 2 2 2 2 2 2 2 2 2 2 2 2 2 2 2
left_child=1 2 6 4 5 7 13 -2 9 10 -5 12 14 -1 -3 26 -17 -8 19 -6 -7 -14 -20 29 -25 -11 -4 28 -10 -13
right_child=3 11 15 8 18 20 17 -9 27 25 -12 23 21 -15 -16 16 -18 -19 22 -21 -22 -23 -24 24 -26 -27 -28 -29 -30 -31
leaf_value=0.006741019466668015 -0.026585285226561263 0.10082208627293572 0.13127387114394237 0.066912623026774684 0.019782508492401436 0.058806236037048758 0.12503180353590318 0.11127349706069489 0.10652176718349926 0.11243723306684761 0.11172287167419058 0.12866632373903802 0.11766950112256964 -0.050258429067417176 0.0095058124311511605 0.0026052226943733808 0.10959006371254754 0.035143904860455127 0.096867533375078155 0.10466724719380292 0.11275855866474838 0.087579190359386216 0.11607961995682069 0.038970691082717369 0.11270888096694619 0.11751116699447746 0.11491005305437801 0.11669490501031586 0.11569209788107158 0.11790141491967199
leaf_weight=745.52113933116198 3968.4846399873495 257.1838173866272 503.05525612086058 5419.948560141027 232.85176533460617 368.17620711773634 229.92584422975779 207.57324884831905 1146.3252735435963 16341.760026343167 3693.9190368279815 404.10005562007427 1198.6142579913139 49706.708965681493 824.47667438536882 346.77219522744417 415.58083307743073 673.08082412928343 364.52660705894232 252.55830688029528 689.45008862018585 1494.0238552242517 8537.8077041432261 53.55810259282589 2058.0394354015589 4583.3977481350303 328.9281058460474 130495.36185141653 3977.1313028559089 5026.7860752120614
leaf_count=7005 45259 449 455 20410 1659 1714 384 285 1257 12509 2986 237 927 668602 5169 3179 563 3874 571 360 685 2256 4937 129 1404 2482 353 71141 2333 2736
internal_value=0.0774091 -0.0172114 -0.0432576 0.11114 0.0734815 0.00324562 -0.0475269 -0.0197329 0.114463 0.10491 0.0850746 0.104655 0.0809827 -0.0494162 0.0312179 0.09426 0.0609258 0.0580314 0.112638 0.0639479 0.0939769 0.100974 0.115293 0.116501 0.110839 0.113549 0.124804 0.11658 0.11364 0.118702
internal_weight=244546 64266.4 52949.6 180279 14621.4 5233.68 51355.2 4176.06 165658 30039 9113.87 11316.8 3774.3 50452.2 1081.66 1594.34 762.353 903.007 9387.74 485.41 1057.63 2692.64 8902.33 7542.48 2111.6 20925.2 831.983 135619 5123.46 5430.89
internal_count=866310 697722 684415 168588 55470 47943 679865 45544 113118 38387 23396 13307 8801 675607 5618 4550 3742 4258 7527 2019 2399 3183 5508 4506 1533 14991 808 74731 3590 2973
is_linear=0
shrinkage=0.05


Tree=9
num_leaves=31
num_cat=0
split_feature=0 4 1 0 4 2 2 1 4 4 2 0 0 2 8 1 1 2 2 4 2 2 2 0 1 4 5 4 0 2
split_gain=272491 74193.9 10653.8 7722.83 14051.4 4146.95 2153.7 1572.3 1887.59 1287.61 1933.25 1543.51 1053.63 1156.26 1018.01 965.888 653.863 630.552 290.61 236.109 203.716 203.025 107.618 46.5543 153.157 28.724 19.8431 19.3631 33.5031 12.2266
threshold=0.31666667759418493 0.48507130146026617 0.58898946642875682 0.41428571939468389 0.35316231846809393 0.7933771312236787 0.13873296231031421 0.35781671106815344 0.62981480360031139 0.32366947829723364 0.78611555695533764 0.61250001192092907 0.10555555671453477 0.76506900787353527 4.5000000000000009 0.80178570747375499 0.45889639854431158 0.18808962404727939 0.23606811463832858 0.44198286533355718 0.85880398750305187 0.6900656819343568 0.87585616111755382 0.074175827205181136 0.51925924420356762 1.0000000180025095e-35 1.0000000180025095e-35 0.40108695626258856 0.61250001192092907 0.40936473011970526
decision_type=2 2 2 2 2 2 2 2 2 2 2 2 2 2 2 2 2 2 2 2 2 2 2 2 2 2 2 2 2 2
left_child=1 2 6 4 5 15 14 8 17 10 11 -5 25 -14 -1 -2 -8 -3 -10 21 -7 -6 -12 29 -25 -4 -21 28 -11 -9
right_child=3 7 12 9 19 20 16 23 18 27 22 -13 13 -15 -16 -17 -18 -19 -20 26 -22 -23 -24 24 -26 -27 -28 -29 -30 -31
leaf_value=0.090114906773684458 -0.021635535651212637 0.087971406500578567 -0.062607866459641809 0.057083375677112205 0.034937305380782317 0.056632451345136572 -0.050656482258084605 0.11945710705272646 0.10874389610491986 0.10067705034559292 0.098656834805182031 0.1039117532732818 -0.012963314094257784 0.099454282104012637 -0.016490351830632719 0.12574700507297423 -0.027266969103031065 -0.0051911162229326194 0.077265251372386615 0.10532121373822732 0.10335573088319959 0.10007702399787272 0.10678997762460057 0.074717897056512078 0.1089523524933195 0.11640789968113351 0.11020344087971459 0.10931381942738277 0.10888335889635846 0.11061984553050415
leaf_weight=385.16247942298651 4133.0011103674769 229.93215005844831 2.2465900704264632 4466.3501887694001 206.17478031665087 327.94301732629538 44702.396788723767 423.36895270645618 1314.6798493936658 1790.575376033783 5265.9829552322626 2903.6831256523728 492.83492416143417 426.82785672694445 535.00077807158232 114.23942805081606 3202.061231687665 864.5241878554225 1657.6782287731767 3355.4438301250339 808.29882290959358 284.92822984606028 17868.827917419374 399.97102980315685 1783.4130597263575 868.79004941135645 5480.3858957141638 131714.41733627021 4072.5503820255399 5181.7490362823009
leaf_count=1734 46690 506 20 17974 1066 1362 628076 246 1057 1676 5820 2374 5199 663 5488 138 39970 6564 2775 2222 732 323 12154 628 1042 957 2937 70795 2325 2797
internal_value=0.0732779 -0.0168732 -0.0432445 0.104088 0.0693478 0.00502651 -0.0476376 0.0957169 0.0705181 0.107128 0.0978342 0.0755331 0.0765368 0.0392112 0.0281325 -0.0176713 -0.0490931 0.0143812 0.0911883 0.106474 0.0898704 0.0727301 0.104939 0.108875 0.102681 0.115946 0.108349 0.109189 0.106377 0.111287
internal_weight=245263 62470.6 50615.3 182793 14710.4 5383.48 48824.6 11855.3 4066.81 168082 30504.8 7370.03 1790.7 919.663 920.163 4247.24 47904.5 1094.46 2972.36 9326.93 1136.24 491.103 23134.8 7788.5 2183.38 871.037 8835.83 137578 5863.13 5605.12
internal_count=866310 697722 682107 168588 55470 48922 675268 15615 10902 113118 38322 20348 6839 5862 7222 46828 668046 7070 3832 6548 2094 1389 17974 4713 1670 977 5159 74796 4001 3043
is_linear=0
shrinkage=0.05


Tree=10
num_leaves=31
num_cat=0
split_feature=3 4 0 1 3 0 3 1 0 3 0 1 3 9 4 1 3 0 0 1 4 4 0 4 3 4 3 0 1 4
split_gain=315117 46395.5 9162.55 6343.42 8331.17 5426.47 2720.82 826.037 695.857 679.488 494.88 494.861 486.607 427.485 382.966 219.31 1077.26 430.58 203.451 280.459 187.587 135.074 168.685 111.298 107.647 93.5442 76.8169 65.7626 55.6042 24.7658
threshold=0.15075758099555972 1.0000000180025095e-35 0.31666667759418493 0.26500600576400762 0.2639319002628327 0.61250001192092907 0.050641026347875602 0.85857143998146068 0.31666667759418493 0.47338935732841497 0.2264957278966904 0.63245612382888805 0.054804805666208274 34.500000000000007 0.56021979451179515 0.32466214895248419 0.2639319002628327 0.47222222387790685 0.47222222387790685 0.66384181380271923 0.46563534438610082 0.2996350377798081 0.61250001192092907 0.36406117677688604 0.21807064861059192 0.36971411108970648 0.35504202544689184 0.2264957278966904 0.48435972630977636 0.23509672284126285
decision_type=2 2 2 2 2 2 2 2 2 2 2 2 2 2 2 2 2 2 2 2 2 2 2 2 2 2 2 2 2 2
left_child=1 2 11 4 8 7 23 14 13 10 -6 27 -9 -2 -3 16 17 -5 19 -4 -11 22 -17 -7 -23 -8 -18 -1 -20 -10
right_child=3 5 18 15 9 6 25 12 29 20 -12 -13 -14 -15 -16 21 26 -19 28 -21 -22 24 -24 -25 -26 -27 -28 -29 -30 -31
leaf_value=-0.052711313803961019 -0.046202035447365633 -0.053242244768768134 0.031209101287774339 -0.029442519170828369 0.039597377481865211 -0.056080043773265822 0.077684691846450812 -0.061086201703451096 0.15451115101572477 0.1224907563130465 0.10825927696429304 0.11031645925647891 0.094390346865957542 0.046506507247839786 0.095397266656587584 0.11328625973308425 0.065941252479567697 0.11779811254083988 0.12733040325396702 0.1088673127396786 0.092956073107972104 0.090710984293337987 0.10397513938285108 0.13919222220376379 0.10308038362394432 0.10853203507609901 0.10347608948511358 -0.018244120301237364 0.10449942963861887 0.094338020780946691
leaf_weight=1085.9993470087647 1715.3898717984557 48381.725700199604 225.45539989322424 243.39744752645493 1033.5798664018512 467.95861253142357 506.85836482793093 75.467595160007477 25.999847739934921 634.63409197330475 351.73230295628309 51.182871550321579 151.05964116752148 134.0607023909688 43.373160041868687 7388.8605462908745 146.29544646292925 62.376830413937569 279.12848016619682 240.04715751856565 3517.1030035018921 1779.3290799707174 14236.092926874757 7.4126417636871329 153366.64501996338 477.10461856424809 1997.048903927207 158.60156179219484 5982.2057365626097 49.952529102563858
leaf_count=15459 22160 701893 1867 2751 5094 3505 644 545 24 575 211 143 167 851 121 5117 398 40 324 358 3194 2516 7548 15 83145 289 1403 2099 3787 67
internal_value=0.0697125 -0.0319413 0.0796942 0.101368 0.0561998 -0.0498139 0.0451884 -0.0526635 -0.0333905 0.0873531 0.0570307 -0.0420531 0.0425933 -0.0394819 -0.0531091 0.103249 0.0883891 0.000594029 0.103146 0.0712554 0.0974707 0.103455 0.107157 -0.0530351 0.102939 0.092642 0.100914 -0.0483191 0.105517 0.114936
internal_weight=244816 58133.6 8022.62 186682 7462.45 50111 1459.33 48651.6 1925.4 5537.05 1385.31 1295.78 226.527 1849.45 48425.1 179220 2449.12 305.774 6726.84 465.503 4151.74 176771 21625 475.371 155146 983.963 2143.34 1244.6 6261.33 75.9524
internal_count=866310 731216 24037 135094 32176 707179 4453 702726 23102 9074 5305 17701 712 23011 702014 102918 4592 2791 6336 2225 3769 98326 12665 3520 85661 933 1801 17558 4111 91
is_linear=0
shrinkage=0.05


Tree=11
num_leaves=31
num_cat=0
split_feature=3 0 9 2 3 3 2 9 0 9 3 2 1 1 0 2 3 0 1 9 5 1 8 5 3 0 9 3 0 3
split_gain=280988 41527.7 6740.83 5741.55 6994.49 3019.2 1584.78 716.951 548.596 491.686 465.272 468.628 459.173 456.973 307.544 258.28 1095.82 301.944 246.001 223.608 220.502 158.4 123.046 114.144 78.0551 767.299 76.7254 74.0157 33.7658 21.8019
threshold=0.15075758099555972 0.47222222387790685 25.500000000000004 0.39780220389366155 0.29705883562564855 0.082207206636667265 0.83424907922744762 45.500000000000007 0.61250001192092907 20.500000000000004 0.56385868787765514 0.23606811463832858 0.41421362757682806 0.82426470518112194 0.61250001192092907 0.45407685637474066 0.29705883562564855 0.31666667759418493 0.66384181380271923 27.500000000000004 1.0000000180025095e-35 0.24417344480752948 4.5000000000000009 1.0000000180025095e-35 0.24499999731779101 0.38750000298023229 63.500000000000007 0.098387096077203764 0.074175827205181136 0.029857398010790352
decision_type=2 2 2 2 2 2 2 2 2 2 2 2 2 2 2 2 2 2 2 2 2 2 2 2 2 2 2 2 2 2
left_child=1 6 5 4 7 9 18 12 13 -3 11 -6 -2 -4 -7 16 17 -5 26 27 -20 -18 -9 -12 25 -17 -1 -8 -26 -21
right_child=3 2 8 15 10 14 19 22 -10 -11 23 -13 -14 -15 -16 24 21 -19 20 29 -22 -23 -24 -25 28 -27 -28 -29 -30 -31
leaf_value=-0.053232736515919546 -0.041803718251826473 -0.050791461914292027 0.046586342234709796 -0.014473222438396192 0.096422949808508865 0.024683835898159617 -0.025450574433293072 0.13899990550698749 0.095564239303336074 0.021213698296937755 0.10286011990135578 0.038388392399873968 0.097500201626950389 0.093566578285144003 0.086503936703220541 0.043444164071535452 0.044875508706828798 0.11438611828868035 -0.024536130592592784 0.092531941171577925 0.25214854265782205 0.099570795550779717 0.038143968747259484 0.083797899275271787 0.10187010470357805 0.09922939962114706 -0.039868307493602928 0.071856978530912899 0.098072516312180918 0.029071945753410367
leaf_weight=43900.951923951507 1762.9283639490604 1639.3614983558655 1292.5432313755155 326.00626695156097 560.42313423752785 286.24804759025574 77.818099692463875 60.478035651147366 5010.4458853453398 277.16697803884745 1761.1716246455908 917.08083645999432 61.208629675209522 863.33620604872704 676.97600735723972 705.12989537417889 141.95650587975979 52.827186428010464 617.25052505731583 201.24935734272003 7.2858365401625624 1960.6064322143793 60.488450713455677 1417.2984057813883 6066.8805997148156 4898.7722523063421 1100.8654178529978 26.095254734158516 166265.56557767093 14.510045088827608
leaf_count=681152 23221 14404 5223 3227 1060 1175 550 130 3142 1317 1384 3533 99 729 598 2980 409 90 6617 196 14 1351 358 1390 3454 2943 16019 34 89465 46
internal_value=0.0666996 -0.0315611 0.0605266 0.0961182 0.0503173 -0.00408335 -0.051696 -0.0293123 0.0864898 -0.0403781 0.0835838 0.0604011 -0.0371294 0.0653999 0.0681324 0.097794 0.0817741 0.00349583 -0.0524733 0.0592432 -0.0213083 0.095878 0.0885676 0.0943602 0.0980174 0.09221 -0.0529058 -0.0010142 0.0982062 0.0882642
internal_weight=243011 55992.1 10046.1 187019 6601.08 2879.75 45946 1945.1 7166.33 1916.53 4655.97 1477.5 1824.14 2155.88 963.224 180418 2481.4 378.833 45626.4 319.673 624.536 2102.56 120.966 3178.47 177936 5603.9 45001.8 103.913 172332 215.759
internal_count=866310 731216 26588 135094 31175 17494 704628 23808 9094 15721 7367 4593 23320 5952 1773 103919 5077 3317 703802 826 6631 1760 488 2774 98842 5923 697171 584 92919 242
is_linear=0
shrinkage=0.05


Tree=12
num_leaves=31
num_cat=0
split_feature=3 4 0 1 3 0 3 2 0 3 3 0 1 9 4 3 0 1 0 0 1 0 4 2 4 2 4 2 8 1
split_gain=252287 40657.9 7331.68 5334.21 6740.71 4833.36 2251.91 932.329 636.88 609.356 497.868 452.574 435.37 374.523 368.512 181.042 1233.34 979.176 175.716 137.584 203.209 105.869 103.42 98.8259 96.1068 147.811 84.7459 77.8057 71.4864 31.7755
threshold=0.15075758099555972 1.0000000180025095e-35 0.31666667759418493 0.27178031206130987 0.2639319002628327 0.61250001192092907 0.050641026347875602 0.89498746395111095 0.31666667759418493 0.43874999880790716 0.065591398626565947 0.2264957278966904 0.63245612382888805 34.500000000000007 0.56021979451179515 0.24499999731779101 0.31666667759418493 0.47114317119121557 0.16025641560554507 0.47222222387790685 0.66384181380271923 0.47222222387790685 0.36406117677688604 0.52976614236831676 0.33454988896846777 0.78611555695533764 0.37544326484203344 0.62115561962127697 13.500000000000002 0.32466214895248419
decision_type=2 2 2 2 2 2 2 2 2 2 2 2 2 2 2 2 2 2 2 2 2 2 2 2 2 2 2 2 2 2
left_child=1 2 12 4 8 7 22 14 13 11 -9 -6 27 -2 -3 16 17 -5 -11 20 -4 -18 -7 -14 25 -17 -8 -1 -21 -26
right_child=3 5 19 15 9 6 26 10 -10 18 -12 -13 23 -15 -16 24 21 -19 -20 28 -22 -23 -24 -25 29 -27 -28 -29 -30 -31
leaf_value=-0.050544530101852871 -0.045406627244616124 -0.052840165358410275 0.032519921294806513 -0.028862176872736733 0.030425521188606128 -0.055410956718201655 0.068978995602199791 -0.061203917050359706 0.10240524217118024 0.077712772948926145 0.095933523330775358 0.097465888369962547 0.34542703616283366 0.039291876148893651 0.087422670794785842 0.10358828259964181 0.067542701144515757 0.09334720937232871 0.097753508854004717 0.094653498275661288 0.098507337794960292 0.095095569384849074 0.12889778676318492 0.080241457317693804 0.086534799633893433 0.094334446961556795 0.098205148211037221 0.0070455884500054125 0.14385852270818369 0.093275611850179296
leaf_weight=1082.2632798999548 1627.4837821088731 44248.086705647409 222.42663733661175 399.53430906683207 991.7816905900836 441.26511699706316 530.99264517426491 73.139408744871616 83.859134800732136 2658.7920261919498 162.18481679260731 337.37958360463381 3.7833912447094908 141.89658561348915 46.877750314772129 5780.1714714765549 376.34089190512896 277.91742303222418 1858.178460970521 6225.2390051484108 245.38038451224566 4736.456352442503 7.7447517216205588 49.207081079483032 1769.112975038588 17026.403977349401 465.46206013858318 62.008547730743885 74.70071841776371 148358.00501354039
leaf_count=16785 22500 701914 1867 3854 4873 3505 660 548 95 3151 142 205 8 864 122 3517 744 561 1025 4045 358 2716 15 135 1700 9041 273 773 66 80248
internal_value=0.0640546 -0.0311755 0.0731175 0.0916089 0.0508598 -0.0492436 0.0407381 -0.0521644 -0.032233 0.0772005 0.0470948 0.0474423 -0.0409353 -0.0386142 -0.0526917 0.0933644 0.0846676 0.0212729 0.0859571 0.0932943 0.0671325 0.0930675 -0.0522319 0.0991751 0.0936556 0.0966798 0.0826311 -0.0474237 0.0952369 0.0931962
internal_weight=240364 53940.8 7965.01 186423 7699.37 45975.8 1445.46 44530.3 1853.24 5846.13 235.324 1329.16 1197.26 1769.38 44295 178724 5790.25 677.452 4516.97 6767.75 467.807 5112.8 449.01 52.9905 172934 22806.6 996.455 1144.27 6299.94 150127
internal_count=866310 731216 24037 135094 32713 707179 4453 702726 23459 9254 690 5078 17701 23364 702036 102381 7875 4415 4176 6336 2225 3460 3520 143 94506 12558 933 17558 4111 81948
is_linear=0
shrinkage=0.05


Tree=13
num_leaves=31
num_cat=0
split_feature=3 4 0 2 3 0 3 2 9 3 3 4 0 2 4 8 4 3 2 0 0 8 2 4 0 4 4 2 8 2
split_gain=227766 37900.3 6573.43 4910.9 6333.04 4584.42 2039.79 883.214 666.435 447.449 420.856 506.608 410.843 379.625 343.423 153.279 146.205 143.282 1000.89 487.115 141.059 175.451 96.4132 92.3964 87.6077 75.3491 63.0333 86.787 49.8727 24.3013
threshold=0.15075758099555972 1.0000000180025095e-35 0.31666667759418493 0.423303171992302 0.29705883562564855 0.61250001192092907 0.054804805666208274 0.89498746395111095 33.500000000000007 0.065591398626565947 0.56385868787765514 0.36406117677688604 0.31666667759418493 0.72046512365341198 0.54598310589790355 7.5000000000000009 0.51869320869445812 0.24499999731779101 0.56992483139038097 0.47222222387790685 0.47222222387790685 1.0000000180025095e-35 0.63702240586280834 0.36406117677688604 0.2264957278966904 0.36971411108970648 0.32620137929916387 0.78611555695533764 13.500000000000002 0.54085850715637218
decision_type=2 2 2 2 2 2 2 2 2 2 2 2 2 2 2 2 2 2 2 2 2 2 2 2 2 2 2 2 2 2
left_child=1 2 13 4 8 7 23 14 12 -9 11 -6 -2 24 -3 -10 -12 18 19 -5 21 -4 -20 -7 -1 -8 27 -19 -22 -28
right_child=3 5 20 17 10 6 25 9 15 -11 16 -13 -14 -15 -16 -17 -18 26 22 -21 28 -23 -24 -25 -26 -27 29 -29 -30 -31
leaf_value=-0.051959411086262841 -0.041246867445784131 -0.052610462663305019 0.11397638672781403 -0.0079551133756670042 0.11011612084999722 -0.054013912978394023 0.065351171480768508 -0.06057421969791793 0.090439020355094005 0.090255543311998268 0.10631208283416449 0.043293543765662523 0.099389068011246737 0.097506253324488978 0.073957417281854537 0.0034542374115645574 0.080636341640279247 0.097614357434993415 0.059758880183425282 0.10375294971171525 0.090206324177263597 0.044643499737900105 0.090081411990881419 0.11529012830592522 -0.010816947391558864 0.092912332436464323 0.08614000223263954 0.090337176371043354 0.13038726472816467 0.089411161541428238
leaf_weight=956.00426500663161 1760.1681731492281 42270.550494316965 122.91212106496096 425.92824075743556 350.47914023697376 429.44727113097906 510.7477462887764 70.27722156047821 129.598403070122 163.72441636025906 672.47505304217339 1487.262672521174 53.509247347712517 47.816436350345612 53.662829242646694 83.131018038839102 3158.8182548284531 5463.2316774949431 277.04159480333328 126.59508377313614 6205.9270752966404 354.17902186512947 4876.082843311131 8.2127307802438718 149.6437299773097 482.01809002459049 5910.8639491274953 16383.241289764643 78.198890864849091 143885.0648330301
leaf_count=15472 24535 701866 207 3222 685 3524 625 548 475 142 547 4369 94 114 170 623 2651 3239 643 89 4045 2018 3065 15 2115 289 4204 8766 66 77887
internal_value=0.0617294 -0.0308317 0.0698956 0.0876921 0.0485891 -0.0489551 0.0390891 -0.0519144 -0.0272775 0.0449572 0.0757078 0.0560374 -0.0370977 -0.0404258 -0.05245 0.0564469 0.085143 0.0893889 0.081594 0.0176396 0.0887164 0.0625056 0.0884512 -0.0508369 -0.046391 0.078733 0.089648 0.092157 0.0907063 0.0892821
internal_weight=236947 51903.3 7914.68 185043 7695.44 43988.6 1430.43 42558.2 2026.41 234.002 5669.04 1837.74 1813.68 1153.46 42324.2 212.729 3831.29 177348 5705.65 552.523 6761.22 477.091 5153.12 437.66 1105.65 992.766 171642 21846.5 6284.13 149796
internal_count=866310 731216 24037 135094 33979 707179 4453 702726 25727 690 8252 5054 24629 17701 702036 1098 3198 101115 7019 3311 6336 2225 3708 3539 17587 914 94096 12005 4111 82091
is_linear=0
shrinkage=0.05


Tree=14
num_leaves=31
num_cat=0
split_feature=3 0 9 1 3 3 2 0 2 0 0 9 1 9 2 2 1 3 0 1 2 1 0 1 0 0 9 2 2 2
split_gain=206603 34278.3 4875.82 4684.48 5667.77 2356.68 1366.85 618.193 1478.82 571.074 454.21 426.98 358.073 331.105 329.414 210.661 209.789 144.756 1021.82 1037.87 95.2542 93.8785 88.6015 60.9022 31.2118 395.521 31.3383 25.1509 18.9024 15.3864
threshold=0.15075758099555972 0.47222222387790685 25.500000000000004 0.28464819490909582 0.2639319002628327 0.082207206636667265 0.80229884386062633 0.19090909510850909 0.25143678486347204 0.31666667759418493 0.61250001192092907 17.500000000000004 0.82426470518112194 27.500000000000004 0.13873296231031421 0.75147059559822094 0.82807883620262157 0.26969698071479803 0.31666667759418493 0.52223318815231334 0.90999102592468273 0.53923079371452343 0.47222222387790685 0.69337606430053722 0.074175827205181136 0.16025641560554507 31.500000000000004 0.46709956228733068 0.44552318751811987 0.65166836977005016
decision_type=2 2 2 2 2 2 2 2 2 2 2 2 2 2 2 2 2 2 2 2 2 2 2 2 2 2 2 2 2 2
left_child=1 6 5 4 9 11 16 8 -6 14 12 -3 -4 20 -2 -7 21 18 19 -5 -8 -1 -20 -15 26 -26 -19 -11 -9 -18
right_child=3 2 10 17 7 15 13 28 -10 27 -12 -13 -14 23 -16 -17 29 24 22 -21 -22 -23 -24 -25 25 -27 -28 -29 -30 -31
leaf_value=-0.05255060555690555 0.031676651846548699 -0.052131259459504586 0.039830330357821943 -0.014811193249129221 0.083178040594043781 0.012027246665358891 -0.042494625450070177 0.095674319286070703 0.020175635741271347 0.14469986026182666 0.083652562480902692 0.0067325435177036349 0.081373183073767064 -0.019004490833028204 -0.044156519020490524 0.070865969306708201 0.10974745147554184 0.089108387567750996 0.067558020995046195 0.09198150846193423 0.050571765318668728 -0.041386959390882785 0.086731371315539693 0.077972037787773105 -0.009290618154280967 0.086241955844129581 0.11286942818593074 0.078255777456061743 0.086205060828182356 0.026019949989901814
leaf_weight=37715.834578391165 157.62420037388802 1335.082768291235 1316.7309949249029 538.82605198770761 2243.238224633038 189.7698976919055 116.12225707620382 767.46129646897316 1592.713094048202 17.658053517341614 4910.7170472294092 400.48238825798035 855.85045927762985 17.297336004674435 1565.6684623882174 766.85153652727604 19.765765026211742 6853.0160246342421 650.55098321288824 393.7765925526619 36.023145206272602 1982.1604177318513 8164.1861436516047 252.83590128272772 108.41865826398134 158070.87637726963 141.63443669676781 73.627062313258648 1682.1673326045275 7.5956829115748397
leaf_count=672632 1124 13395 5223 4196 2717 947 1028 467 5520 30 3142 2326 729 117 22945 826 19 3969 961 428 113 30313 4658 374 299 86672 85 76 947 32
internal_value=0.0596572 -0.0305025 0.0534609 0.0842502 0.0470775 -0.00381742 -0.0509466 0.0695496 0.057019 -0.0307645 0.0752309 -0.0385484 0.0561954 0.0385352 -0.0372203 0.0591938 -0.0518978 0.0859716 0.0800506 0.0302803 -0.0204595 -0.0519932 0.0853163 0.0717624 0.086321 0.0861765 0.0895895 0.0911086 0.0891718 0.0865043
internal_weight=232945 49923.1 9775.49 183021 8100.16 2692.19 40147.6 6285.58 3835.95 1814.58 7083.3 1735.57 2172.58 422.279 1723.29 956.621 39725.4 174921 9747.34 932.603 152.145 39698 8814.74 270.133 165174 158179 6994.65 91.2851 2449.63 27.3614
internal_count=866310 731216 26588 135094 33826 17494 704628 9651 8237 24175 9094 15721 5952 1632 24069 1773 702996 101268 10243 4624 1141 702945 5619 491 91025 86971 4054 106 1414 51
is_linear=0
shrinkage=0.05


Tree=15
num_leaves=31
num_cat=0
split_feature=3 4 1 3 1 1 3 4 3 9 4 6 9 1 1 9 3 1 9 3 8 8 4 1 8 4 8 4 1 1
split_gain=188268 33606 4450.82 5141.68 3878.62 3397.08 1715.19 851.621 585.254 444.24 375.597 345.832 324.197 319.634 273.161 162.724 157.089 849.762 274.183 148.051 144.956 112.004 79.6932 74.3209 62.6072 48.2312 47.3852 45.9371 40.9096 30.6327
threshold=0.1490740776062012 1.0000000180025095e-35 0.27823315560817724 0.2639319002628327 0.42724868655204779 0.80178570747375499 0.054804805666208274 0.48507130146026617 0.43874999880790716 34.500000000000007 0.62981480360031139 1.0000000180025095e-35 14.500000000000002 0.44862772524356848 0.52679425477981578 49.500000000000007 0.24499999731779101 0.44562648236751562 42.500000000000007 0.76696833968162548 7.5000000000000009 2.5000000000000004 0.37544326484203344 0.57275134325027477 15.500000000000002 0.32620137929916387 1.0000000180025095e-35 0.36406117677688604 0.64760348200798046 0.36700680851936346
decision_type=2 2 2 2 2 2 2 2 2 2 2 2 2 2 2 2 2 2 2 2 2 2 2 2 2 2 2 2 2 2
left_child=1 4 3 9 15 7 27 11 12 10 -2 -3 -5 -9 24 26 17 18 -4 -10 -11 -17 -8 -19 -6 28 -1 -7 -18 -27
right_child=2 5 16 8 14 6 22 13 19 20 -12 -13 -14 -15 -16 21 25 23 -20 -21 -22 -23 -24 -25 -26 29 -28 -29 -30 -31
leaf_value=0.010326864558455898 -0.043622590213835133 -0.052076809941545045 0.0015205222898546256 0.023947212601870473 0.035487304611010913 -0.055025274959912662 0.057952114142705125 -0.024317458642022293 0.065613852103077172 0.070586906267564517 0.11047489006063765 0.0043091547107032349 0.07786387750674742 0.10115031561848647 0.082228458860113762 0.04815740144437948 0.089369852497803645 0.064724343047413507 0.084602427219306137 0.083291402097538117 -0.024907314804886036 -0.012893198026073808 0.088584198515279669 0.083590696184955779 0.11232046442894104 0.078154213104610237 -0.041294635650844631 0.10978118647862981 0.084182398994656127 0.082951934935281482
leaf_weight=47.822999477386475 1527.0313886031508 38540.834251556545 480.01879429072142 1060.7743988409638 393.63476114720106 391.58549020439386 439.51724609732628 86.385645933449268 2349.1193111687899 131.21002393215895 40.594350077211857 273.86623422801495 378.21282793581486 123.08862558752298 6223.7653388269246 100.89819172769785 4947.2732357680798 590.88300569355488 125.20632535964251 2388.9204594045877 57.004288423806429 294.12905889004469 410.7687975615263 4478.1531269028783 28.428293712437153 3406.7695355862379 631.24531657993793 4.2743477895855895 16398.225807949901 142116.43298700452
leaf_count=458 23067 698423 3511 4318 2964 3421 624 1086 2682 455 162 2696 875 134 5412 774 3034 1110 296 1661 515 4072 252 2828 86 2790 10271 10 9005 79318
internal_value=0.0577981 -0.0302217 0.0812033 0.0445837 0.0653408 -0.0485413 0.0327255 -0.0511363 0.0660452 -0.0309177 -0.0396322 -0.051679 0.0381183 0.0494083 0.0795887 -0.0228159 0.082887 0.0747056 0.0187081 0.0745269 0.0416647 0.0027004 0.0727503 0.0813915 0.0406624 0.0831652 -0.0376592 -0.0532458 0.0853847 0.0828396
internal_weight=228466 47990.2 180476 7932.87 7719.92 40270.3 1246.15 39024.2 6177.03 1755.84 1567.63 38814.7 1438.99 209.474 6645.83 1074.1 172543 5674.26 605.225 4738.04 188.214 395.027 850.286 5069.04 422.063 166869 679.068 395.86 21345.5 145523
internal_count=866310 730683 135627 33735 24037 706646 4307 702339 9536 24199 23229 701119 5193 1220 8462 15575 101892 7745 3807 4343 970 4846 876 3938 3050 94147 10729 3431 12039 82108
is_linear=0
shrinkage=0.05


Tree=16
num_leaves=31
num_cat=0
split_feature=0 4 1 4 0 6 2 1 4 0 6 2 2 2 0 2 2 2 4 0 2 0 0 1 2 4 4 5 0 4
split_gain=131062 41659.1 6685.94 3393.82 7246.83 2701.4 2026.96 1304.58 1195.29 971.334 846.31 768.965 718.454 578.873 480.88 599.915 263.445 154.501 80.6124 265.203 217.015 70.1661 51.8305 158.861 26.7529 25.09 20.4695 18.1482 38.5973 7.75053
threshold=0.31666667759418493 0.47395551204681402 0.58898946642875682 0.31719042360782629 0.47222222387790685 1.0000000180025095e-35 0.80229884386062633 0.35781671106815344 0.70473173260688793 0.61250001192092907 1.0000000180025095e-35 0.84889996051788341 0.13873296231031421 0.18808962404727939 0.10555555671453477 0.76506900787353527 0.21483516693115237 0.2014492750167847 0.40108695626258856 0.47222222387790685 0.74464204907417308 0.36931818723678594 0.074175827205181136 0.51925924420356762 0.82574188709259044 0.13900966197252276 1.0000000180025095e-35 1.0000000180025095e-35 0.47222222387790685 0.50225225090980541
decision_type=2 2 2 2 2 2 2 2 2 2 2 2 2 2 2 2 2 2 2 2 2 2 2 2 2 2 2 2 2 2
left_child=1 2 5 4 6 12 10 8 13 11 -2 -6 -1 -3 26 -16 -7 -10 19 20 -5 -8 29 -24 -21 -11 -4 28 -20 -9
right_child=3 7 14 18 9 16 21 22 17 25 -12 -13 -14 -15 15 -17 -18 -19 27 24 -22 -23 23 -25 -26 -27 -28 -29 -30 -31
leaf_value=0.0043918273290329815 -0.019188277246413483 0.065840524596945046 -0.068063806059963816 0.01208766917159854 0.045446707294595663 0.088819095329041864 0.053326138519263211 0.094016691045590198 0.081831234412729381 0.080163402312866533 0.078839652046077735 0.075805778857901657 -0.048364596293609362 -0.0049728149299880925 -0.012875438998062426 0.072505752661028364 0.026372970136827802 0.056502651949832131 0.07468508990552343 0.07223223596885732 0.074326109058874865 0.079780292590647922 0.044640840727683068 0.079210688367823814 0.079738690341191465 0.076445023136833337 0.083634202150645098 0.080799864284571643 0.07995883225663937 0.081463336525989555
leaf_weight=657.50194404646754 3417.749657317996 373.46843434125185 2.2296054586768141 293.94241037592292 5169.1014562100172 238.99616760015488 474.95272134244442 125.88942836970091 931.38268618285656 6972.0484983474016 235.33646116405725 3496.7646468281746 34888.519201707095 1269.9562463350594 413.26927188411355 409.68137507140636 575.82333668321371 1702.836455963552 3702.1733249500394 1633.9315678328276 267.53656112775207 530.77276554703712 411.48471481353045 1727.4587162770331 4339.2139571532607 12987.365892328322 848.62011571228504 75055.608140669763 55188.173979647458 5277.9141487255692
leaf_count=6932 47060 685 20 2218 18686 346 1273 97 615 4264 299 2915 663281 8560 5191 659 3480 2179 2808 1665 302 442 700 1057 2595 10515 947 41871 31675 2973
internal_value=0.056115 -0.0153478 -0.0408276 0.0766185 0.0622628 -0.0453254 0.00443154 0.066639 0.0445818 0.071675 -0.0128732 0.0576969 -0.0473888 0.0111195 0.0568796 0.029629 0.0446892 0.0654581 0.0800198 0.0745971 0.0417434 0.0672873 0.0791481 0.0725602 0.0776853 0.0777439 0.0832367 0.0802843 0.0796273 0.0817558
internal_weight=223620 49855 38034.6 173765 33284.1 36360.8 4658.81 11820.4 4277.64 28625.3 3653.09 8665.87 35546 1643.42 1673.8 822.951 814.82 2634.22 140481 6534.62 561.479 1005.73 7542.75 2138.94 5973.15 19959.4 850.85 133946 58890.3 5403.8
internal_count=866310 697722 680856 168588 85454 674039 49074 16866 12039 36380 47359 21601 670213 9245 6817 5850 3826 2794 83134 6780 2520 1715 4827 1757 4260 14779 967 76354 34483 3070
is_linear=0
shrinkage=0.05


Tree=17
num_leaves=31
num_cat=0
split_feature=0 4 1 4 0 6 1 1 4 0 6 2 2 2 0 1 2 1 2 4 0 2 0 1 6 2 4 5 0 4
split_gain=119957 38675.1 6260.23 3327.36 6689.35 2545.93 1881.2 1257.28 1103.38 991.854 797.243 781.376 707.048 512.912 441.198 561.238 235.972 160.825 144.279 67.233 223.972 190.074 44.2575 133.774 24.8448 22.0163 18.639 17.3654 36.7743 6.3992
threshold=0.31666667759418493 0.47395551204681402 0.58898946642875682 0.32510161399841314 0.47222222387790685 1.0000000180025095e-35 0.70659971237182628 0.36700680851936346 0.70473173260688793 0.61250001192092907 1.0000000180025095e-35 0.84889996051788341 0.1627137288451195 0.2014492750167847 0.10555555671453477 0.680425524711609 0.21483516693115237 0.81934732198715221 0.2014492750167847 0.40642170608043676 0.47222222387790685 0.70659971237182628 0.074175827205181136 0.51925924420356762 1.0000000180025095e-35 0.82574188709259044 1.0000000180025095e-35 1.0000000180025095e-35 0.47222222387790685 0.50225225090980541
decision_type=2 2 2 2 2 2 2 2 2 2 2 2 2 2 2 2 2 2 2 2 2 2 2 2 2 2 2 2 2 2
left_child=1 2 5 4 6 12 10 8 13 11 -2 -6 -1 -3 26 -16 -7 -8 -10 20 21 -5 29 -24 -11 -22 -4 28 -21 -9
right_child=3 7 14 19 9 16 17 22 18 24 -12 -13 -14 -15 15 -17 -18 -19 -20 27 25 -23 23 -25 -26 -27 -28 -29 -30 -31
leaf_value=-0.0012148993226602216 -0.02058956366818461 0.059520645438587455 -0.067329226063228872 0.008607996315473208 0.042960220887097132 0.083623153408672421 0.036538241555196325 0.090560593708239129 0.078827707112837833 0.07429601699043907 0.076180272328537857 0.073299978987693457 -0.048107179580574769 -0.0049180444858131335 -0.019839724083372416 0.063984403545047017 0.024793151345395871 0.073793883408427061 0.054352860544484995 0.072364206971508485 0.07041204974788294 0.068802114533789552 0.044187311057176354 0.076716910938281729 0.078567394743696617 0.077399771704570297 0.080302989281088186 0.078403707928331096 0.077571354425450656 0.078995755342053692
leaf_weight=823.76829019933939 3232.4888180308044 409.43154480680823 2.1434202790260306 240.40993455797434 5299.1270815059543 241.09508047997952 491.38985044881701 122.47462970763445 918.84067820012569 15623.665791943669 227.84046327322721 3539.6977117806673 33280.135971520096 1256.5372805818915 347.32431115210056 469.77208086103201 581.73184542357922 705.65677759051323 1747.0638853237033 3618.7940016910434 1557.0295507907867 288.55447623878717 388.47120529040694 1695.2438824959099 4352.8841989561915 4083.6497197896242 839.85074755549431 73488.822729982436 53784.529486157 5123.4227110669017
leaf_count=9733 45843 844 20 1773 18858 346 2627 91 615 12529 299 2974 660480 8459 4761 1089 3480 709 2216 2755 1520 399 645 1057 2486 2471 947 41851 31494 2939
internal_value=0.05451 -0.0150961 -0.0403699 0.0742028 0.0600701 -0.0448777 0.00447228 0.0641957 0.0428401 0.0690563 -0.0142179 0.0551104 -0.0469745 0.0109185 0.0545271 0.0283532 0.0420308 0.0585004 0.0627885 0.0776543 0.0725536 0.0414444 0.0768171 0.0706524 0.0752267 0.0754709 0.0799272 0.0778947 0.0772431 0.0792658
internal_weight=218782 48247.3 36585.8 170535 33472.8 34926.7 4657.38 11661.5 4331.87 28815.4 3460.33 8838.82 34103.9 1665.97 1659.09 817.096 822.827 1197.05 2665.9 137062 6169.64 528.964 7329.61 2083.72 19976.5 5640.68 841.994 130892 57403.3 5245.9
internal_count=866310 697722 680856 168588 86325 674039 49478 16866 12134 36847 46142 21832 670213 9303 6817 5850 3826 3336 2831 82263 6163 2172 4732 1702 15015 3991 967 76100 34249 3030
is_linear=0
shrinkage=0.05


Tree=18
num_leaves=31
num_cat=0
split_feature=3 4 2 3 2 2 3 1 1 9 3 1 1 4 3 2 1 3 2 4 8 2 1 4 4 2 4 2 2 8
split_gain=149584 28402.7 3703.95 4070.09 3280.65 3164.8 1806.99 541.619 525.254 509.52 405.156 549.224 379.599 302.233 133.852 693.031 356.622 131.851 128.06 109.552 103.715 101.858 92.2245 77.8074 54.2778 66.4679 52.0259 26.382 19.9697 18.0373
threshold=0.1490740776062012 1.0000000180025095e-35 0.42776885628700262 0.29705883562564855 0.58643677830696117 0.84273937344551098 0.061553031206130988 0.63714733719825756 0.86425063014030468 33.500000000000007 0.67543861269950878 0.34654632210731512 0.41240409016609197 0.48507130146026617 0.24499999731779101 0.63373982906341564 0.63714733719825756 0.054804805666208274 0.66323024034500133 0.51869320869445812 4.5000000000000009 0.52704679965972911 0.74133810400962841 0.36971411108970648 0.32366947829723364 0.78611555695533764 0.36406117677688604 0.54085850715637218 0.67962265014648449 15.500000000000002
decision_type=2 2 2 2 2 2 2 2 2 2 2 2 2 2 2 2 2 2 2 2 2 2 2 2 2 2 2 2 2 2
left_child=1 4 3 9 7 8 26 21 13 12 11 -5 -2 -3 15 16 -4 -10 22 -12 -11 -1 -6 -8 25 -16 -7 -26 -17 -20
right_child=2 5 14 10 18 6 23 -9 17 20 19 -13 -14 -15 24 28 -18 -19 29 -21 -22 -23 -24 -25 27 -27 -28 -29 -30 -31
leaf_value=-0.0354351980785809 -0.040351229104583823 -0.051770767205077999 0.0066790149307246419 0.033691429004142091 0.029722739398933769 -0.055746301369213325 0.051026915541536572 0.080364525280629762 -0.06112896352974706 0.08143379107432705 0.095062040206520634 0.083993315193513343 0.06714762227374696 0.021385442670495764 0.08333105961332303 0.058862619178925525 0.084674148884233455 0.083238467358753329 0.07600747741254163 0.069401586005834182 0.013905715465933416 0.0037446117308673195 0.087864144111578779 0.079672748547660655 0.072234290301900386 0.076743946471502733 0.076253838682933492 0.075792698733723463 0.076179356004532017 0.12028681708954095
leaf_weight=859.35736455768347 1528.3157011009753 34352.66024152562 614.74339117482305 2031.8401411175728 258.22330804914236 479.49703428521752 494.44494767487049 129.65229345113039 19.157626122236252 105.86612743884325 502.73909620940685 740.3912724852562 86.784786690026522 141.76461840048432 5154.2136150225997 173.03022872284055 192.43781509250402 90.660167761147022 5787.1399358361959 2409.1471034288406 122.83498100563884 205.56825124099851 92.686204515397549 455.35928873717785 5422.9142628386617 14902.474760606885 7.5827188752591601 131916.88043387234 4402.1356136314571 23.090842921286821
leaf_count=15060 24872 700494 3823 5569 1798 3808 646 143 143 306 368 487 162 1182 3190 293 142 68 4611 1906 879 2341 64 288 4111 8669 17 78010 2840 20
internal_value=0.0530398 -0.0298293 0.0741562 0.0398677 0.0597087 -0.0481033 0.0246072 -0.0161248 -0.0511225 -0.0246842 0.0608069 0.0471258 -0.034575 -0.0514701 0.0757419 0.0679884 0.0252736 0.0580537 0.0744119 0.0738319 0.0451646 -0.0278721 0.0450797 0.0647604 0.076007 0.0784367 -0.0536914 0.0756522 0.0755244 0.0761835
internal_weight=213704 43396.8 170307 7527.92 7355.72 36041.1 1436.88 1194.58 34604.2 1843.8 5684.12 2772.23 1615.1 34494.4 162779 5382.35 807.181 109.818 6161.14 2911.89 228.701 1064.93 350.91 949.804 157396 20056.7 487.08 137340 4575.17 5810.23
internal_count=866310 730683 135627 34549 24037 706646 4759 17544 701887 26219 8330 6056 25034 701676 101078 7098 3965 211 6493 2274 1185 17401 1862 934 93980 11859 3825 82121 3133 4631
is_linear=0
shrinkage=0.05


Tree=19
num_leaves=31
num_cat=0
split_feature=3 4 0 2 3 0 3 2 1 2 3 4 1 0 2 3 2 0 2 0 8 0 4 4 0 2 4 0 4 8
split_gain=137938 26649.9 4023.79 3576.75 3703.45 3144.12 1495.1 601.11 565.399 629.909 330.65 288.03 281.416 267.675 452.387 140.773 807.531 485.65 92.4697 84.7327 132.879 79.317 75.3491 66.7568 63.5624 57.3775 44.2854 63.9684 33.5645 33.0849
threshold=0.1490740776062012 1.0000000180025095e-35 0.31666667759418493 0.42776885628700262 0.3514705896377564 0.61250001192092907 0.050641026347875602 0.89498746395111095 0.39559109508991247 0.22361110895872119 0.065591398626565947 0.48507130146026617 0.63245612382888805 0.19090909510850909 0.2014492750167847 0.26969698071479803 0.57712131738662731 0.47222222387790685 0.67962265014648449 0.47222222387790685 26.500000000000004 0.2264957278966904 0.36406117677688604 0.37544326484203344 0.087121214717626586 0.52976614236831676 0.33454988896846777 0.47222222387790685 0.48507130146026617 13.500000000000002
decision_type=2 2 2 2 2 2 2 2 2 2 2 2 2 2 2 2 2 2 2 2 2 2 2 2 2 2 2 2 2 2
left_child=1 2 12 4 8 7 22 11 9 -2 -9 -3 21 14 -6 16 17 -5 -18 20 -4 -1 -7 -8 -10 -14 27 -17 -15 -21
right_child=3 5 19 15 13 6 23 10 24 -11 -12 -13 25 28 -16 26 18 -19 -20 29 -22 -23 -24 -25 -26 -27 -28 -29 -30 -31
leaf_value=-0.050823202521323142 0.027533139236864453 -0.051767099589161564 0.050170013259913306 -0.0032539288598704762 0.075563821494865319 -0.054677385142981906 0.049474508640190457 -0.060883236523961042 0.11153667362013214 -0.037877233221650937 0.070338382906497909 0.020515332304243239 0.2270148761223228 0.095989765878528532 0.040710739516427882 0.083970325960694203 0.054147307429653679 0.083640786548420817 0.073948274107829878 0.073516043944207216 0.42489866175642566 -0.008042712815202694 0.090683219421118066 0.076228427512413308 0.04747212753111861 0.053852235696032064 0.073782989777676541 0.075264237230721287 0.076499216623361468 0.10530933485071435
leaf_weight=770.10257582738996 479.21732069551945 32742.714709714055 474.21945255994797 595.03235321864486 1551.1327125430107 412.59568542987108 505.85499645769596 69.092704117298126 69.195804197341204 1586.8645427785814 157.29895049333572 138.40241783857346 5.2728401124477378 278.78537543118 2328.9477762132883 2404.1686129271984 639.51212799549103 220.33929398655891 7556.4494166709483 5713.7376357614994 2.377582572400569 126.08550933375955 9.1119550317525846 432.52864195406437 87.900479916483164 51.579186148941517 130258.34373018146 17236.977118566632 1063.6120458245277 83.016291379928589
leaf_count=15459 3886 700336 2219 3934 1219 3505 652 548 67 24135 139 1179 8 162 4213 1513 1070 154 4833 4045 6 2099 15 272 200 135 79343 10231 667 66
internal_value=0.051783 -0.0295394 0.0577629 0.0721649 0.0382945 -0.047843 0.0266633 -0.0509038 -0.0157527 -0.0227056 0.0302907 -0.0514629 -0.0379611 0.0613021 0.0546439 0.0737518 0.0676823 0.0202278 0.0724032 0.0723052 0.0520394 -0.0448044 -0.0515365 0.0618062 0.0756905 0.0699125 0.0741167 0.0763299 0.080547 0.0739714
internal_weight=208050 41694 7226.39 166356 7445.66 34467.6 1360.09 33107.5 2223.18 2066.08 226.392 32881.1 953.04 5222.48 3880.08 158911 9011.33 815.372 8195.96 6273.35 476.597 896.188 421.708 938.384 157.096 56.852 149899 19641.1 1342.4 5796.75
internal_count=866310 730683 24037 135627 34549 706646 4444 702202 28288 28021 687 701515 17701 6261 5432 101078 9991 4088 5903 6336 2225 17558 3520 924 267 143 91087 11744 829 4111
is_linear=0
shrinkage=0.05


Tree=20
num_leaves=31
num_cat=0
split_feature=3 4 2 3 2 2 3 1 1 3 4 1 9 4 3 2 9 2 4 4 3 1 2 9 3 2 4 1 4 9
split_gain=127486 25362.2 3811.74 3741.52 2799.99 2267.81 1397.85 472.905 459.548 445.91 439.958 423.569 299.023 283.374 173.858 737.197 377.135 131.564 131.146 99.0639 85.8393 85.7977 73.8587 45.4677 44.9757 313.276 44.8712 44.239 38.8241 36.2507
threshold=0.13188406080007556 1.0000000180025095e-35 0.42776885628700262 0.26969698071479803 0.58643677830696117 0.84273937344551098 0.061553031206130988 0.88303694128990184 0.55051019787788402 0.5419580638408662 0.35563012957572943 0.40682870149612432 34.500000000000007 0.48507130146026617 0.21807064861059192 0.63702240586280834 46.500000000000007 0.66323024034500133 0.51869320869445812 0.36971411108970648 0.054804805666208274 0.74133810400962841 0.52704679965972911 42.500000000000007 0.32575757801532751 0.56992483139038097 0.36406117677688604 0.63714733719825756 0.3824808150529862 52.500000000000007
decision_type=2 2 2 2 2 2 2 2 2 2 2 2 2 2 2 2 2 2 2 2 2 2 2 2 2 2 2 2 2 2
left_child=1 4 3 11 8 7 26 13 22 10 -5 12 -2 -3 15 16 -4 21 -11 -8 -9 -6 -1 -13 25 -16 -7 -10 -26 -17
right_child=2 5 14 9 17 6 19 20 27 18 -12 23 -14 -15 24 29 -18 -19 -20 -21 -22 -23 -24 -25 28 -27 -28 -29 -30 -31
leaf_value=-0.035835678888119865 -0.042725149865700737 -0.051669248258181699 -0.0086699185507232157 0.083439118791226258 0.025740365907900461 -0.054427741706741674 0.039765369026983848 -0.060180598727375662 0.018694218601754863 0.083668994496798044 0.023034321230095096 0.057621929915099693 0.022810200414710755 0.02018582988205107 0.035594728777769306 0.068085320522419085 0.091886244747863735 0.071655697604472823 0.060161087271958728 0.075100513454591511 0.082676029833337716 0.082253005770386009 -9.5009829587398598e-05 0.15299099335401795 0.074416051443940867 0.071268750153542032 0.065579689829381324 0.073850184510076453 0.072059859088793185 0.080926974018482006
leaf_weight=788.09853278100491 1445.5422103889287 31099.850106559694 487.30342297255993 376.0126812979579 262.80497765913606 445.17989479750395 389.85996772348881 12.15636921674013 50.878404174000025 732.86120572686195 1520.062560968101 84.026057321578264 197.88516138121486 137.81757794320583 658.16612680256367 1961.6641109660268 115.30715414136648 5588.0142631344497 3115.2946076691151 403.80215956270695 77.897703737020493 90.218181639909744 177.01714528352022 14.681248366832731 20429.856008648872 9472.976840659976 7.9278900474309912 127.35529239475727 121212.17143455148 763.43467669561505
leaf_count=14936 26176 696467 3905 895 1798 3808 576 99 279 594 5146 197 1451 1122 1732 1752 372 4631 2870 265 55 64 2183 25 12467 6186 17 143 75593 506
internal_value=0.0506337 -0.0297437 0.0702397 0.0353931 0.0559958 -0.0483905 0.0177406 -0.0510224 -0.015658 0.0548594 0.0350133 -0.0287919 -0.034834 -0.0513522 0.0719216 0.0606162 0.0105711 0.0697855 0.064638 0.0577433 0.0633919 0.0401827 -0.0292803 0.0718067 0.0721695 0.0689512 -0.052328 0.0581054 0.0723997 0.0716829
internal_weight=202246 39658.9 162587 7486.37 7084.39 32574.5 1246.77 31327.7 1143.35 5744.23 1896.08 1742.13 1643.43 31237.7 155101 3327.71 602.611 5941.04 3848.16 793.662 90.0541 353.023 965.116 98.7073 151773 10131.1 453.108 178.234 141642 2725.1
internal_count=866310 726443 139867 37354 24034 702409 4666 697743 17541 9505 6041 27849 27627 697589 102513 6535 4277 6493 3464 841 154 1862 17119 222 95978 7918 3825 422 88060 2258
is_linear=0
shrinkage=0.05


Tree=21
num_leaves=31
num_cat=0
split_feature=3 4 0 1 3 0 3 0 2 2 0 3 4 2 0 1 3 0 1 2 4 4 4 0 0 8 2 1 2 2
split_gain=118067 23477.4 3482.41 3374.19 3157.45 2946.98 1292.8 638.674 1163.78 565.641 393.559 285.02 266.933 247.494 243.999 183.303 143.227 708.608 627.979 79.6882 67.0029 58.986 35.4571 60.758 33.6453 30.572 20.76 14.5727 11.5164 9.118
threshold=0.15075758099555972 1.0000000180025095e-35 0.2264957278966904 0.29061582684516912 0.2639319002628327 0.61250001192092907 0.050641026347875602 0.19090909510850909 0.25143678486347204 0.89498746395111095 0.31666667759418493 0.065591398626565947 0.48507130146026617 0.18808962404727939 0.43650794029235845 0.66384181380271923 0.26969698071479803 0.38750000298023229 0.57275134325027477 0.77836257219314586 0.36406117677688604 0.37544326484203344 0.33454988896846777 0.38750000298023229 0.47222222387790685 13.500000000000002 0.35229477286338812 0.36700680851936346 0.62575301527977001 0.43534001708030706
decision_type=2 2 2 2 2 2 2 2 2 2 2 2 2 2 2 2 2 2 2 2 2 2 2 2 2 2 2 2 2 2
left_child=1 2 19 4 10 9 20 8 -6 12 13 -11 -3 -2 15 -4 17 18 -5 28 -7 -8 23 -18 -19 -16 -12 -24 -1 -9
right_child=3 5 14 16 7 6 21 29 -10 11 26 -13 -14 -15 25 -17 22 24 -20 -21 -22 -23 27 -25 -26 -27 -28 -29 -30 -31
leaf_value=-0.052010018267985215 0.016055551419810226 -0.051345196629400763 0.014267891656497639 -0.0022912329867568245 0.064170044537409307 -0.053413307353930919 0.046841082156255452 0.077871461343001838 0.0086361783913632938 -0.059833597263729256 0.1728618440433512 0.065248808577036896 0.01743437584852189 -0.042209907213939662 0.069437236966811131 0.068002093017035511 0.081359625768652966 0.052212797695379065 0.069464410509965796 0.081697012835795821 0.081537583753474446 0.072230568811278664 0.066784241007037864 0.071837911869463214 0.070652940404619183 0.099634267998993428 0.06661536586306889 0.070529371547346745 -0.023010417194926591 0.071006995517780877
leaf_weight=688.72636516019702 213.56538638100028 29881.422746233642 367.78354467079043 696.44530855864286 2160.0420352891088 382.09055272489786 509.87767504900694 679.79386393725872 1674.9210330359638 64.033686883747578 4.8489954546093932 157.71833455562592 141.73562717437744 1243.2167062014341 5473.1264455169439 279.1927255615592 1861.4002053961158 256.32034676522017 542.36346254497766 11.569612294435499 9.4246357232332212 414.91594010591507 2654.7761125937104 16764.417811095715 7078.6895279437304 85.121257424354553 88.711932823061943 120275.05197961628 36.026109825819731 1677.4990474879742
leaf_count=15021 1860 700850 3970 4355 2718 3505 660 453 5623 548 13 142 1186 22583 4063 420 1215 325 519 12 15 273 2082 10498 4653 68 105 77007 483 1085
internal_value=0.0495701 -0.028935 0.0543177 0.0687164 0.0365286 -0.0472455 0.0259913 0.0525052 0.0399156 -0.0504328 -0.0272839 0.0291297 -0.0510205 -0.0336681 0.066517 0.0374561 0.0703764 0.0641013 0.0291241 -0.0484903 -0.0501647 0.0582323 0.0707565 0.0727895 0.0700086 0.0698997 0.0721218 0.0704485 -0.0505685 0.0729866
internal_weight=196375 38502.8 6941.55 157872 7742.6 31561.2 1316.31 6192.26 3834.96 30244.9 1550.34 221.752 30023.2 1456.78 6205.22 646.976 150129 8573.82 1238.81 736.322 391.515 924.794 141556 18625.8 7335.01 5558.25 93.5609 122930 724.752 2357.29
internal_count=866310 731216 24037 135094 34440 707179 4453 9879 8341 702726 24561 690 702036 24443 8521 4390 100654 9852 4874 15516 3520 933 90802 11713 4978 4131 118 79089 15504 1538
is_linear=0
shrinkage=0.05


Tree=22
num_leaves=31
num_cat=0
split_feature=3 2 2 3 1 9 3 9 9 1 2 3 1 9 9 3 2 9 3 9 1 1 5 9 8 3 2 5 9 9
split_gain=109576 19723.6 3630.6 3114.08 1900.23 1393.4 998.48 699.951 528.144 371.513 346.226 275.115 430.108 261.654 217.874 180.229 668.068 379.199 159.561 243.238 77.4273 72.9893 69.1297 65.7504 63.7413 48.5871 314.675 33.2414 23.5382 9.71721
threshold=0.13188406080007556 0.7589399814605714 0.42776885628700262 0.3514705896377564 0.77346038818359386 23.500000000000004 0.0745370388031006 62.500000000000007 42.500000000000007 0.38924963772296911 0.55217784643173229 0.71825397014617931 0.32466214895248419 27.500000000000004 17.500000000000004 0.21807064861059192 0.67962265014648449 46.500000000000007 1.0000000180025095e-35 46.500000000000007 0.84045451879501354 0.51925924420356762 1.0000000180025095e-35 26.500000000000004 4.5000000000000009 0.32575757801532751 0.56992483139038097 1.0000000180025095e-35 52.500000000000007 30.500000000000004
decision_type=2 2 2 2 2 2 2 2 2 2 2 2 2 2 2 2 2 2 2 2 2 2 2 2 2 2 2 2 2 2
left_child=1 4 3 8 7 6 14 13 9 -2 -9 12 -5 -1 -3 16 17 -4 21 -20 23 -7 -8 -6 -10 26 -17 -13 -18 -22
right_child=2 5 15 11 20 18 22 10 24 -11 -12 27 -14 -15 -16 25 28 -19 19 -21 29 -23 -24 -25 -26 -27 -28 -29 -30 -31
leaf_value=-0.051665185410306229 -0.03052808094814561 -0.049461605149651026 -0.0046586424923380386 0.030037509114093027 -0.026267900346972652 0.0277808903584401 0.040027839525635094 -0.033378341913789328 0.083158866334519799 0.054329700709283404 0.023213968508073578 0.071539734784931544 0.073402791072818871 -0.037916323880645607 0.012980737648413841 0.032070626852487988 0.066206539354746671 0.084871960873465185 -0.025847564168014026 0.06110386644243837 0.053060655485052566 0.064059308685075089 0.078591869490371405 0.046406447639854159 0.03014088469357681 0.069301954508423372 0.068060493642503286 0.059467462936272211 0.077010761153981533 0.072896226255388066
leaf_weight=24266.873090513051 1869.3241633400321 575.38709818944335 559.68840841576457 1857.8552278131247 45.416777275502682 142.84893617779016 577.05013936012983 630.31703854352236 109.81436561793089 138.54169643670321 473.12399350106716 1432.6725263446569 826.00114116072655 4035.9888486303389 184.48861695453525 651.48502819240093 1789.8532558344305 149.95377999916673 131.0306361168623 208.27488550171256 83.770072028040886 4710.5434898324311 145.51324297487736 98.88565880805254 117.1895753480494 133759.99524573982 8966.0058494508266 947.22352807223797 701.76370143145323 234.82124395668507
leaf_count=607188 29744 7024 4164 3797 479 467 984 13598 261 315 4097 1045 582 85096 1008 1732 1483 413 747 423 158 4606 94 314 773 88060 6186 837 475 160
internal_value=0.0485956 -0.0292343 0.0670794 0.0326613 -0.0465992 0.0484682 0.00571319 -0.0481814 -0.0165002 -0.0246729 -0.00911318 0.0543585 0.0433839 -0.0497046 -0.0343014 0.0687932 0.0570597 0.01426 0.0606741 0.0275256 0.0539182 0.0629915 0.047794 0.0235334 0.0557886 0.0690551 0.0656226 0.0667348 0.0692495 0.0676807
internal_weight=190422 36544.3 153877 7298.62 29869.2 6675.14 1482.44 29406.3 2234.87 2007.87 1103.44 5063.75 2683.86 28302.9 759.876 146579 3201.26 709.642 5192.7 339.306 462.894 4853.39 722.563 144.302 227.004 143377 9617.49 2379.9 2491.62 318.591
internal_count=866310 726443 139867 37354 711090 15353 9110 709979 31093 30059 17695 6261 4379 692284 8032 102513 6535 4577 6243 1170 1111 5073 1078 793 1034 95978 7918 1882 1958 318
is_linear=0
shrinkage=0.05


Tree=23
num_leaves=31
num_cat=0
split_feature=3 0 2 3 9 3 1 3 1 0 1 9 9 1 9 3 0 1 3 9 2 9 0 0 2 3 5 1 0 3
split_gain=101858 19163.9 3532.31 2880.48 2822.28 1312.45 831.725 428.622 511.152 387.547 350.931 282.54 263.135 230.202 229.011 188.357 707.494 348.217 169.689 99.463 93.8652 85.0251 173.838 57.3358 53.993 250.447 49.571 33.2268 32.6709 15.2315
threshold=0.13188406080007556 0.47222222387790685 0.42776885628700262 0.26969698071479803 25.500000000000004 0.082207206636667265 0.680425524711609 0.67543861269950878 0.34654632210731512 0.61250001192092907 0.40682870149612432 17.500000000000004 34.500000000000007 0.82426470518112194 26.500000000000004 0.21807064861059192 0.38750000298023229 0.4743421077728272 0.089572194963693633 14.500000000000002 0.81204709410667431 62.500000000000007 0.2264957278966904 0.095454547554254546 0.52419984340667736 0.36038962006568914 1.0000000180025095e-35 0.52223318815231334 0.43650794029235845 0.29705883562564855
decision_type=2 2 2 2 2 2 2 2 2 2 2 2 2 2 2 2 2 2 2 2 2 2 2 2 2 2 2 2 2 2
left_child=1 6 3 10 5 11 21 8 -5 13 12 -3 -2 -6 18 16 17 -4 -8 -7 -16 27 -23 -12 25 -17 -9 -1 -18 -26
right_child=2 4 15 7 9 19 14 26 -10 -11 23 -13 -14 -15 20 24 28 -19 -20 -21 -22 22 -24 -25 29 -27 -28 -29 -30 -31
leaf_value=-0.051600723651452199 -0.041381440863892449 -0.050352935311023056 -0.031288147256322542 0.023237025935453855 0.025132929129131544 0.046483786812707199 -0.044774021112602591 0.068546593024989069 0.072225917344671695 0.065074329303305825 0.11341067986930656 0.00041115784566708811 0.020183781547669775 0.060742668926885103 0.001557791601316327 0.032104554006427609 0.03907066732922998 0.045079849285732686 0.055659337044959616 -0.021933081457675235 0.05474112434293097 -0.048865284803775298 0.004442532909263627 0.03468484501712342 0.065583890935489011 0.066847348328681902 0.05472553985863219 -0.043702393162163643 0.067965841308014585 0.067994952470878028
leaf_weight=24120.061790153384 1316.0185839980841 1098.5955765768886 303.0168385207653 2186.7138786166906 1261.1986835077405 752.32396192103624 228.55654168874025 1590.2790789753199 703.8606594055891 3968.9943989813328 36.683895088732243 365.22075257450342 199.92591845616698 708.9795917570591 134.6129454523325 595.28715513646603 101.9102070890367 294.18622108921409 51.541016336530447 57.158070363104343 216.23450178653002 559.88715255632997 210.40657376125455 62.584493588656187 6905.0174325034022 4032.3923698365688 1095.7980514019728 1409.3562320172787 2440.4952848479152 127535.9319396764
leaf_count=646110 26176 13395 3464 6710 5166 1415 3487 1226 521 3084 46 2326 1451 714 1225 1588 244 985 257 258 335 13817 3063 176 5128 2944 1048 31791 1842 86318
internal_value=0.0476698 -0.0289204 0.065686 0.0314986 0.0379414 -0.00943569 -0.0493099 0.0485284 0.0351659 0.0560756 -0.0272982 -0.0376873 -0.0332621 0.0379473 0.00742055 0.0674149 0.055304 0.00633124 -0.0262932 0.0416528 0.0343358 -0.0506709 -0.0343042 0.0637774 0.0676883 0.0623782 0.0629082 -0.0511647 0.0668076 0.0678711
internal_weight=184543 35143.1 149400 7191.86 8212.47 2273.3 26930.7 5576.65 2890.57 5939.17 1615.21 1463.82 1515.94 1970.18 630.945 142208 3139.61 597.203 280.098 809.482 350.847 26299.7 770.294 99.2684 139069 4627.68 2686.08 25529.4 2542.41 134441
internal_count=866310 726443 139867 37354 26358 17394 700085 9505 7231 8964 27849 15721 27627 5880 5304 102513 6535 4449 3744 1673 1560 694781 16880 222 95978 4532 2274 677901 2086 91446
is_linear=0
shrinkage=0.05


Tree=24
num_leaves=31
num_cat=0
split_feature=0 4 1 4 0 6 1 2 4 0 2 2 9 2 0 2 0 2 2 4 0 2 0 1 4 0 4 2 0 4
split_gain=70769.8 23565.9 4109.47 2225.82 3807.67 1829.87 1278.73 1085.74 865.006 729.862 595.839 524.019 454.462 428.081 279.193 338.015 169.979 160.821 66.8286 63.5262 182.578 153.434 60.4601 163.082 21.2076 21.144 16.5562 14.9218 15.9563 4.30676
threshold=0.31666667759418493 0.46563534438610082 0.58898946642875682 0.32510161399841314 0.47222222387790685 1.0000000180025095e-35 0.36700680851936346 0.7933771312236787 0.70473173260688793 0.61250001192092907 0.1627137288451195 0.86706829071044933 1.0000000180025095e-35 0.18808962404727939 0.10555555671453477 0.76506900787353527 0.069047622382640853 0.23606811463832858 0.85880398750305187 0.42231801152229315 0.47222222387790685 0.74464204907417308 0.074175827205181136 0.51925924420356762 0.13900966197252276 0.61250001192092907 1.0000000180025095e-35 0.87585616111755382 0.47222222387790685 0.50225225090980541
decision_type=2 2 2 2 2 2 2 2 2 2 2 2 2 2 2 2 2 2 2 2 2 2 2 2 2 2 2 2 2 2
left_child=1 2 5 4 7 10 8 12 13 11 -1 -6 -2 -3 26 -16 -7 -10 -9 20 21 -5 29 -24 -11 -22 -4 28 -21 -8
right_child=3 6 14 19 9 16 22 18 17 24 -12 -13 -14 -15 15 -17 -18 -19 -20 27 25 -23 23 -25 -26 -27 -28 -29 -30 -31
leaf_value=0.00012509073541474896 0.052042946039395445 0.049294456221876781 -0.072389932000950188 0.008636326692079024 0.0354794671783384 0.048843931140650498 0.076770834671209806 0.031992526750777212 0.063267470660677658 0.066215554988512532 -0.046426087154082349 0.062823436597727073 -0.01666224636262937 -0.011525559908119619 -0.012252305568395502 0.057957879968450247 -0.0046282577476090062 0.037172544920384069 0.06079696823688592 0.063123041980002945 0.059288852057333724 0.061194623887044719 0.02680993832559039 0.064617192892698294 0.062448739931983445 0.066004202247186505 0.068043990939908469 0.066984445801457987 0.066127615824796301 0.06768817843213823
leaf_weight=707.23119827732444 264.4952200576663 369.04176589474082 2.1050430461764327 288.34068740531802 4980.6036465838552 543.64070263132453 134.65252322331071 295.83412038162351 1012.3824770376086 5693.0834753885865 24510.866958681494 2703.0059464722872 2674.2627192512155 1339.2154286727309 343.64616579189897 342.05925829336047 204.53671452403069 1416.6223183721304 630.57982797175646 4996.9657314494252 1674.9215983375907 267.8560419306159 356.72329169139266 1423.2113930508494 10873.368520349264 3905.0631988570094 700.26253734156489 63554.158046409488 38192.075547583401 4248.7858146429062
leaf_count=9690 1377 760 20 2035 19301 2014 117 1390 843 4264 659135 2531 45995 9939 5189 654 1715 1988 716 4028 1826 313 704 1076 10751 2837 939 44067 27157 2939
internal_value=0.0468144 -0.0140808 -0.0383536 0.0630774 0.0504896 -0.0428343 0.0503779 0.00440025 0.0288758 0.0578357 -0.0451206 0.0450988 -0.0104786 0.00161364 0.0454665 0.0227715 0.0342257 0.0480486 0.0515988 0.0662127 0.0612655 0.0339476 0.0648115 0.0570401 0.0637432 0.0639885 0.0676231 0.0664971 0.06578 0.0679672
internal_weight=178650 37655 27354.3 140995 28115.2 25966.3 10300.6 3865.17 4137.26 24250.1 25218.1 7683.61 2938.76 1708.26 1388.07 685.705 748.177 2429 926.414 112879 6136.18 556.197 6163.37 1779.93 16566.5 5579.98 702.368 106743 43189 4383.44
internal_count=866310 697722 679356 168588 86325 672554 18366 49478 13530 36847 668825 21832 47372 10699 6802 5843 3729 2831 2106 82263 7011 2348 4836 1780 15015 4663 959 75252 31185 3056
is_linear=0
shrinkage=0.05


Tree=25
num_leaves=31
num_cat=0
split_feature=3 0 2 9 3 3 2 3 0 0 2 9 0 3 3 0 2 9 5 9 0 9 2 5 3 2 3 2 0 9
split_gain=89853.7 16723.7 3282.11 2667.18 2473.4 1104.84 707.457 408.802 384.706 331.537 305.34 295.432 238.113 226.472 190.421 718.111 427.381 155.355 132.229 118.091 295.503 74.2315 52.4959 51.7861 44.1856 39.7404 162.257 12.7207 12.6613 9.87356
threshold=0.13188406080007556 0.47222222387790685 0.42776885628700262 26.500000000000004 0.2639319002628327 0.089572194963693633 0.81204709410667431 0.67543861269950878 0.61250001192092907 0.63068181276321422 0.2014492750167847 34.500000000000007 0.31666667759418493 1.0000000180025095e-35 0.24499999731779101 0.47222222387790685 0.68457102775573742 27.500000000000004 1.0000000180025095e-35 29.500000000000004 0.2264957278966904 14.500000000000002 0.90999102592468273 1.0000000180025095e-35 0.042572464793920524 0.51087471842765819 0.3717105239629746 0.76506900787353527 0.095454547554254546 52.500000000000007
decision_type=2 2 2 2 2 2 2 2 2 2 2 2 2 2 2 2 2 2 2 2 2 2 2 2 2 2 2 2 2 2
left_child=1 6 4 5 11 9 19 10 13 -3 -6 12 -2 -5 15 16 -4 22 -13 27 -21 -7 -8 -9 -19 26 -16 -1 -27 -17
right_child=2 3 14 8 7 21 17 23 -10 -11 -12 18 -14 -15 25 29 -18 24 -20 20 -22 -23 -24 -25 -26 28 -28 -29 -30 -31
leaf_value=-0.051482422882333637 -0.039919149120403098 -0.049777663952396758 -0.0053924750235844754 0.041577574365397114 0.060500876052125341 0.045138294054760317 -0.041888858445514279 0.065901595587269574 0.062466154652809483 -0.002227990231098704 0.023040609700174571 0.014559161699661972 0.067185140784993616 -0.009150043240752739 0.031677259812178997 0.063825161746966258 0.063730941895711768 0.053400819734605698 0.14385535211408204 -0.050124969116409339 -0.017336908180822355 -0.025677685757257113 0.031912873941034883 0.051493871010543313 -0.04485751791583939 0.068443390069100565 0.064201351941555962 -0.03434028670532744 0.065484757791543252 0.069946216464987235
leaf_weight=20758.543617151678 1251.3650229424238 1061.989377528429 669.29335265234113 1673.894850730896 730.02455834299326 675.41471254080534 90.649192329496145 1528.0840687304735 3694.6916765570641 559.83547028899193 2134.5276840403676 192.38297927379608 54.13803555816412 253.31916425377131 436.87217570841312 3000.5261331349611 335.81638659536839 205.67551700025797 22.039419613778591 2622.2260702140629 931.21413303539157 39.150480672717094 32.818836785852909 1053.7740169465542 12.115438416600226 3727.1778422892094 3137.113589450717 108.79081891477108 121304.63660487533 844.16004687547684
leaf_count=606346 26183 12804 5138 4046 1018 1206 919 1226 3018 3477 6294 1412 116 1629 961 2345 442 326 57 73630 16950 178 113 1048 73 2632 2435 1728 87952 608
internal_value=0.045924 -0.0286943 0.0633111 0.0343595 0.0298535 -0.0105414 -0.0489592 0.0455922 0.0530197 -0.0333641 0.0325873 -0.0265439 -0.0354776 0.0349098 0.0650576 0.0553317 0.0177023 0.022534 0.0278489 -0.0499583 -0.0415325 0.0412583 -0.0222717 0.0600211 0.0479348 0.0654244 0.0602257 -0.0513931 0.065573 0.0651691
internal_weight=173142 32720.3 140422 7958.3 6966.34 2336.39 24762 5446.41 5621.91 1621.82 2864.55 1519.93 1305.5 1927.21 133456 4849.8 1005.11 341.259 214.422 24420.8 3553.44 714.565 123.468 2581.86 217.791 128606 3573.99 20867.3 125032 3844.69
internal_count=866310 726443 139867 26358 37354 17665 700085 9586 8693 16281 7312 27768 26299 5675 102513 8533 5580 1431 1469 698654 90580 1384 1032 2274 399 93980 3396 608074 90584 2953
is_linear=0
shrinkage=0.05


Tree=26
num_leaves=31
num_cat=0
split_feature=2 4 1 4 2 6 1 6 2 2 1 2 8 6 1 9 2 2 4 2 1 4 1 5 1 5 2 2 1 1
split_gain=58882.8 20339.6 3637.15 2736.91 4540.07 1937.86 1070.28 893.778 650.787 646.19 629.233 379.212 442.46 345.561 222.183 189.31 90.8886 51.3823 44.199 141.661 53.0589 35.42 35.3748 33.4913 31.0018 20.3624 39.2927 12.351 10.6256 3.68416
threshold=0.56992483139038097 0.53178024291992199 0.56306818127632152 0.34498016536235815 0.69504830241203319 1.0000000180025095e-35 0.73401361703872692 1.0000000180025095e-35 0.82574188709259044 0.17712418735027316 0.29061582684516912 0.24068965017795566 11.500000000000002 1.0000000180025095e-35 0.66384181380271923 30.500000000000004 0.47673159837722784 0.88998898863792431 0.42231801152229315 0.6900656819343568 0.7228132188320161 0.66807910799980175 0.79008570313453685 1.0000000180025095e-35 0.56306818127632152 1.0000000180025095e-35 0.84273937344551098 0.82574188709259044 0.73401361703872692 0.36700680851936346
decision_type=2 2 2 2 2 2 2 2 2 2 2 2 2 2 2 2 2 2 2 2 2 2 2 2 2 2 2 2 2 2
left_child=1 2 5 4 6 9 7 -2 13 -1 11 21 -13 -6 16 -7 -4 -10 19 20 -5 -3 -8 24 -12 26 -20 -21 -16 -25
right_child=3 10 14 18 8 15 22 -9 17 -11 23 12 -14 -15 28 -17 -18 -19 25 27 -22 -23 -24 29 -26 -27 -28 -29 -30 -31
leaf_value=9.2288494886831908e-05 -0.013410312539281358 0.039631509923278213 0.047897498861403459 0.025035470029436725 0.03558919962796233 0.013660391195878214 0.039941016011981273 0.065184450085168544 0.055748867152367432 -0.043901775755750938 0.052176977395109229 -0.0039712140975806274 0.044775516659364502 0.067182515313187405 0.053273147543942093 0.06005047522898134 0.0028113655366903655 0.062204312610532324 0.061307866103022357 0.057174080812429966 0.063856206314700154 0.058918092840119424 0.064809717229155558 0.061756562990310397 0.064197306188692418 0.064964875243122694 0.064551305162927411 0.063866584744845994 0.06518245668071905 0.066031699599333138
leaf_weight=866.44577082619071 3887.4134526588023 306.33623754605651 172.89408208057284 379.95405987277627 4724.6758826039732 604.03111690282822 191.72911275923252 398.84066265448928 3997.3647431582212 22755.577271595597 1230.7240231595933 946.80646546930075 915.7283652164042 1059.6265600249171 282.76546531170607 345.83307354524732 316.22900972887874 13468.312054179609 13674.642585590482 884.33363720774651 114.55495658889413 1068.0124695152044 562.6066757440567 608.86472732573748 950.81749796867371 56600.585148725659 29442.364410892129 3127.2785111106932 554.71397044509649 2924.2898468226194
leaf_count=12693 68257 712 1049 1998 22147 3309 615 535 5192 640546 1331 3235 1728 852 834 1137 3365 12322 11332 1093 97 970 594 544 715 41979 22007 2413 580 2129
internal_value=0.0451695 -0.0126616 -0.0351186 0.0603786 0.0465865 -0.0394724 0.00356843 -0.00609698 0.0559128 -0.0422881 0.0523104 0.0346964 0.0199955 0.0413768 0.0455235 0.0305504 0.0187483 0.0607269 0.0641224 0.0592787 0.0340284 0.0546192 0.0584889 0.0622872 0.057416 0.0643413 0.0635226 0.0623913 0.0611614 0.065295
internal_weight=167364 34850.1 25898.5 132514 28290.6 24571.9 5040.59 4286.25 23250 23622 8951.58 3236.88 1862.53 5784.3 1326.6 949.864 489.123 17465.7 104224 4506.12 494.509 1374.35 754.336 5714.7 2181.54 99717.6 43117 4011.61 837.479 3533.15
internal_count=866310 674877 663513 191433 110514 657685 70001 68792 40513 653239 11364 6645 4963 22999 5828 4446 4414 17514 80919 5601 2095 1682 1209 4719 2046 75318 33339 3506 1414 2673
is_linear=0
shrinkage=0.05


Tree=27
num_leaves=31
num_cat=0
split_feature=3 4 2 2 3 2 3 9 4 6 3 2 4 4 2 3 2 5 4 9 8 4 4 8 2 9 2 4 2 2
split_gain=79833 17398.5 2637.15 2299.04 1782.77 1602.09 1384.12 419.944 370.732 322.283 255.678 242.502 240.712 198.835 167.086 152.061 657.662 292.755 74.164 68.9657 64.616 58.1149 51.1082 47.1227 40.1182 30.8662 27.9173 27.3795 29.7305 25.2085
threshold=0.16397849470376971 1.0000000180025095e-35 0.423303171992302 0.82574188709259044 0.35504202544689184 0.61257407069206249 0.061553031206130988 30.500000000000004 0.48507130146026617 1.0000000180025095e-35 0.76330533623695385 0.57932874560356151 0.35149985551834112 0.60440891981124889 0.47856706380844122 0.29705883562564855 0.63373982906341564 1.0000000180025095e-35 0.41206791996955877 65.500000000000014 1.0000000180025095e-35 0.36406117677688604 0.51869320869445812 2.5000000000000004 0.68457102775573742 38.500000000000007 0.72046512365341198 0.3824808150529862 0.77167919278144848 0.47856706380844122
decision_type=2 2 2 2 2 2 2 2 2 2 2 2 2 2 2 2 2 2 2 2 2 2 2 2 2 2 2 2 2 2
left_child=1 5 4 8 7 14 21 13 9 -3 12 -10 -6 -2 23 16 17 -4 -8 -9 -16 -5 -12 -1 25 -7 -18 28 -17 -29
right_child=2 3 15 6 10 24 18 19 11 -11 22 -13 -14 -15 20 27 26 -19 -20 -21 -22 -23 -24 -25 -26 -27 -28 29 -30 -31
leaf_value=0.001344090604100792 -0.028421340153557063 -0.050573748353048564 0.0080618271110965943 -0.054259861365215635 0.070619074739631013 0.061979172483407501 0.038361610415486136 0.029086963647409925 -0.038748549957176713 0.0050350066695205092 0.077472534887476185 0.082083804442078384 0.030348098871111881 0.031435421931956864 0.061734660649563747 0.069025375281372023 0.052602769197535315 0.0610776788117946 0.066923939896460657 0.085332539642640134 0.0069715630182098226 0.06589554800701064 0.056760864615230111 -0.034404697188786103 0.062439913027901001 0.031498536905175421 0.063304470350809369 0.056992899982548563 0.06423394366344308 0.063372157227785428
leaf_weight=118.55105078965425 1363.2575260363519 23313.921150514856 898.7396718300879 515.0594232827425 443.26207205653191 145.76346729695797 655.13657761365175 224.03324506804347 78.823356799781322 263.49470615386963 368.77352367341518 87.746996987611055 2278.3121264278889 154.46109380573034 61.077805332839489 4309.5350130200386 668.32240914553404 366.61693466827273 347.99402099102736 72.020113453269005 456.10515912994742 10.263838760554789 1548.7528645843267 414.44163363426924 4587.5959911160171 193.06855796650052 6913.0845203846693 1573.8446943312883 13014.810505598783 96644.697781026363
leaf_count=2135 23923 700020 3564 4596 568 604 913 1044 1154 2918 265 109 3958 721 316 3064 743 950 252 123 5483 20 1375 10399 4233 867 5400 1448 9893 75252
internal_value=0.0443442 -0.0274578 0.0614927 -0.0456009 0.0303269 0.0492614 0.0138378 -0.0117038 -0.0494271 -0.0499523 0.0467598 0.0249043 0.036907 -0.0223296 -0.00680744 0.0631095 0.0567917 0.0234223 0.0482701 0.0427697 0.0134389 -0.0519122 0.0607441 -0.0264533 0.0612137 0.0446111 0.0623611 0.0635932 0.0654258 0.0632699
internal_weight=162092 31249 130843 25272.4 6452.87 5976.6 1528.45 1813.77 23744 23577.4 4639.1 166.57 2721.57 1517.72 1050.18 124390 8846.76 1265.36 1003.13 296.053 517.183 525.323 1917.53 532.993 4926.43 338.832 7581.41 115543 17324.3 98218.5
internal_count=866310 734019 132291 709982 31977 24037 5781 25811 704201 702938 6166 1263 4526 24644 18333 100314 10657 4514 1165 1167 5799 4616 1640 12534 5704 1471 6143 89657 12957 76700
is_linear=0
shrinkage=0.05


Tree=28
num_leaves=31
num_cat=0
split_feature=0 4 1 4 0 6 1 1 0 0 1 6 9 4 4 0 5 0 8 4 0 1 0 1 4 5 0 0 8 1
split_gain=54549.1 17922.3 4104.45 2061.28 2932.75 1229.17 779.716 742.041 701.273 647.277 512.261 485.344 363.512 318.278 317.841 217.612 135.926 125.106 106.028 68.1666 190.125 107.222 31.2272 72.7222 23.8992 21.4854 40.3761 21.4775 17.1623 0.744
threshold=0.31666667759418493 0.53178024291992199 0.53923079371452343 0.32510161399841314 0.47222222387790685 1.0000000180025095e-35 0.68819445371627819 0.36700680851936346 0.61250001192092907 0.087121214717626586 0.680425524711609 1.0000000180025095e-35 1.0000000180025095e-35 0.39408509433269506 0.73557159304618847 0.069047622382640853 1.0000000180025095e-35 0.36931818723678594 13.500000000000002 0.4360338300466538 0.47222222387790685 0.73401361703872692 0.087121214717626586 0.51925924420356762 0.13900966197252276 1.0000000180025095e-35 0.47222222387790685 0.61250001192092907 4.5000000000000009 0.27346041798591619
decision_type=2 2 2 2 2 2 2 2 2 2 2 2 2 2 2 2 2 2 2 2 2 2 2 2 2 2 2 2 2 2
left_child=1 2 5 4 6 13 12 14 11 28 -11 -6 -2 -1 16 -7 -3 -8 -16 20 21 -5 -9 -24 -10 26 -21 -22 -4 -27
right_child=3 7 9 19 8 15 17 22 24 10 -12 -13 -14 -15 18 -17 -18 -19 -20 25 27 -23 23 -25 -26 29 -28 -29 -30 -31
leaf_value=-0.045317901993554732 0.048034218055841064 -0.0029871732307269576 0.061628946007832142 0.013988240880022797 0.033888609846346389 0.034682774278100799 0.025401598382909438 0.06371170811508016 0.062100437268423486 -0.022037218658710916 0.04979697359433221 0.067341794158960439 -0.017241474690647938 -0.022050721543555571 0.033473867663805092 -0.023140143626861731 0.029706358325981813 0.060442942080511812 0.056463942529602719 0.05552633937485954 0.055226925384130557 0.059749157624801701 0.031744804377106271 0.060448266753035607 0.057841806112750915 0.065030295112038325 0.0620449761720882 0.061931953993555923 0.076941459305017057 0.063151441107012707
leaf_weight=20066.326291147619 235.39556225389242 719.16519632190466 635.25947602652013 375.93775267899036 5780.7227244600654 593.61699922382832 596.10236800462008 3646.8104473054409 5015.09955599159 598.2676193639636 424.12003373727202 1334.5090568065643 2270.4507027566433 1585.9703036155552 1194.5345563292503 224.15529907494783 569.82212729007006 444.76717476546764 864.43216831237078 2537.2526609152555 1722.5490560308099 194.09899519383907 272.26866377145052 1164.3283851891756 9602.2255929484963 532.30793100595474 37256.056968353689 3894.6909447833896 257.02405029162765 51847.826554089785
leaf_count=638708 1328 2812 1324 2275 20782 2523 3586 2875 4264 12373 1130 1050 43869 27976 1629 1938 1830 695 823 2458 2034 212 394 978 10751 408 30373 3222 409 41281
internal_value=0.0436812 -0.0136253 -0.0353529 0.0588913 0.0461566 -0.041341 0.00399979 0.0492143 0.0530365 0.0349208 0.00776197 0.040163 -0.0111096 -0.0436136 0.0309365 0.0188332 0.0114656 0.0403749 0.043126 0.0621641 0.0570837 0.02957 0.0612521 0.0550083 0.0593029 0.0625052 0.0616293 0.0598758 0.0660397 0.0631705
internal_weight=156456 32816.1 24384.7 123640 25279.3 22470.1 3546.72 8431.36 21732.6 1914.67 1022.39 7115.23 2505.85 21652.3 3347.95 817.772 1288.99 1040.87 2058.97 98360.7 6187.28 570.037 5083.41 1436.6 14617.3 92173.4 39793.3 5617.24 892.284 52380.1
internal_count=866310 697722 686381 168588 86325 671145 49478 11341 36847 15236 13503 21832 45197 666684 7094 4461 4642 4281 2452 82263 7743 2487 4247 1372 15015 74520 32831 5256 1733 41689
is_linear=0
shrinkage=0.05


Tree=29
num_leaves=31
num_cat=0
split_feature=3 4 0 3 0 0 3 9 4 4 4 3 0 0 8 6 4 3 0 5 4 4 6 8 4 0 5 9 9 0
split_gain=71162.5 16225.1 2421.32 2637.02 2150.25 1442.21 901.031 403.613 493.039 354.989 252.903 280.301 168.746 117.229 120.626 95.56 83.3465 59.3572 309.204 254.11 55.3787 53.6914 33.9521 27.8702 20.0522 22.5691 20.5869 10.2016 5.10142 15.6534
threshold=0.13188406080007556 1.0000000180025095e-35 0.2264957278966904 0.32575757801532751 0.2264957278966904 0.61250001192092907 0.057983193546533592 46.500000000000007 0.57517123222351085 0.48507130146026617 0.41206791996955877 0.47338935732841497 0.31666667759418493 0.43650794029235845 1.0000000180025095e-35 1.0000000180025095e-35 0.36971411108970648 0.24499999731779101 0.47222222387790685 1.0000000180025095e-35 0.36406117677688604 0.18910679221153262 1.0000000180025095e-35 13.500000000000002 0.32444286346435552 0.38750000298023229 1.0000000180025095e-35 52.500000000000007 103.50000000000001 0.19090909510850909
decision_type=2 2 2 2 2 2 2 2 2 2 2 2 2 2 2 2 2 2 2 2 2 2 2 2 2 2 2 2 2 2
left_child=1 4 3 7 28 9 20 8 -2 15 22 -12 -11 14 -6 -3 -8 18 19 -4 -7 -9 -5 -15 25 -19 -26 -20 -1 -30
right_child=2 5 17 10 13 6 16 21 -10 12 11 -13 -14 23 -16 -17 -18 24 27 -21 -22 -23 -24 -25 26 -27 -28 -29 29 -31
leaf_value=-0.047910945554502191 -0.022873264687291121 -0.05082794299783331 -0.00032585291902057216 0.073088178270567891 0.080140493572061655 -0.053265172447398118 0.027020439031928595 0.11637650417070128 0.048120692201243834 -0.02604588145266238 0.028517169858019054 0.051865784694366902 0.080904829764410865 0.059528201878831059 0.024650915453977001 -0.014556920767376408 0.061882073534086979 0.071401715096071738 0.059609121656927215 0.082276650655957018 0.066674000682591855 0.045118158268634391 0.056072740403946879 0.088578196779657781 0.060827144293111396 0.063135940257610088 0.062315988985213247 0.066177464227686764 -0.038786963526536246 0.089273211364756244
leaf_weight=524.05796682834625 2002.3087607678026 21348.016304356977 389.7289977800101 1145.9721900448203 124.10756706818938 393.91995714604855 356.52939671278 30.280326142907143 278.58094729110599 73.932247381657362 1678.030048198998 5493.8307625055313 73.593756414949894 4459.1936430186033 464.50278168916702 183.14991644769907 330.26570253074169 880.40478850528598 2658.9840437993407 122.32989218086004 9.865140572190283 208.14129262790084 393.95493723452091 84.120985440909863 42956.763293799013 13320.375304087996 50530.102250225842 760.14707079529762 20.80399098619819 2.6954585164785376
leaf_count=14926 32346 694515 1803 1339 313 3539 544 131 1007 1057 3622 5597 79 4063 4077 2393 267 650 2361 135 15 887 393 68 36558 10662 41764 612 519 68
internal_value=0.0429494 -0.0283086 0.0594508 0.0373216 0.0472968 -0.0471674 0.00893712 -0.00773186 -0.0142023 -0.0499898 0.0503504 0.0464028 0.0273068 0.057346 0.0363508 -0.0505194 0.0437847 0.0616775 0.0556427 0.0194077 -0.0503349 0.0541682 0.0687352 0.0600661 0.0618978 0.0636484 0.0616319 0.0610694 -0.046889 -0.0240981
internal_weight=151299 28448.8 122850 11231.1 5679.48 22769.3 1090.58 2519.31 2280.89 21678.7 8711.79 7171.86 147.526 5131.92 588.61 21531.2 686.795 111619 3931.19 512.059 403.785 238.422 1539.93 4543.31 107688 14200.8 93486.9 3419.13 547.557 23.4994
internal_count=866310 726443 139867 45322 24034 702409 4365 34371 33353 698044 10951 9219 1136 8521 4390 696908 811 94545 4911 1938 3554 1018 1732 4131 89634 11312 78322 2973 15513 587
is_linear=0
shrinkage=0.05


Tree=30
num_leaves=31
num_cat=0
split_feature=3 0 1 9 3 3 1 0 2 0 0 2 9 2 9 3 3 0 1 9 0 9 2 9 1 0 0 0 8 2
split_gain=66609.1 12778.9 2850.95 2249.03 1668.74 881.138 680.484 589.407 616.064 353.264 345.152 573.787 267.841 198.15 196.778 185.86 172.211 601.474 515.93 132.084 187.302 74.4232 69.6086 42.0543 16.0446 76.1092 19.9373 15.7582 7.96721 5.23677
threshold=0.15075758099555972 0.47222222387790685 0.29061582684516912 26.500000000000004 0.41421568393707281 0.089572194963693633 0.66384181380271923 0.2264957278966904 0.22361110895872119 0.61250001192092907 0.19090909510850909 0.23606811463832858 20.500000000000004 0.89498746395111095 26.500000000000004 0.089572194963693633 0.2828571498394013 0.47222222387790685 0.54631218314170849 63.500000000000007 0.2264957278966904 14.500000000000002 0.80229884386062633 28.500000000000004 0.3551971316337586 0.2264957278966904 0.074175827205181136 0.41428571939468389 8.5000000000000018 0.43534001708030706
decision_type=2 2 2 2 2 2 2 2 2 2 2 2 2 2 2 2 2 2 2 2 2 2 2 2 2 2 2 2 2 2
left_child=1 6 4 5 7 12 19 8 -2 13 11 -6 -3 -5 15 -8 17 18 -4 23 -21 -7 -16 -1 25 -18 -26 -9 -11 -12
right_child=2 3 16 9 10 21 14 27 -10 28 29 -13 -14 -15 22 -17 24 -19 -20 20 -22 -23 -24 -25 26 -27 -28 -29 -30 -31
leaf_value=-0.051280245606767666 0.027487720706492288 -0.044902550076885886 -0.0055552157846035337 0.020396218415311508 0.055908252166360098 0.037690587493034854 -0.046211281082794625 0.039853303441745438 -0.03381231025738847 0.057869488507927516 0.067514880737694391 0.009818745866587774 0.0071210196964613739 0.057194864015106074 -1.9570371982012501e-05 0.049304970347093746 0.036708368336772566 0.06034258950286963 0.053544383280510102 -0.045187491097203804 0.015890363596050113 -0.028070188573112848 0.043639569102771891 -0.044261111528997255 0.064508682206753237 0.061600725084629195 0.061052864521625221 0.066486049707944569 0.04452417051328781 0.061475889113305072
leaf_weight=16580.488140054047 568.44046410918236 1210.7382073402405 721.65165188908577 1383.4218047484756 1442.320316195488 657.68149433284998 264.80994300171733 74.996230609714985 1469.2705098837614 3110.9785690307617 534.92683707177639 1269.7934688180685 310.95086695998907 497.33318136632442 157.96306895464659 63.057210706174374 384.90938260406256 5922.6650283336639 756.29944010823965 406.17441855370998 181.65918176993728 46.035982452332973 216.32037074863911 2449.1601755581796 4359.3821056932211 1518.5725743621588 97899.363509133458 214.10329440236092 116.00823311507702 1091.4337189048529
leaf_count=602536 4011 14676 4511 5264 1393 1277 4854 222 24666 2925 394 2651 1605 483 1720 356 611 5161 887 13187 2835 207 413 78727 3542 1288 84654 178 151 925
internal_value=0.0423543 -0.0275057 0.0586941 0.0290738 0.0269287 -0.0128762 -0.0479247 -0.00723332 -0.016712 0.0473511 0.0452504 0.0343295 -0.0342717 0.030127 0.000439882 -0.0278411 0.0605919 0.053222 0.0246873 -0.0496558 -0.0263125 0.0333886 0.0252136 -0.0503769 0.0611155 0.0565672 0.0612002 0.0595772 0.0573897 0.0634622
internal_weight=145881 27652.8 118228 7333.15 6665.28 2225.41 20319.6 2326.81 2037.71 5107.74 4338.47 2712.11 1521.69 1880.75 702.151 327.867 111563 7400.62 1477.95 19617.5 587.834 703.717 374.283 19029.6 104162 1903.48 102259 289.1 3226.99 1626.36
internal_count=866310 731216 135094 26588 34440 17765 704628 29077 28677 8823 5363 4044 16281 5747 7343 5210 100654 10559 5398 697285 16022 1484 2133 681263 90095 1899 88196 400 3076 1319
is_linear=0
shrinkage=0.05


Tree=31
num_leaves=31
num_cat=0
split_feature=0 4 1 4 0 1 2 0 2 4 0 2 1 8 1 2 9 2 0 1 0 4 0 2 4 5 2 2 8 4
split_gain=45065 14636.3 2862.04 1965.69 2417.16 1232.05 1106.2 707.334 673.772 631.095 533.143 485.244 382.995 377.255 312.91 310.402 308.189 155.622 52.6166 133.181 50.8769 48.025 163.649 105.157 22.2913 21.4261 37.0864 15.9043 14.5155 4.10227
threshold=0.31666667759418493 0.46563534438610082 0.53923079371452343 0.34498016536235815 0.47222222387790685 0.39559109508991247 0.1627137288451195 0.61250001192092907 0.80229884386062633 0.70473173260688793 0.087121214717626586 0.86706829071044933 0.680425524711609 6.5000000000000009 0.45889639854431158 0.18808962404727939 1.0000000180025095e-35 0.2014492750167847 0.074175827205181136 0.51925924420356762 0.36931818723678594 0.45738498866558081 0.47222222387790685 0.7589399814605714 0.13900966197252276 1.0000000180025095e-35 0.87585616111755382 0.82574188709259044 1.0000000180025095e-35 0.51869320869445812
decision_type=2 2 2 2 2 2 2 2 2 2 2 2 2 2 2 2 2 2 2 2 2 2 2 2 2 2 2 2 2 2
left_child=1 2 6 4 8 9 13 11 16 15 28 -6 -12 -1 -8 -3 -2 -11 29 -20 -10 22 23 -5 -9 26 -23 -24 -4 -7
right_child=3 5 10 21 7 18 14 24 20 17 12 -13 -14 -15 -16 -17 -18 -19 19 -21 -22 25 27 -25 -26 -27 -28 -29 -30 -31
leaf_value=0.046916074185693254 0.045958120530471443 0.040120527801007916 0.037865253227963469 0.0077274824877703631 0.027887226957925546 0.070185694128320528 -0.045335663193676587 0.059628627706381145 0.032827367827676042 0.058107307963579151 -0.023399817021358352 0.05593561882302537 0.044489603194728743 -0.021382253156870087 -0.01854376422454004 -0.013120142293920998 -0.012667281505873002 0.029477326594359012 0.016000365148415088 0.057436812377431992 0.058305961605846349 0.057317745690605673 0.053631328515949067 0.054652347873727372 0.055347358176807408 0.060907246815761679 0.060639165966496114 0.059820429116797552 0.064412276795414683 0.061574783033855621
leaf_weight=444.66534163430333 247.30621513724327 343.52090813592076 56.064914358779788 279.7352397069335 4646.2332689575851 144.49682482145727 17292.869097387418 4513.0273556634784 390.78628129512072 678.58572964370251 527.54178879223764 2307.9746370986104 342.69719106331468 370.78110428526998 1163.1146314907819 1348.1700425371528 2396.6172958835959 1579.3149902969599 234.31947115249932 1124.6553001217544 392.9552574083209 14331.07010807097 1450.0458411425352 208.28857508674264 9317.5430526509881 46605.817774564028 20322.368241980672 3652.9042044356465 631.31289262510836 3232.5102738514543
leaf_count=2876 1408 760 233 1551 19679 128 622679 4264 1313 615 12332 2644 1087 7082 31674 10137 47156 2324 506 1076 472 13669 1723 245 11389 41568 18176 3331 1393 2820
internal_value=0.0417928 -0.013123 -0.03586 0.0563866 0.0437883 0.0414028 -0.0411292 0.0502038 0.0048859 0.0207816 0.0293328 0.037196 0.00333481 0.015861 -0.0436472 -0.0023089 -0.0071836 0.0380817 0.0586 0.0502922 0.0456019 0.0598987 0.0554163 0.027755 0.0567444 0.0602071 0.0592656 0.0580617 0.062247 0.0619432
internal_weight=140577 29514.6 20829 111063 24212.4 8685.57 19271.4 20784.8 3427.67 3949.59 1557.62 6954.21 870.239 815.446 18456 1691.69 2643.92 2257.9 4735.98 1358.97 783.742 86850.2 5590.97 488.024 13830.6 81259.3 34653.4 5102.95 687.378 3377.01
internal_count=866310 697722 679356 168588 88325 18366 664311 37976 50349 13836 15045 22323 13419 9958 654353 10897 48564 2939 4530 1582 1785 80263 6850 1796 15653 73413 31845 5054 1626 2948
is_linear=0
shrinkage=0.05


Tree=32
num_leaves=31
num_cat=0
split_feature=3 4 1 0 3 4 0 2 0 3 2 0 3 0 1 4 1 2 2 2 4 0 1 1 0 2 2 0 4 2
split_gain=59808.5 14050.5 2902.5 1778.83 1570.28 1212.96 575.462 947.086 514.944 521.495 412.74 221.275 217.845 673.407 540.821 205.923 122.197 95.0785 103.453 54.7439 28.1244 42.7156 34.2738 23.6271 14.9859 14.213 12.1744 9.21679 6.93035 6.6671
threshold=0.13188406080007556 1.0000000180025095e-35 0.27823315560817724 0.2264957278966904 0.2639319002628327 0.45027472078800207 0.19090909510850909 0.25143678486347204 0.61250001192092907 0.050641026347875602 0.62115561962127697 0.31666667759418493 0.2828571498394013 0.47222222387790685 0.59417229890823375 0.70473173260688793 0.86425063014030468 0.68457102775573742 0.27320574223995214 0.77836257219314586 0.36971411108970648 0.080128207802772536 0.36700680851936346 0.66987180709838878 0.38750000298023229 0.62575301527977001 0.45407685637474066 0.27922078967094427 0.33215962350368505 0.90521115064620983
decision_type=2 2 2 2 2 2 2 2 2 2 2 2 2 2 2 2 2 2 2 2 2 2 2 2 2 2 2 2 2 2
left_child=1 3 4 19 11 8 7 -6 16 -10 23 15 13 14 -4 -2 -3 18 -5 25 21 -14 -22 -7 -19 -1 -13 -12 -8 -15
right_child=2 5 12 17 6 10 28 -9 9 -11 27 26 20 29 -16 -17 -18 24 -20 -21 22 -23 -24 -25 -26 -27 -28 -29 -30 -31
leaf_value=-0.05077095624029513 -0.033570875137565202 -0.050656279382248773 -0.003153760442394616 0.23814454628013065 0.048961582654852814 -0.042089281732406482 0.06999780767495499 -0.0041970076179715298 -0.052416167267147422 0.027359709164500257 0.11333890378481855 0.089565357219485761 0.073519914025419533 0.056797928452839021 0.056758082391489564 0.14065358513638257 -0.0029724517868826702 0.043203451716926307 0.037167212045173606 0.066389633362236453 0.052996654099198862 0.061102220925998242 0.059503499375148552 0.096829656432263919 0.058331553269109528 -0.014558605391021976 0.044747394897015166 0.065191893418866539 0.060487112890068175 0.060237301699208518
leaf_weight=445.50435374304652 1174.2087435889989 18832.520950052887 913.72672602720559 6.4550253488123408 1863.8053234294057 128.97345264442265 223.93716002255678 1522.1860404722393 384.52461969107389 438.42583839595318 10.28183615580201 20.979556951671839 729.11963690072298 2575.9797397181392 640.8700906932354 17.208625845611095 135.32176218926907 171.13557152450085 795.29790914431214 10.587242066860197 2076.1227762028575 13803.922888718545 80254.794301584363 3.1351506784558287 3768.8478546887636 28.851201944053173 54.553418383002281 298.86595800891519 1324.2100653424859 3110.3306264579296
leaf_count=15018 26717 694040 6865 84 2714 3236 171 5445 3519 666 33 41 564 2540 763 43 629 503 4329 12 2256 12272 75326 3 3605 483 95 283 1206 2849
internal_value=0.0411493 -0.0279286 0.0570925 0.0451523 0.0238604 -0.0468081 0.03661 0.0250639 -0.0486361 -0.00991567 0.0351817 -0.0257931 0.059072 0.0507065 0.0215444 -0.0310544 -0.0503161 0.0544806 0.0387853 -0.0460587 0.0596974 0.0617252 0.0593394 -0.0387925 0.0576745 -0.0485685 0.0571957 0.0667932 0.0618628 0.0586792
internal_weight=135765 25458.7 110306 5226.68 6201.09 20232 4934.14 3385.99 19790.8 822.95 441.256 1266.95 104105 7240.91 1554.6 1191.42 18967.8 4741.74 801.753 484.943 96864 14533 82330.9 132.109 3939.98 474.356 75.533 309.148 1548.15 5686.31
internal_count=866310 726443 139867 24034 36432 702409 9536 8159 698854 4185 3555 26896 103435 13017 7628 26760 694669 8521 4413 15513 90418 12836 77582 3239 4108 15501 136 316 1377 5389
is_linear=0
shrinkage=0.05


Tree=33
num_leaves=31
num_cat=0
split_feature=0 4 1 4 2 2 0 1 0 8 2 1 2 8 0 9 2 0 4 0 2 2 0 1 4 5 2 2 8 2
split_gain=39817.3 12806.5 3123.51 1942.84 2153.01 1197.07 1027.49 763.708 490.107 377.914 362.109 336.106 334.501 447.716 327.762 252.262 211.758 208.022 51.5685 162.923 99.0053 35.8722 33.0108 73.3642 28.6902 23.3514 40.38 17.6508 13.5065 2.61032
threshold=0.31666667759418493 0.53178024291992199 0.53923079371452343 0.34498016536235815 0.7589399814605714 0.17712418735027316 0.47222222387790685 0.37617924809455877 0.087121214717626586 7.5000000000000009 0.76506900787353527 0.45889639854431158 0.2014492750167847 11.500000000000002 0.61250001192092907 1.0000000180025095e-35 0.84273937344551098 0.61250001192092907 0.45738498866558081 0.47222222387790685 0.7589399814605714 0.88998898863792431 0.087121214717626586 0.55051019787788402 0.66807910799980175 1.0000000180025095e-35 0.84273937344551098 0.82574188709259044 1.0000000180025095e-35 0.40709352493286138
decision_type=2 2 2 2 2 2 2 2 2 2 2 2 2 2 2 2 2 2 2 2 2 2 2 2 2 2 2 2 2 2
left_child=1 2 5 4 6 9 15 12 28 -1 -10 -7 24 -14 -8 -2 17 -6 19 20 -5 -18 -9 -24 -3 26 -20 -21 -4 -27
right_child=3 7 8 18 16 11 14 22 10 -11 -12 -13 13 -15 -16 -17 21 -19 25 27 -22 -23 23 -25 -26 29 -28 -29 -30 -31
leaf_value=0.041421856093585292 0.042580469149453161 0.03465582601718243 0.038449782510119497 0.0062016773270824662 0.027512688864674919 -0.044222133974032872 0.023253907439472993 0.060258927884580843 -0.016522100380764911 -0.021414935668962107 0.049800313700963633 -0.016227479155597812 -0.0070147676252824741 0.037292509595369221 0.05242921672346515 -0.013644056504277866 0.049321477062293118 0.053112499890381359 0.055344963285586239 0.051713569253192496 0.052812833589308106 0.056122409688175001 0.027080127200887427 0.057025152043247852 0.055739022560855916 0.065022634466951237 0.059118378757712746 0.058463538005489174 0.063184771933084846 0.059627337879754584
leaf_weight=558.19978582672775 220.16887812316418 210.56961554288864 59.832667762413621 273.34613692015409 1570.7324366234243 16336.007516782731 3017.2940763309598 3018.6383566260338 581.57048398256302 418.80485551990569 318.52674198895693 1147.4893625807017 1156.4064834006131 1124.6524043679237 1413.6703057587147 2124.9602037128061 2378.7030302397907 1603.8174183890224 10580.508666284382 1357.0277872830629 195.3372991643846 10487.396445218474 262.33161079138517 928.4312347471714 690.49690003693104 225.36293955892324 21489.929568439722 3382.7854290157557 711.21064559742808 42841.09305152297
leaf_count=4089 1362 396 240 1551 6903 626396 15123 2846 12780 8879 723 31781 3890 2208 1950 45115 3564 2068 10964 1723 245 12240 408 923 670 183 20881 3331 1493 41385
internal_value=0.0406494 -0.0127829 -0.0334493 0.0549048 0.0420288 -0.0393749 0.0183975 0.0435042 0.0320094 0.0144861 0.0069481 -0.0423848 0.0250192 0.0148305 0.0325621 -0.0083655 0.0520114 0.040446 0.0585614 0.0537502 0.0256282 0.054865 0.057478 0.0504281 0.0508121 0.0588949 0.0578735 0.056531 0.0612653 0.0596556
internal_weight=130685 27523.2 20131.6 103162 22816.7 18460.5 6776.09 7391.53 1671.14 977.005 900.097 17483.5 3182.13 2281.06 4430.96 2345.13 16040.6 3174.55 80345.4 5208.5 468.683 12866.1 4209.4 1190.76 901.067 75136.9 32070.4 4739.81 771.043 43066.5
internal_count=866310 697722 686381 168588 88325 671145 63550 11341 15236 12968 13503 658177 7164 6098 17073 46477 24775 8971 80263 6850 1796 15804 4177 1331 1066 73413 31845 5054 1733 41568
is_linear=0
shrinkage=0.05


Tree=34
num_leaves=31
num_cat=0
split_feature=3 4 1 1 3 1 3 3 9 9 4 3 3 3 1 4 9 5 1 8 1 3 4 8 8 1 4 1 4 1
split_gain=53879.8 12297.4 2416.98 1277.78 1143.98 882.74 853.518 467.985 670.565 361.223 355.247 202.828 198.391 168.689 425.73 128.643 123.707 119.239 95.2428 79.5977 79.2796 77.9409 46.6881 40.0274 32.636 31.7143 27.8182 37.9074 25.6051 20.3058
threshold=0.16397849470376971 1.0000000180025095e-35 0.27823315560817724 0.80178570747375499 0.41421568393707281 0.42724868655204779 0.054804805666208274 0.11651583760976793 46.500000000000007 30.500000000000004 0.45027472078800207 0.24499999731779101 0.76696833968162548 0.2828571498394013 0.45889639854431158 0.46563534438610082 49.500000000000007 1.0000000180025095e-35 0.76253134012222301 4.5000000000000009 0.70106381177902233 0.098387096077203764 0.48507130146026617 2.5000000000000004 7.5000000000000009 0.32466214895248419 0.33215962350368505 0.36700680851936346 0.36406117677688604 0.58411949872970592
decision_type=2 2 2 2 2 2 2 2 2 2 2 2 2 2 2 2 2 2 2 2 2 2 2 2 2 2 2 2 2 2
left_child=1 5 4 7 9 16 28 10 -9 11 -3 -2 15 14 17 -6 25 -4 24 -11 -16 -8 -14 -18 -7 -1 29 -28 -5 -15
right_child=2 3 13 6 12 18 21 8 -10 19 -12 -13 22 26 20 -17 23 -19 -20 -21 -22 -23 -24 -25 -26 -27 27 -29 -30 -31
leaf_value=-0.042566928205129147 -0.037695759989695543 -0.050329604634803751 0.0030743270640500725 -0.055231194879849135 0.055032727525205119 0.036795129330197039 0.0133557056844625 -0.035966665383816286 0.07447738965646504 0.059302559005307336 0.01347241017449044 -0.001760390488175084 0.071106550946714572 0.064921500127299109 0.044711558374639027 0.024691537030410396 0.044559527786672007 0.046431379602140131 0.057232577960733888 0.010594923239119317 0.058368562258971926 0.050580689033178285 0.049817068461591299 0.0020589993076736862 0.052462735021832012 -0.013056680936057472 0.051357076061713219 0.058303451214245197 0.056009537122505941 0.059704470924220467
leaf_weight=213.32415361329913 635.15096605941653 17338.96073987335 557.22607247531414 361.46113618463278 438.92698666453362 1056.5100721083581 193.73396611213684 565.28111596032977 181.58206265605986 214.50783803500235 220.95384417846799 1028.5227876901627 319.86842769384384 2313.9038753062487 1428.0525150746107 1711.8302524238825 78.994759477674961 221.65520553663373 2767.3382086902857 137.73549505881965 4153.0199902206659 512.86684200912714 1321.2432295382023 185.47648588381708 484.93893566168845 158.83016493916512 2016.3327223621309 75709.539358898997 5.2480568736791602 9617.1976393908262
leaf_count=7185 16677 685213 3148 3421 636 4128 407 16009 1231 415 3137 8498 255 1963 2040 2831 774 1046 2750 797 4124 554 1406 4072 1584 3544 2329 76862 10 9264
internal_value=0.0400442 -0.026811 0.0560156 -0.0447694 0.0246936 0.0435646 0.00825355 -0.0478781 -0.00911481 -0.00574078 -0.0495268 -0.0154797 0.0408738 0.0579101 0.0500414 0.0308836 -0.0113921 0.0154129 0.0516845 0.0402567 0.0548741 0.0403744 0.0539666 0.0147535 0.0417241 -0.0299724 0.0584683 0.0581233 -0.0536392 0.0607163
internal_weight=126150 24325.5 101825 19380.1 5807.79 4945.41 1073.31 18306.8 746.863 2015.92 17559.9 1663.67 3791.87 96016.9 6359.95 2150.76 636.626 778.881 4308.79 352.243 5581.07 706.601 1641.11 264.471 1541.45 372.154 89657 77725.9 366.709 11931.1
internal_count=866310 734019 132291 709982 31515 24037 4392 705590 17240 26387 688350 25175 5128 100776 10358 3467 15575 4194 8462 1212 6164 961 1661 4846 5712 10729 90418 79191 3431 11227
is_linear=0
shrinkage=0.05


Tree=35
num_leaves=31
num_cat=0
split_feature=3 4 2 2 3 2 3 3 9 9 4 3 4 4 2 3 5 2 3 4 2 4 8 5 8 4 3 2 9 8
split_gain=50628.3 11236.1 2188.28 1949.05 1155.53 982.799 859.562 490.8 661.136 414.09 243.615 212.004 182.867 174.239 132.966 468.115 172.342 95.2344 91.442 59.0179 54.9406 51.11 50.2022 49.863 38.0327 24.6314 23.2158 102.976 17.8341 12.8348
threshold=0.18019481003284457 1.0000000180025095e-35 0.42776885628700262 0.82574188709259044 0.061553031206130988 0.61257407069206249 0.41421568393707281 0.11651583760976793 46.500000000000007 30.500000000000004 0.48507130146026617 0.76330533623695385 0.70473173260688793 0.46563534438610082 0.56992483139038097 0.3717105239629746 1.0000000180025095e-35 0.47856706380844122 0.10762548446655275 0.31440092623233801 0.7933771312236787 0.65648320317268383 1.0000000180025095e-35 1.0000000180025095e-35 2.5000000000000004 0.3824808150529862 0.26969698071479803 0.67962265014648449 38.500000000000007 5.5000000000000009
decision_type=2 2 2 2 2 2 2 2 2 2 2 2 2 2 2 2 2 2 2 2 2 2 2 2 2 2 2 2 2 2
left_child=1 5 6 7 23 17 9 10 -9 12 -3 13 -2 -8 15 16 -4 24 -6 -11 28 -13 -19 -5 -1 -17 27 -16 -7 -28
right_child=2 3 14 4 18 20 11 8 -10 19 -12 21 -14 -15 26 25 -18 22 -20 -21 -22 -23 -24 -25 -26 -27 29 -29 -30 -31
leaf_value=0.0048387011073083522 -0.017047241538973752 -0.050264602742448622 0.0038816446613786208 -0.052268252708329611 0.022109639662686014 0.051223973256345548 0.056021214418861057 -0.03511113843835769 0.064034508200987592 0.070340755705379621 0.020510881284775771 0.067334089075525003 0.054673631646244975 0.021307442790057043 0.032211727821571529 0.065389258873904288 0.04876696758226573 0.055342556988601826 0.052879200320135822 0.027582095614753284 0.056582543351260686 0.04738836059962713 0.0047497041445563768 0.2839201360621541 -0.030258813353930793 0.055106413934328004 0.05833606615037458 0.056927084619739471 0.037318570097621816 0.056650947267148914
leaf_weight=101.29084143787622 1477.26969560422 16411.171787235886 659.68390795961022 494.7928435318172 385.86379864439368 382.35865275189281 461.46921320259571 765.99840228818357 215.43526596389711 165.01206262037158 122.49198028072715 442.27063938975334 94.565391026437283 1668.2752852886915 469.22354221343994 692.39678756892681 316.4393818937242 55.559829954057932 645.20201028883457 157.94431924819946 2965.9613567739725 1173.0553295463324 417.36428521946073 1.1054064035415638 324.36251255869865 3665.0278088003397 68426.486630238593 4138.9165865182877 580.8782595358789 13534.87437556684
leaf_count=2135 22920 685981 2568 4615 671 1014 635 19749 1405 385 1044 361 189 2825 822 587 863 316 680 553 3028 1301 5483 1 10399 3935 71467 4338 1662 14378
internal_value=0.0395643 -0.0257048 0.0555364 -0.0429779 0.0111993 0.0424248 0.0253053 -0.047701 -0.0133476 -0.00213724 -0.0497403 0.0391896 -0.0127323 0.0288292 0.0573916 0.0497294 0.0184326 -0.00474921 0.0413641 0.0494293 0.0532132 0.0528494 0.0106934 -0.0515189 -0.0219068 0.0567404 0.0578636 0.0544104 0.0428383 0.0580578
internal_weight=121413 23869.8 97542.9 19042.1 1526.96 4827.78 5639.86 17515.1 981.434 1894.79 16533.7 3745.07 1571.84 2129.74 91903 5333.55 976.123 898.577 1031.07 322.956 3929.2 1615.33 472.924 495.898 425.653 4357.42 86569.5 4608.14 963.237 81961.4
internal_count=866310 738183 128127 714146 5967 24037 29169 708179 21154 24047 687025 5122 23109 3460 98958 7953 3431 18333 1351 938 5704 1662 5799 4616 12534 4522 91005 5160 2676 85845
is_linear=0
shrinkage=0.05


Tree=36
num_leaves=31
num_cat=0
split_feature=3 4 1 0 0 0 3 1 3 9 3 4 3 3 0 0 0 8 3 4 1 1 0 4 0 1 3 0 4 1
split_gain=47584.3 10574.1 2241.24 1971.46 1467.27 963.986 886.098 784.504 607.559 725.655 325.034 278.548 189.954 127.108 448.58 371.915 112.022 115.478 69.5289 51.193 33.4305 36.6484 30.6984 21.2877 29.9682 27.9318 18.3295 33.7911 7.10075 6.02898
threshold=0.18019481003284457 1.0000000180025095e-35 0.29061582684516912 0.61250001192092907 0.2264957278966904 0.19090909510850909 0.057983193546533592 0.12613636255264285 0.11651583760976793 46.500000000000007 0.43874999880790716 0.48507130146026617 0.24499999731779101 0.29705883562564855 0.47222222387790685 0.069047622382640853 0.43650794029235845 21.500000000000004 0.10762548446655275 0.36406117677688604 0.53923079371452343 0.55051019787788402 0.61250001192092907 0.3824808150529862 0.080128207802772536 0.72821971774101268 0.24499999731779101 0.31666667759418493 0.33215962350368505 0.46737588942050939
decision_type=2 2 2 2 2 2 2 2 2 2 2 2 2 2 2 2 2 2 2 2 2 2 2 2 2 2 2 2 2 2
left_child=1 4 5 8 20 7 19 12 11 -10 -9 -3 -2 14 15 -4 17 -6 -8 -5 29 -22 -18 24 -15 -25 27 -7 -28 -1
right_child=2 3 13 6 16 26 18 10 9 -11 -12 -13 -14 23 -16 -17 22 -19 -20 -21 21 -23 -24 25 -26 -27 28 -29 -30 -31
leaf_value=-0.051406206453544795 -0.012257329206894754 -0.050245072485734649 0.064420498613319041 -0.052137060491092325 0.02785254144747272 -0.054682412376127199 0.024897866857616305 -0.023939347391199337 -0.034324719257021338 0.063113703046500991 0.013139728369848114 0.023096319861495962 0.042301404746838162 0.06972554836928313 0.056844518229754094 0.0060995259864924777 0.046964251293001247 0.28183838643210379 0.052974535367865373 0.06312557267274975 0.15000757163189452 -0.016105694324970891 0.056694639168735433 0.055625911609566897 0.058709176531454133 0.057756431875607639 0.066502293836461848 0.04857191992968396 0.057211553346398561 -0.029012958490566971
leaf_weight=373.46040370129049 176.86864041164517 15786.850859789178 392.26719840988517 359.98341870307922 572.62399641424417 9.9436108674854022 354.91487099230289 1276.2798034269363 755.19435992836952 255.79924842528999 1100.804578140378 130.53239392489195 1627.9908477049321 650.80647492408752 4945.5757354795933 901.7912733592093 1202.0723751112819 4.5105360373854628 582.23755174875259 9.898135378956793 3.7504161261022082 28.956849753856659 2488.8690135478973 23091.01490842551 12004.407858766615 46091.333156727254 244.00998918898404 39.005840212106705 1308.4356272350997 32.688099039718509
leaf_count=14353 3090 687173 1100 3539 4356 194 555 18871 19773 1430 2035 1047 3495 544 5321 3023 1498 34 614 15 58 291 2633 25881 12372 50510 221 61 1409 814
internal_value=0.0391079 -0.0254424 0.0548859 -0.0426882 0.0413709 0.024734 0.0164776 0.0121019 -0.0472564 -0.00967108 -0.00676839 -0.0496436 0.0369549 0.0568658 0.0499868 0.0237783 0.0503225 0.0298375 0.0423414 -0.0490526 -0.0456878 0.00294187 0.0535256 0.0573902 0.0592757 0.0570453 0.057722 0.0275968 0.0586719 -0.0496039
internal_weight=116803 22942.3 93860.5 18235.4 4706.93 5783.34 1307.03 4181.94 16928.4 1010.99 2377.08 15917.4 1804.86 88077.2 6239.63 1294.06 4268.08 577.135 937.152 369.882 438.856 32.7073 3690.94 81837.6 12655.2 69182.3 1601.4 48.9495 1552.45 406.149
internal_count=866310 738183 128127 714146 24037 29376 4723 27491 709423 21203 20906 688220 6585 98751 9444 4123 8521 4390 1169 3554 15516 349 4131 89307 12916 76391 1885 255 1630 15167
is_linear=0
shrinkage=0.05


Tree=37
num_leaves=31
num_cat=0
split_feature=3 0 1 9 0 2 3 1 2 0 9 0 9 2 3 0 0 3 9 3 5 9 0 1 0 3 0 0 1 9
split_gain=44745 9178.01 2233.55 1575.86 922.673 1122.44 781.296 639.258 383.85 319.497 191.777 200.053 186.16 162.21 135.814 458.031 339.75 132.893 126.367 183.996 94.0254 66.1858 56.7191 24.2119 82.7654 18.0859 47.2012 12.3508 8.11085 4.3273
threshold=0.18019481003284457 0.47222222387790685 0.29061582684516912 26.500000000000004 0.19090909510850909 0.22361110895872119 0.089572194963693633 0.66384181380271923 0.50944742560386669 0.61250001192092907 62.500000000000007 0.2264957278966904 20.500000000000004 0.89498746395111095 0.29705883562564855 0.47222222387790685 0.069047622382640853 0.24499999731779101 26.500000000000004 0.082207206636667265 1.0000000180025095e-35 28.500000000000004 0.38750000298023229 0.36700680851936346 0.2264957278966904 0.2639319002628327 0.31666667759418493 0.087121214717626586 0.70659971237182628 1.0000000180025095e-35
decision_type=2 2 2 2 2 2 2 2 2 2 2 2 2 2 2 2 2 2 2 2 2 2 2 2 2 2 2 2 2 2
left_child=1 7 4 6 5 17 12 10 -7 13 21 -12 -3 -5 15 16 -4 -2 19 -9 -8 -1 -20 24 -16 26 -6 -25 -11 -27
right_child=2 3 14 9 25 8 20 18 -10 28 11 -13 -14 -15 23 -17 -18 -19 22 -21 -22 -23 -24 27 -26 29 -28 -29 -30 -31
leaf_value=-0.050736329919676797 -0.0030764605325187076 -0.043967286098093965 0.06170516769924779 0.016369743769223163 -0.042216989550295035 -0.01526200313572117 0.019931778073148023 -0.046365805837586926 0.063960396889545537 0.046434331284661734 -0.041918108857227777 0.021590274377991599 0.0022328861300206929 0.051819423957229049 0.031783268863380225 0.056255142778313408 0.0057997002638967322 0.047297674784950401 0.010710525692251407 0.041371302743568809 0.062825995595593084 -0.040823326527661657 0.056663321724414496 0.059998919901366812 0.056920322091308012 0.062099237085546877 0.053056940358703376 0.056864658054282535 0.053529313014078317 0.056291385110344261
leaf_weight=12359.696257492527 143.06579525209963 1055.7937201112509 389.13380670920014 1348.97783626616 16.274769097566605 2288.9199182167649 599.18578515946865 214.25163693539798 163.84419140964746 494.0672266036272 342.94317519105971 194.22874444536865 274.79127435386181 424.15971273183823 422.9344702064991 4752.4159035310149 901.01092717051506 1543.0395587980747 267.90761266835034 82.868652200326324 162.38042904436588 1949.3867163229734 89.610327661037445 3283.7736409604549 1450.6159444972873 474.59583573788404 64.608004383742809 73394.256198137999 2180.9172962382436 989.18953483551741
leaf_count=608065 1899 14676 1100 5325 258 22710 1517 4777 254 654 14021 3007 1605 509 655 5321 3023 2628 1938 462 155 78675 212 3455 1583 442 89 83614 2585 1096
internal_value=0.038674 -0.0251948 0.0542675 0.0244767 0.0239259 0.0116187 -0.01131 -0.0461526 -0.00996996 0.0413089 -0.0482848 -0.018955 -0.0344261 0.0248498 0.056306 0.0490827 0.0226619 0.0430234 0.00220196 -0.0218954 0.0290776 -0.0493858 0.0222284 0.0568617 0.0512459 0.0569027 0.0338865 0.0569989 0.0522189 0.0581744
internal_weight=112319 22041.2 90277.7 6540.27 5683.54 4138.87 2092.15 15500.9 2452.76 4448.12 14846.3 537.172 1330.58 1773.14 84594.1 6042.56 1290.14 1686.11 654.638 297.12 761.566 14309.1 357.518 78551.6 1873.55 1544.67 80.8828 76678 2674.98 1463.79
internal_count=866310 738183 128127 27026 29376 27491 17953 711157 22964 9073 703768 17028 16281 5834 98751 9444 4123 4527 7389 5239 1672 686740 2150 89307 2238 1885 347 87069 3239 1538
is_linear=0
shrinkage=0.05


Tree=38
num_leaves=31
num_cat=0
split_feature=0 4 1 4 0 1 6 6 1 0 1 1 4 5 0 8 0 4 1 1 0 1 6 4 5 5 8 8 8 4
split_gain=30059.1 9162.38 2411.98 1730.59 1648.69 912.647 841.092 831.462 761.145 547.715 350.791 265.934 243.328 160.738 149.946 109.035 56.8716 167.378 116.212 38.0483 30.4025 66.9905 28.7553 39.6714 28.3556 21.8498 35.198 18.7984 1.35118 0.321879
threshold=0.31666667759418493 0.53178024291992199 0.52223318815231334 0.35316231846809393 0.61250001192092907 0.81016731262207042 1.0000000180025095e-35 1.0000000180025095e-35 0.39559109508991247 0.087121214717626586 0.680425524711609 0.12613636255264285 0.73557159304618847 1.0000000180025095e-35 0.069047622382640853 13.500000000000002 0.47222222387790685 0.51869320869445812 0.72821971774101268 0.91751700639724743 0.095454547554254546 0.55051019787788402 1.0000000180025095e-35 0.13655789196491244 1.0000000180025095e-35 1.0000000180025095e-35 4.5000000000000009 4.5000000000000009 5.5000000000000009 0.46563534438610082
decision_type=2 2 2 2 2 2 2 2 2 2 2 2 2 2 2 2 2 2 2 2 2 2 2 2 2 2 2 2 2 2
left_child=1 2 7 4 5 6 -2 11 12 27 -11 -1 13 -3 -9 -14 17 18 -5 -7 -10 -22 23 -6 -19 26 -18 -4 -24 -27
right_child=3 8 9 16 22 19 -8 14 20 10 -12 -13 15 -15 -16 -17 25 24 -20 -21 21 -23 28 -25 -26 29 -28 -29 -30 -31
leaf_value=-0.02241293709320262 0.0060034180952394734 -0.01296084986864221 0.053286136660048181 0.0085090392016991551 0.055241894408866371 0.04416916156225642 0.059203088819694508 0.029097389740497939 0.057646827162364356 -0.023194702071154885 0.041777449890539282 -0.043232416404738142 0.021721671482958095 0.023028533448837162 -0.023249303193819841 0.046757174248916504 0.056223154440188827 0.048746471582546025 0.054327011449611273 0.057053905582562771 0.021122210801044556 0.053842025580752066 0.057442568680066419 0.048135671987478708 0.057200419291091868 0.058566667516928364 0.051852151923122591 0.070428238645136643 0.053959454778910503 0.057193791266386823
leaf_weight=1746.1334132757038 5563.2193145845085 686.23296846821904 465.42814999818802 367.80476554110646 3069.1043474376202 1445.691364146769 857.47484776750207 512.72955275326967 2426.1566468477249 572.18812928907573 326.17017231881618 12614.439464669675 1056.996363453567 566.25159028917551 186.58732061088085 738.94322066009045 21877.515809737146 1550.6527305394411 221.88252987712622 949.11486992239952 196.77382594347 763.07190915942192 2009.1859710589051 5454.3848566636443 2752.5751244202256 432.67685700207949 5833.861590988934 243.65714828856289 323.2226892337203 32214.432486645877
leaf_count=61854 68025 2882 1556 1637 3755 2845 1092 2511 2790 16841 1130 600019 1692 1856 1903 857 26277 2002 284 1121 341 923 2338 9448 3221 483 7449 567 393 38218
internal_value=0.0382397 -0.0123295 -0.0318942 0.0519962 0.0389965 0.0229334 0.0131082 -0.0381084 0.0383497 0.0263251 0.00039497 -0.0407009 0.0202257 0.00331005 0.0151306 0.0320226 0.0559152 0.0507307 0.025749 0.0492757 0.0546668 0.0471343 0.0520406 0.0506945 0.0541541 0.0563355 0.055303 0.0591765 0.0569599 0.057212
internal_weight=108025 23101.8 16667.3 84922.8 19671.4 8815.5 6420.69 15059.9 6434.43 1607.44 898.358 14360.6 3048.42 1252.48 699.317 1795.94 65251.4 4892.92 589.687 2394.81 3386 959.846 10855.9 8523.49 4303.23 60358.5 27711.4 709.085 2332.41 32647.1
internal_count=866310 697722 686381 168588 89017 73083 69117 666287 11341 20094 17971 661873 7287 4738 4414 2549 79571 7144 1921 3966 4054 1264 15934 13203 5223 72427 33726 2123 2731 38701
is_linear=0
shrinkage=0.05


Tree=39
num_leaves=31
num_cat=0
split_feature=3 4 1 0 0 0 3 1 3 9 3 4 3 3 0 1 0 8 3 4 0 1 8 1 0 3 0 4 4 0
split_gain=40550.5 9184.61 2160.46 1631.37 1224.47 844.894 795.785 659.339 596.497 635.097 272.089 262.775 158.611 145.516 452.654 325.559 102.596 102.529 69.1339 45.1654 35.6619 33.6852 67.0919 25.9543 80.5899 18.0587 41.7983 15.6477 5.44452 5.21436
threshold=0.18019481003284457 1.0000000180025095e-35 0.29061582684516912 0.61250001192092907 0.2264957278966904 0.19090909510850909 0.061553031206130988 0.12613636255264285 0.11651583760976793 46.500000000000007 0.43874999880790716 0.46563534438610082 0.24499999731779101 0.29705883562564855 0.47222222387790685 0.58898946642875682 0.43650794029235845 1.0000000180025095e-35 0.10762548446655275 0.36406117677688604 0.61250001192092907 0.46737588942050939 15.500000000000002 0.36700680851936346 0.2264957278966904 0.2639319002628327 0.47222222387790685 0.3891009390354157 0.33215962350368505 0.61250001192092907
decision_type=2 2 2 2 2 2 2 2 2 2 2 2 2 2 2 2 2 2 2 2 2 2 2 2 2 2 2 2 2 2
left_child=1 4 5 8 21 7 19 12 11 -10 -9 -3 -2 14 15 -4 17 -6 -8 -5 -18 -1 -23 24 -15 26 -7 -25 -27 -16
right_child=2 3 13 6 16 25 18 10 9 -11 -12 -13 -14 23 29 -17 20 -19 -20 -21 -22 22 -24 27 -26 28 -28 -29 -30 -31
leaf_value=-0.051227786573751488 -0.011132147531230263 -0.050068572611606535 -0.00084849394844446063 -0.051644343544457273 0.071619874925989382 -0.012831567902709224 0.02150499256677511 -0.022446405934905669 -0.032959347987082277 0.059805334952665073 0.011939383161979712 0.014764970443871539 0.03939374384212041 0.030707226105334131 0.052202413955307142 0.050460637252878172 0.044196430461925125 0.018030085332460977 0.050546145868450167 0.054934186222428065 0.05504209402335894 -0.016715235259786188 0.46221338391833866 0.057809297071596988 0.055895984168806048 0.064455455526548813 0.062147231306951968 0.055771909865346928 0.055754505076946528 0.056189322383043853
leaf_weight=328.26717749238014 172.32602328620851 13970.85766764544 718.93328252062201 355.7792969122529 110.719891179353 30.870819883421063 334.35920079052448 1225.187163528055 695.21765676140785 251.16627015545964 1084.5656358748674 158.05549743585289 1574.5037481095642 415.68581883609295 1091.266068033874 542.40286009758711 1150.9175648912787 460.33101875148714 529.39650333672762 10.226169824600218 2219.746579810977 61.010896444320679 0.74012578651308913 11200.037381343544 1345.020520016551 213.02978325635195 46.714898928999901 59437.014495298266 1152.2709113061428 3300.4278726354241
leaf_count=14353 3090 686236 3501 3551 313 297 542 18871 19773 1430 2035 1984 3495 655 1302 622 1498 4077 614 16 2633 1152 11 12803 1583 197 50 74266 1341 4019
internal_value=0.0377053 -0.0250592 0.053208 -0.0422521 0.0396565 0.0229181 0.0131222 0.01123 -0.0467692 -0.00834 -0.00630024 -0.0493433 0.0344093 0.0553422 0.0476161 0.0212156 0.0480186 0.0284205 0.0393043 -0.0486665 0.0513388 -0.0448546 -0.010975 0.0559455 0.0499492 0.0557787 0.0323137 0.056095 0.0571121 0.0551986
internal_weight=104187 20636.8 83550.3 16305.1 4331.73 5499.47 1229.76 4056.58 15075.3 946.384 2309.75 14128.9 1746.83 78050.8 5653.03 1261.34 3941.72 571.051 863.756 366.005 3370.66 390.018 61.751 72397.8 1760.71 1442.89 77.5857 70637.1 1365.3 4391.69
internal_count=866310 738183 128127 714146 24037 29376 4723 27491 709423 21203 20906 688220 6585 98751 9444 4123 8521 4390 1156 3567 4131 15516 1163 89307 2238 1885 347 87069 1538 5321
is_linear=0
shrinkage=0.05


Tree=40
num_leaves=31
num_cat=0
split_feature=3 4 1 3 4 1 3 1 9 4 1 1 9 3 1 5 4 3 1 9 9 8 1 8 1 3 1 1 6 4
split_gain=38177.4 8647.69 2157.62 1450.45 855.062 787.251 743.722 589.623 258.949 248.082 239.026 194.064 169.541 150.682 349.319 192.706 149.147 153.841 121.135 120.879 106.087 60.711 37.1165 34.0949 28.5789 56.9404 27.6794 20.4218 17.7058 13.9866
threshold=0.18019481003284457 1.0000000180025095e-35 0.29061582684516912 0.11651583760976793 0.45027472078800207 0.44562648236751562 0.43874999880790716 0.42724868655204779 33.500000000000007 0.69538706541061412 0.44862772524356848 0.84045451879501354 46.500000000000007 0.29705883562564855 0.58898946642875682 1.0000000180025095e-35 0.47395551204681402 0.76696833968162548 0.76253134012222301 53.500000000000007 49.500000000000007 4.5000000000000009 0.080540537834167494 7.5000000000000009 0.36700680851936346 0.39009661972522741 0.32466214895248419 0.7228132188320161 1.0000000180025095e-35 0.3891009390354157
decision_type=2 2 2 2 2 2 2 2 2 2 2 2 2 2 2 2 2 2 2 2 2 2 2 2 2 2 2 2 2 2
left_child=1 7 6 4 11 19 8 20 9 -2 -6 -3 -7 14 15 -4 28 -18 23 -5 26 -10 -22 -9 25 -15 -1 -16 -8 -26
right_child=2 3 13 5 10 12 16 18 21 -11 -12 -13 -14 24 27 -17 17 -19 -20 -21 22 -23 -24 -25 29 -27 -28 -29 -30 -31
leaf_value=-0.041112140155953797 -0.014844467629579448 -0.049565586002077541 0.012268158517805612 -0.043482581779481846 -0.031290171220844168 0.020936827465551561 0.063376230517355178 0.029498447335236523 0.05853633752835577 0.037177059501117611 0.059136657857770683 -0.017179474401441758 0.069577775054096333 0.022398441841784973 0.046489906226711057 0.053661465102503109 0.020517106297426625 0.04506756915172512 0.053370994390236251 0.025708574397628622 0.3143420485500677 0.013475310376513283 0.014739318087013113 0.046313307404537415 0.057309488312554918 0.052227480791323555 -0.011527860514089404 0.055708004794739821 0.044193296699173663 0.055342708658635144
leaf_weight=175.82351573742926 1603.8244104683399 13499.164212826639 937.54260913282633 505.09832502342761 105.43424362689257 385.55795042961836 496.88918676972389 979.44274113886058 196.9169220328331 267.38290459662676 238.13572555966675 478.97067512571812 334.6323811635375 178.7433438450098 730.14839013665915 401.6221141256392 1363.4115787297487 1199.4972026720643 2234.1189133748412 72.138685904443264 1.038181098178028 120.48452926799655 242.1243585832417 435.52087502926588 10744.365534134209 1524.5360360965133 143.66615382395685 3392.371354945004 158.70955564081669 56965.616027139127
leaf_count=7185 23492 686338 3213 18503 2912 1898 541 4128 294 487 364 2893 514 354 973 1011 2322 1497 2750 724 21 546 4825 1584 12803 1884 3544 4247 197 74266
internal_value=0.0373162 -0.0248089 0.052662 -0.0419544 -0.0465405 0.00866865 0.0221596 0.038775 -0.000327627 -0.00741094 0.0313866 -0.0484559 0.0435376 0.0548647 0.0468684 0.0246822 0.0374511 0.0320073 0.0461211 -0.0348356 -0.00886792 0.0414313 0.0160185 0.034674 0.0554939 0.0490972 -0.0278089 0.0540754 0.0587324 0.0556548
internal_weight=100113 19830.9 80282.1 15619.1 14321.7 1297.43 5407.12 4211.73 2188.61 1871.21 343.57 13978.1 720.19 74874.9 5461.68 1339.16 3218.51 2562.91 3649.08 577.237 562.652 317.401 243.163 1414.96 69413.3 1703.28 319.49 4122.52 655.599 67710
internal_count=866310 738183 128127 714146 692507 21639 29376 24037 24819 23979 3276 689231 2412 98751 9444 4224 4557 3819 8462 19227 15575 840 4846 5712 89307 2238 10729 5220 738 87069
is_linear=0
shrinkage=0.05


Tree=41
num_leaves=31
num_cat=0
split_feature=3 4 2 0 0 3 3 3 9 1 2 4 2 3 1 2 0 2 2 3 4 2 0 2 3 4 1 0 4 9
split_gain=35944.3 8131.04 2214.89 1521.99 1108.04 713.329 610.492 574.928 539.502 425.522 497.653 246.524 184.688 492.544 299.387 133.107 108.236 195.989 71.1468 69.2735 47.0336 42.9781 33.924 30.3266 62.6377 17.7777 12.3668 6.81113 6.59266 6.23273
threshold=0.18019481003284457 1.0000000180025095e-35 0.42776885628700262 0.61250001192092907 0.2264957278966904 0.050641026347875602 0.56385868787765514 0.11651583760976793 46.500000000000007 0.3551971316337586 0.22361110895872119 0.46563534438610082 0.57712131738662731 0.3717105239629746 0.58411949872970592 0.7933771312236787 0.19090909510850909 0.2014492750167847 0.27320574223995214 0.10762548446655275 0.36406117677688604 0.66323024034500133 0.080128207802772536 0.87585616111755382 0.26969698071479803 0.3824808150529862 0.53923079371452343 0.38750000298023229 0.56021979451179515 112.50000000000001
decision_type=2 2 2 2 2 2 2 2 2 2 2 2 2 2 2 2 2 2 2 2 2 2 2 2 2 2 2 2 2 2
left_child=1 4 6 7 21 20 9 11 -9 10 -2 -3 13 14 -4 18 17 -8 -6 -7 -5 29 -11 24 -14 -15 -23 -17 -18 -1
right_child=2 3 12 5 15 19 16 8 -10 22 -12 -13 23 25 -16 27 28 -19 -20 -21 -22 26 -24 -25 -26 -27 -28 -29 -30 -31
leaf_value=-0.050190142271393234 0.028822701387306544 -0.049764671372974273 -0.0044937324170367526 -0.052498623262363875 0.18311849127335969 0.020149033673276272 0.052395899212181879 -0.031654125020751669 0.054290496516752364 0.067720400742594639 -0.020017889288064406 0.013500303868156552 0.043933641847031413 0.060648859419258398 0.057542855302109591 0.039631027139619655 0.065693099934109156 0.018982250067717428 0.032493157862638407 0.049294770164411326 0.057691452979571706 -0.053064824232715739 0.038209945879806223 0.055927803528406761 0.054350183870576746 0.051442403752676148 0.035979845984517943 0.05353638631989574 0.053899121795477206 -0.0069310556774221767
leaf_weight=338.47612406313419 782.17065161652863 12726.972338261083 692.65635173767805 321.32854110747576 7.8857091404497615 344.45789761841297 742.34039890766144 662.89242001995444 252.01742128096521 190.99294755980372 1565.3652706984431 155.86852235719562 1529.2643794864416 628.7196718454361 270.40313674509525 91.570162981748581 161.50762029737234 1073.4748973324895 1343.5405101384968 499.51736262440681 9.9851218611001951 4.8341997563838985 198.7029662579298 40069.394146807492 25646.125868961215 3159.0770428478718 20.161055609583855 2299.4600735679269 444.85889258980751 8.5365265104919654
leaf_count=14976 3638 686236 3268 3505 84 589 798 19773 1430 239 21610 1984 2250 634 290 124 135 1788 5418 614 15 98 442 53910 34345 4261 125 2895 519 317
internal_value=0.0369141 -0.0245199 0.0521124 -0.0416268 0.037734 0.0129933 0.0204666 -0.0462793 -0.00798016 0.00428736 -0.00374479 -0.0489992 0.0543802 0.0448527 0.0129246 0.0459147 0.0387502 0.0326424 0.0333721 0.0373993 -0.0491777 -0.0445648 0.0526732 0.0550534 0.053764 0.0529705 0.0187582 0.0530038 0.0570405 -0.049126
internal_weight=96242.6 19087.5 77155.1 14973 4114.46 1175.29 5159.41 13797.8 914.91 2737.23 2347.54 12882.8 71995.6 4750.86 963.059 3742.46 2422.18 1815.82 1351.43 843.975 331.314 372.008 389.696 67244.8 27175.4 3787.8 24.9953 2391.03 606.367 347.013
internal_count=866310 738183 128127 714146 24037 4723 29169 709423 21203 25929 25248 688220 98958 8453 3558 8521 3240 2586 5502 1203 3520 15516 681 90505 36595 4895 223 3019 654 15293
is_linear=0
shrinkage=0.05


Tree=42
num_leaves=31
num_cat=0
split_feature=3 4 2 2 3 0 3 4 3 0 4 2 3 0 0 2 2 3 4 3 0 2 5 2 3 4 8 4 0 8
split_gain=33857.6 7652.28 2212.88 1487.6 1266.47 1028.6 572.175 282.562 272.618 255.453 216.981 193.418 480.554 240.232 176.756 269.108 145.516 125.983 102.257 91.6067 68.3826 41.4122 38.7484 33.1047 72.7776 15.9923 9.60827 8.44901 7.41151 5.43319
threshold=0.18019481003284457 1.0000000180025095e-35 0.42776885628700262 0.7589399814605714 0.061553031206130988 0.2264957278966904 0.43874999880790716 0.3003759384155274 0.11651583760976793 0.41428571939468389 0.69538706541061412 0.57712131738662731 0.3717105239629746 0.47222222387790685 0.19090909510850909 0.2014492750167847 0.7933771312236787 0.098387096077203764 0.46563534438610082 0.22902098298072818 0.61250001192092907 0.66323024034500133 1.0000000180025095e-35 0.86706829071044933 0.29705883562564855 0.3824808150529862 3.5000000000000004 0.41206791996955877 0.38750000298023229 5.5000000000000009
decision_type=2 2 2 2 2 2 2 2 2 2 2 2 2 2 2 2 2 2 2 2 2 2 2 2 2 2 2 2 2 2
left_child=1 5 6 8 22 21 7 19 18 -10 -9 12 13 -4 15 -8 20 -6 -3 -2 -7 -1 -5 24 -13 -14 -23 -16 -18 -25
right_child=2 3 11 4 17 16 14 10 9 -11 -12 23 25 -15 27 -17 28 -19 -20 -21 -22 26 -24 29 -26 -27 -28 -29 -30 -31
leaf_value=-0.048959333153738162 0.005744339348540968 -0.049906092690403081 -0.0024079443192428977 -0.050960647194646214 0.0060428663921665848 0.025507367650385894 0.049402206012481131 -0.016249096765750416 -0.033090004407368499 0.039154936828825919 0.033287290509458077 0.043350746905953245 0.05970065451499397 0.054913807121034677 0.067573961995961607 0.014024496908824761 0.03832495574830086 0.043797138591555589 -0.0034635043773020764 0.055411895029656558 0.052102396925939189 -0.010265924128517867 0.21327577381192922 0.055623575441077835 0.053954831993605935 0.050813687869924157 0.052082324242058664 0.053779458471033173 0.052962752596200736 0.051531842736916626
leaf_weight=331.19132460094988 144.5050285346806 11598.942040253431 706.5428661108017 739.86043340340257 301.79185428097844 1035.5029415078461 864.76571930199862 1467.5358504597098 608.23937195725739 153.173055768013 260.26593765616417 1740.8282794207335 607.3143735229969 246.56832990795374 140.82409872114658 1420.5305116027594 89.996847003698349 825.00593347474933 119.74568587914109 259.64699487760663 315.30137168616056 13.714476652443411 1.3900298085063685 38920.382735610008 22941.281291887164 3041.2499279677868 11.24657182395458 524.18406216800213 2210.4062875434756 828.56912354379892
leaf_count=15293 3230 678697 3286 10269 976 5105 982 19751 20602 372 490 2612 634 272 112 2604 124 1272 1953 1377 397 114 5 54672 32002 4261 109 623 2895 1219
internal_value=0.0365371 -0.0242577 0.0515937 -0.0413191 0.00029404 0.0368296 0.019752 1.64327e-05 -0.0475478 -0.0185565 -0.00878723 0.0539379 0.0440346 0.0124211 0.0340134 0.0274116 0.0447412 0.0336854 -0.0494315 0.0376532 0.0317151 -0.0442787 -0.0504651 0.0546452 0.0532069 0.0522929 0.017826 0.0567006 0.0523901 0.0555383
internal_weight=92470.5 18355.5 74115 14348.1 1868.05 4007.36 5082.26 2131.95 12480.1 761.412 1727.8 69032.7 4601.68 953.111 2950.3 2285.3 3651.21 1126.8 11718.7 404.152 1350.8 356.152 741.25 64431.1 24682.1 3648.56 24.961 665.008 2300.4 39749
internal_count=866310 738183 128127 714146 12522 24037 29169 24848 701624 20974 20241 98958 8453 3558 4321 3586 8521 2248 680650 4607 5502 15516 10274 90505 34614 4895 223 735 3019 55891
is_linear=0
shrinkage=0.05


Tree=43
num_leaves=31
num_cat=0
split_feature=3 4 2 2 3 0 3 1 2 3 9 2 3 1 2 3 1 0 4 0 9 2 2 3 0 1 1 6 0 9
split_gain=31889.7 7207.45 2217.16 1432.15 1180.12 956.403 546.443 511.817 604.188 271.932 334.329 203.364 486.795 282.305 154.418 119.452 112.463 70.3173 61.924 61.7277 60.3855 40.1484 31.9732 54.9485 31.8278 16.6597 11.2294 10.4694 8.0028 6.54074
threshold=0.18019481003284457 1.0000000180025095e-35 0.42776885628700262 0.7589399814605714 0.061553031206130988 0.2264957278966904 0.67543861269950878 0.3551971316337586 0.25143678486347204 0.11651583760976793 42.500000000000007 0.59611794352531444 0.3717105239629746 0.58411949872970592 0.7933771312236787 0.098387096077203764 0.79008570313453685 0.61250001192092907 0.62981480360031139 0.19090909510850909 101.50000000000001 0.66323024034500133 0.87585616111755382 0.24499999731779101 0.080128207802772536 0.24283374845981601 0.53923079371452343 1.0000000180025095e-35 0.38750000298023229 112.50000000000001
decision_type=2 2 2 2 2 2 2 2 2 2 2 2 2 2 2 2 2 2 2 2 2 2 2 2 2 2 2 2 2 2
left_child=1 5 6 9 20 21 7 8 -2 16 -11 12 13 -4 17 -6 -3 -7 27 -20 -5 29 23 -13 -9 -14 -23 -8 -16 -1
right_child=2 3 11 4 15 14 18 24 -10 10 -12 22 25 -15 28 -17 -18 -19 19 -21 -22 26 -24 -25 -26 -27 -28 -29 -30 -31
leaf_value=-0.049956574274960391 0.025585708791249648 -0.049704524786440815 -0.0016667891626451572 -0.051301329045960659 0.0057460454404853071 0.024123223382533428 0.060883654336306915 0.064388792405282794 -0.021669513002098725 -0.038295267317006547 0.037479474733482739 0.039909803709725605 0.035533049408098948 0.055367417787533728 0.037056457645235664 0.042639699080861904 0.010789866213482532 0.051478395976540227 0.029303210283873955 0.054251320049115696 0.099341405626986276 -0.052967069057337404 0.0552516031592378 0.053347854753389296 0.039808071197385053 0.052480601968480638 0.032668780029299051 0.041386341389580056 0.052405043707071358 -0.0044361712720768845
leaf_weight=308.00424205325544 1179.4411141872406 11102.036737983115 781.38704566285014 706.44043364562094 301.51947202719748 1040.051651161164 383.40334211289883 266.801947850734 1585.9790909867734 545.21438418515027 198.58922585099936 786.16109383106232 150.51089850068092 300.3645752966404 88.463298335671425 805.53127315081656 77.363300958648324 303.46771235764027 915.2948919609189 340.05403206497431 6.7156075406819573 4.7043304815888431 36689.337647758424 23503.921038620174 260.05076797306538 3966.1613666117191 20.55320280790329 83.921711802482605 2124.4151701927185 8.098910413682459
leaf_count=14976 6038 680094 3464 10252 976 5105 364 323 20008 19230 1744 1242 220 352 124 1272 556 397 1377 422 22 98 53910 34243 526 5527 125 111 2895 317
internal_value=0.0361692 -0.0240119 0.0510818 -0.0410318 0.000277969 0.036 0.0190284 0.00708951 -0.00151534 -0.0473382 -0.0180641 0.0535108 0.0440177 0.0141696 0.0436733 0.0325912 -0.0492859 0.0303021 0.0418452 0.0360613 -0.0498828 -0.0439432 0.05432 0.0529129 0.0522559 0.051861 0.0167187 0.0573823 0.0517915 -0.0487903
internal_weight=88834 17641.2 71192.8 13743.4 1820.21 3897.76 5014.95 3292.27 2765.42 11923.2 743.804 66177.8 5198.42 1081.75 3556.4 1107.05 11179.4 1343.52 1722.67 1255.35 713.156 341.361 60979.4 24290.1 526.853 4116.67 25.2575 467.325 2212.88 316.103
internal_count=866310 738183 128127 714146 12522 24037 29169 26895 26046 701624 20974 98958 9563 3816 8521 2248 680650 5502 2274 1799 10274 15516 89395 35485 849 5747 223 475 3019 15293
is_linear=0
shrinkage=0.05


Tree=44
num_leaves=31
num_cat=0
split_feature=3 4 2 2 3 0 1 2 0 3 0 3 0 1 2 3 1 3 0 0 0 3 4 2 2 5 2 0 0 1
split_gain=30045.1 6786.87 2221.73 1378.04 1099.88 889.304 584.616 621.918 794.577 273.763 232.052 164.976 481.152 284.113 162.637 113.158 110.142 87.5012 72.3817 52.6379 169.916 42.0539 39.4143 39.0651 28.0163 31.6277 17.015 8.5823 8.39346 1.59793
threshold=0.18019481003284457 1.0000000180025095e-35 0.45407685637474066 0.7589399814605714 0.061553031206130988 0.2264957278966904 0.3551971316337586 0.2014492750167847 0.19090909510850909 0.11651583760976793 0.41428571939468389 0.29705883562564855 0.47222222387790685 0.64365079998970043 0.7933771312236787 0.098387096077203764 0.79008570313453685 0.24499999731779101 0.43650794029235845 0.080128207802772536 0.19090909510850909 0.1863425895571709 0.36406117677688604 0.62575301527977001 0.87585616111755382 1.0000000180025095e-35 0.62988328933715831 0.38750000298023229 0.61250001192092907 0.46737588942050939
decision_type=2 2 2 2 2 2 2 2 2 2 2 2 2 2 2 2 2 2 2 2 2 2 2 2 2 2 2 2 2 2
left_child=1 5 6 9 22 23 7 17 -9 16 -11 12 13 -4 18 -6 -3 -2 -7 21 -21 -8 -5 29 25 -13 -25 -16 -14 -1
right_child=2 3 11 4 15 14 19 8 -10 10 -12 24 28 -15 27 -17 -18 -19 -20 20 -22 -23 -24 26 -26 -27 -28 -29 -30 -31
leaf_value=-0.050983350024472553 -0.00082856164449351228 -0.049576619133422789 -0.0045726082147077669 -0.050914375255034949 0.0054635828706492938 0.012846189280616352 0.17789391832781612 -0.012556323325702541 0.054178770698369044 -0.031942541205193263 0.037494385920818822 0.051108696941306701 0.048788968262814786 0.050009998877641598 0.03582356536767866 0.041499820594246097 0.010222960762466156 0.044222501110411656 0.037359085030178145 -0.055186798284456676 0.048192047355115245 0.06013185890546028 0.041055621237811091 0.15229724721098159 0.054964641334192411 0.054645476003393513 -0.0028446894988972964 0.051861337054846003 0.054290135767705451 -0.038362350735643383
leaf_weight=262.63764969259501 118.20540593378246 10587.149339754134 684.56894149258733 674.04187000542879 301.25922491773963 458.37402864173055 7.6778997071087352 2496.5657811518759 543.05523822456598 578.47995292022824 151.92099691554904 13607.360136948526 934.38156780600548 365.80533166229725 86.970986627042294 786.75708446279168 77.565415570512414 1222.2203709445894 877.95777885615826 42.885043431073427 543.30760924890637 601.70851156115532 11.854223899543284 1.8621137719601382 32712.085562877357 11804.841056361794 34.712657133117318 2041.4575721845031 2688.284220084548 27.726629544049501
leaf_count=14179 1292 680094 2644 10233 976 4213 19 24731 949 20602 372 20420 1327 464 124 1272 556 2053 1289 286 824 727 41 41 50342 18020 454 2895 4029 842
internal_value=0.0358081 -0.0237603 0.0505848 -0.0407319 0.000261847 0.0351841 0.0203368 0.011878 -0.000633507 -0.0471135 -0.0174999 0.0532705 0.0442321 0.0144364 0.0426224 0.0315218 -0.0491417 0.0402497 0.0289509 0.0513259 0.040629 0.0616156 -0.0493249 -0.0436441 0.0539971 0.0527517 0.00505398 0.051206 0.0528712 -0.0497782
internal_weight=85333.7 16960.7 68373 13169 1773.91 3791.7 5575.63 4380.05 3039.62 11395.1 730.401 62797.3 4673.04 1050.37 3464.76 1088.02 10664.7 1340.43 1336.33 1195.58 586.193 609.386 685.896 326.939 58124.3 25412.2 36.5748 2128.43 3622.67 290.364
internal_count=866310 738183 128127 714146 12522 24037 30881 29025 25680 701624 20974 97246 8464 3108 8521 2248 680650 3345 5502 1856 1110 746 10274 15516 88782 38440 495 3019 5356 15021
is_linear=0
shrinkage=0.05


Tree=45
num_leaves=31
num_cat=0
split_feature=3 4 1 0 0 0 3 3 1 9 8 4 3 0 0 0 3 1 3 4 1 0 1 8 1 0 3 1 4 9
split_gain=28313 6391.86 2207.82 1309.97 827.193 723.312 548.609 537.497 467.193 447.547 252.775 246.398 190.906 497.974 335.011 163.168 124.319 107.821 61.6613 45.1478 39.7693 100.697 33 42.1606 22.0611 8.28539 6.75708 12.7239 3.24948 2.49646
threshold=0.18019481003284457 1.0000000180025095e-35 0.29061582684516912 0.61250001192092907 0.2264957278966904 0.2264957278966904 0.050641026347875602 0.11651583760976793 0.11814556270837785 46.500000000000007 11.500000000000002 0.45027472078800207 0.29705883562564855 0.47222222387790685 0.069047622382640853 0.61250001192092907 0.26969698071479803 0.82807883620262157 0.10762548446655275 0.36406117677688604 0.36700680851936346 0.31666667759418493 0.46737588942050939 15.500000000000002 0.78679654002189647 0.61250001192092907 0.24499999731779101 0.27346041798591619 0.25342722237110143 25.500000000000004
decision_type=2 2 2 2 2 2 2 2 2 2 2 2 2 2 2 2 2 2 2 2 2 2 2 2 2 2 2 2 2 2
left_child=1 4 5 7 22 8 19 11 16 -9 -10 -3 13 14 -4 17 -2 -6 -8 -5 21 -14 -1 -24 -22 -15 27 -7 -28 -17
right_child=2 3 12 6 15 26 18 9 10 -11 -12 -13 20 25 -16 29 -18 -19 -20 -21 24 -23 23 -25 -26 -27 28 -29 -30 -31
leaf_value=-0.05095862276736092 -0.0033967860968349335 -0.049323881673117395 0.055583749847619407 -0.050204267571644069 0.022736125347333398 0.042372330281990944 0.01823643668628434 -0.030277570212502741 -0.019674056424465604 0.049646253770516673 0.0127814325972478 0.01124043971743572 0.025673849227564733 0.048341748404323044 -0.0028017785841556444 0.060373884010766959 0.036697497063272765 0.052609475341567957 0.046729159318635201 0.058100116462261764 0.052568705767605028 0.054219587215661086 -0.014928136666317295 0.30176755177450665 0.054606354670241955 0.05395014933262459 0.062498430589214685 -0.058619935752543123 0.053738961035479038 0.051732395972157022
leaf_weight=256.19805723614991 229.37750461511314 10535.600635143928 351.30916602909565 276.44632137566805 1216.007555231452 33.139114279299974 331.86596727371216 602.26064134947956 1362.009545115754 246.98847371153533 1072.1961017753929 170.65606053359807 448.40722937136889 885.64097829163074 817.21895477920771 87.9849504083395 1230.4277717582881 401.86814060807228 443.82328604161739 9.9694458097219449 22828.068740986288 993.29146897047758 56.355340085923672 1.0708725117146958 31769.987260133028 2567.9892011508346 119.29421976953745 3.4427944477647534 941.29273280128837 1668.3459453135729
leaf_count=14353 3392 685103 1100 3505 5367 88 589 19773 14010 1430 8204 3117 756 1302 3023 78 2190 521 614 15 36041 1482 1152 11 51028 4019 131 22 1339 2555
internal_value=0.0354568 -0.0235127 0.0501023 -0.0404371 0.0343929 0.0181369 0.0127031 -0.0453214 0.00803347 -0.0070332 -0.00537837 -0.0483585 0.0527324 0.0429657 0.0147514 0.0416124 0.0303975 0.0301564 0.034539 -0.0464345 0.0535379 0.0453411 -0.0432799 -0.00902246 0.0537544 0.0525119 0.0539955 0.0328678 0.0547242 0.0521653
internal_weight=81958.5 16305.4 65653.1 12617.6 3687.83 4991.18 1062.11 11555.5 3894.01 849.249 2434.21 10706.3 60661.9 4622.16 1168.53 3374.21 1459.81 1617.88 775.689 286.416 56039.8 1441.7 313.624 57.4262 54598.1 3453.63 1097.17 36.5819 1060.59 1756.33
internal_count=866310 738183 128127 714146 24037 29376 4723 709423 27796 21203 22214 688220 98751 9444 4123 8521 5582 5888 1203 3520 89307 2238 15516 1163 87069 5321 1580 110 1470 2633
is_linear=0
shrinkage=0.05


Tree=46
num_leaves=31
num_cat=0
split_feature=3 4 2 2 3 0 3 0 4 3 0 2 3 0 2 9 0 2 0 4 9 2 3 2 3 0 2 3 9 2
split_gain=26678.9 6014.76 2252.29 1302.86 977.233 768.78 542.82 326.462 278.666 270.393 436.904 179.221 488.893 248.243 178.381 111.874 110.977 147.188 75.79 61.89 58.4611 39.0231 31.9141 29.9762 31.0044 9.64457 8.99275 7.44686 6.93101 5.73772
threshold=0.18019481003284457 1.0000000180025095e-35 0.45407685637474066 0.7589399814605714 0.061553031206130988 0.2264957278966904 0.56385868787765514 0.31666667759418493 0.3003759384155274 0.10762548446655275 0.31666667759418493 0.63373982906341564 0.32575757801532751 0.47222222387790685 0.7933771312236787 46.500000000000007 0.19090909510850909 0.2014492750167847 0.61250001192092907 0.45027472078800207 101.50000000000001 0.66323024034500133 0.3717105239629746 0.87585616111755382 0.29705883562564855 0.38750000298023229 0.77836257219314586 0.81101191043853771 112.50000000000001 0.40838271379470831
decision_type=2 2 2 2 2 2 2 2 2 2 2 2 2 2 2 2 2 2 2 2 2 2 2 2 2 2 2 2 2 2
left_child=1 5 6 9 20 21 7 8 -2 19 -11 12 13 -4 18 -6 17 -8 -7 -3 -5 28 -14 24 -13 -16 -23 -18 -1 -9
right_child=2 3 11 4 15 14 16 29 -10 10 -12 23 22 -15 25 -17 27 -19 -20 -21 -22 26 -24 -25 -26 -27 -28 -29 -30 -31
leaf_value=-0.049638462823114432 0.03426920079517938 -0.050092382715694418 -0.0075776805269687861 -0.049898053689133012 0.019937773253180784 0.020229105388039292 0.048677778167448574 0.062419784854850752 -0.0084428992946190291 -0.041231392032558191 0.027500250277696155 0.044703269250576744 0.031805395222631684 0.050627166897017253 0.033517527947846383 0.0560494767810258 0.046396148496412812 0.018910038497495806 0.049818012493757002 0.0012894933237650912 0.098293564220035712 -0.0068413662683844342 0.05127468848817112 0.054375119968705615 0.052446110072539333 0.050846623620525312 0.054727635051703562 0.057370493131489467 -0.001087497131186294 0.047784585274861416
leaf_weight=268.49214765429497 461.75753881596029 9049.3093824610114 616.04030051082373 627.77102780807763 750.88934456184506 1045.9612266942859 647.89388135820627 158.2025767788291 2207.4476277790964 1005.949829810299 300.21631459891796 1389.901710703969 220.75116621702909 260.71735511720181 83.860421806573868 300.22587684541941 241.59660404920578 1156.5244190692902 272.879523858428 58.987834606319666 6.7264832872897378 15.396319005638363 4526.1545945554972 32096.356346964836 18524.493035078049 1886.7856735661626 9.6466707736253721 429.18962044268847 7.5578212402760974 116.13079965114594
leaf_count=14976 4867 639762 2510 10252 1827 5105 798 171 21985 58293 2114 2232 392 332 124 421 359 1988 397 1455 22 211 7154 53910 30716 2895 12 539 317 174
internal_value=0.035097 -0.0232446 0.0496152 -0.0401081 0.000673454 0.0335844 0.018796 0.00428431 -0.00105395 -0.0467087 -0.0254337 0.0525128 0.0440335 0.00973042 0.040584 0.0302522 0.0360536 0.0295984 0.0263513 -0.0497596 -0.048327 -0.0428876 0.0503693 0.0534296 0.0519057 0.0501092 0.0168753 0.0534179 -0.0483092 0.0562244
internal_weight=78743.8 15690.7 63053.2 12100.1 1685.61 3590.58 5418.74 2943.54 2669.21 10414.5 1306.17 57634.4 5623.66 876.758 3289.49 1051.12 2475.2 1804.42 1318.84 9108.3 634.498 301.093 4746.91 52010.8 19914.4 1970.65 25.043 670.786 276.05 274.333
internal_count=866310 738183 128127 714146 12522 24037 30881 27197 26852 701624 60407 97246 10388 2842 8521 2248 3684 2786 5502 641217 10274 15516 7546 86858 32948 3019 223 898 15293 345
is_linear=0
shrinkage=0.05


Tree=47
num_leaves=31
num_cat=0
split_feature=3 4 2 2 3 0 1 3 2 3 1 2 2 3 0 4 0 4 9 0 2 2 5 0 0 3 2 0 0 9
split_gain=25141.2 5663.01 2265.55 1255.41 909.799 714.655 571.13 581.966 464.477 271.686 446.338 184.256 173.708 452.578 253.211 117.446 76.0192 61.5335 53.4513 49.1487 38.3255 32.22 43.4537 26.3393 45.3777 20.0641 14.8564 14.7831 10.1758 7.9731
threshold=0.18019481003284457 1.0000000180025095e-35 0.45867486298084265 0.7589399814605714 0.061553031206130988 0.2264957278966904 0.40682870149612432 0.76330533623695385 0.22361110895872119 0.10762548446655275 0.44562648236751562 0.7933771312236787 0.63373982906341564 0.36038962006568914 0.47222222387790685 0.41206791996955877 0.61250001192092907 0.45027472078800207 101.50000000000001 0.19090909510850909 0.62575301527977001 0.87585616111755382 1.0000000180025095e-35 0.10555555671453477 0.19090909510850909 0.21807064861059192 0.62988328933715831 0.074175827205181136 0.38750000298023229 112.50000000000001
decision_type=2 2 2 2 2 2 2 2 2 2 2 2 2 2 2 2 2 2 2 2 2 2 2 2 2 2 2 2 2 2
left_child=1 5 6 9 18 20 7 8 -2 17 -11 16 13 14 -4 -6 -7 -3 -5 -9 29 22 -14 25 -25 -8 -22 -15 -13 -1
right_child=2 3 12 4 15 11 23 19 -10 10 -12 28 21 27 -16 -17 -18 -19 -20 -21 26 -23 -24 24 -26 -27 -28 -29 -30 -31
leaf_value=-0.050946747761380556 0.027897298622253059 -0.049998406583907452 -0.0034993839924024801 -0.049372895539947136 0.018381953867669856 0.019154980502416482 0.11128221220181277 0.034815157371701926 -0.012117543886968138 -0.041380600176059795 0.028398303444940376 0.032378898929115434 0.049340982982991888 0.055549000817286365 0.050183263033442088 0.055432504040716861 0.049237595756332818 0.0012240602967978102 0.089469191626837266 0.057210913256038033 0.1384685352994606 0.054111673193111068 0.054136743452904527 -0.029302816315365705 0.047735499669747578 0.058908018030079216 -0.0019541179109327993 0.048916985998761861 0.050333773335342696 0.0032553154910407046
leaf_weight=245.6683371020481 1058.6007972545922 8623.7443571481854 691.96119943261147 603.34624432679266 733.9935968182981 1049.2951298356056 18.995406784117222 788.55654127150774 2302.6925064455718 969.58797554578632 300.09969418961555 82.504053093492985 10514.604390256107 1148.7998259440064 321.82387194037437 301.85020341724157 262.55376116931438 59.032838756218553 7.012523502111434 355.37625741958618 1.9950347766280163 30675.883679628372 8575.7639390081167 19.944329299032688 459.5591628625989 489.84291829168797 33.709964845329523 3128.6171502992511 1812.5922700166702 6.9774753209203473
leaf_count=14715 4011 639762 2554 10252 1873 5105 23 1138 24179 57268 3139 124 18036 1720 447 375 397 1455 22 448 41 53910 14912 88 720 614 454 5327 2895 306
internal_value=0.0347455 -0.0229885 0.0491373 -0.039801 0.00064573 0.0328012 0.0185192 0.0109682 0.000484672 -0.0464911 -0.0248879 0.0395806 0.0521923 0.0435791 0.0135421 0.0291787 0.0251757 -0.0496502 -0.0477777 0.0417727 -0.0425971 0.053108 0.0514953 0.0529396 0.0445312 0.0608632 0.00589207 0.0506982 0.0495521 -0.0494498
internal_weight=75645 15094 60551 11598.7 1646.2 3495.3 5493.57 4505.23 3361.29 9952.46 1269.69 3206.95 55057.5 5291.2 1013.79 1035.84 1311.85 8682.78 610.359 1143.93 288.351 49766.3 19090.4 988.342 479.503 508.838 35.705 4277.42 1895.1 252.646
internal_count=866310 738183 128127 714146 12522 24037 31221 29776 28190 701624 60407 8521 96906 10048 3001 2248 5502 641217 10274 1586 15516 86858 32948 1445 808 637 495 7047 3019 15021
is_linear=0
shrinkage=0.05


Tree=48
num_leaves=31
num_cat=0
split_feature=3 4 2 2 3 0 1 3 2 3 1 2 2 3 0 5 0 4 0 9 2 2 5 0 0 9 0 2 0 9
split_gain=23697.6 5330.71 2269.08 1208.9 847.359 664.128 545.351 533.764 448.255 273.635 417.84 189.382 180.836 445.058 239.108 118.585 75.9169 61.1807 49.4656 49.1148 37.6569 34.5809 45.9731 33.9021 79.9197 14.7127 14.3795 11.7136 10.6868 7.92152
threshold=0.18019481003284457 1.0000000180025095e-35 0.45867486298084265 0.7589399814605714 0.061553031206130988 0.2264957278966904 0.38379706442356115 0.76330533623695385 0.27812939882278448 0.10762548446655275 0.44562648236751562 0.7933771312236787 0.63373982906341564 0.36038962006568914 0.47222222387790685 1.0000000180025095e-35 0.61250001192092907 0.45027472078800207 0.19090909510850909 101.50000000000001 0.62575301527977001 0.87585616111755382 1.0000000180025095e-35 0.087121214717626586 0.19090909510850909 46.500000000000007 0.074175827205181136 0.62988328933715831 0.38750000298023229 112.50000000000001
decision_type=2 2 2 2 2 2 2 2 2 2 2 2 2 2 2 2 2 2 2 2 2 2 2 2 2 2 2 2 2 2
left_child=1 5 6 9 19 20 7 8 -2 17 -11 16 13 14 -4 -6 -7 -3 -9 -5 29 22 -14 25 -25 -8 -15 -22 -13 -1
right_child=2 3 12 4 15 11 23 18 -10 10 -12 28 21 26 -16 -17 -18 -19 -20 -21 27 -23 -24 24 -26 -27 -28 -29 -30 -31
leaf_value=-0.050900274078898869 0.01964326029796493 -0.049903622228019258 -0.0033239299792449683 -0.048849022596121477 0.019853905329852515 0.018141804706745417 0.057463833845295992 0.033505291934241677 -0.017321596956066745 -0.040853964692132559 0.026790297722088352 0.031270428821538167 0.048834256814241167 0.055073105735674144 0.049502116905508056 0.063135538620850806 0.048664761119154083 0.0011619938033471243 0.056759744803404261 0.081978850223337923 0.11573576932111188 0.053861711492319345 0.053873966045918022 -0.040966182216210428 0.046047622858051043 0.095871652389034362 0.04839656872359184 -0.0018583186348392338 0.049828583263297865 0.0030827692945743224
leaf_weight=233.89492992777377 1551.1093825083226 8218.3509462922812 692.05952632054687 579.92089900095016 824.25584611110389 1052.4183364696801 499.25437603890896 762.33326603472233 1740.3189719542861 933.89166371338069 302.15238230675459 81.191190257668495 10102.97330891341 1101.9767091274261 310.23434729874134 195.86142505332828 252.6146000996232 59.075598062947392 326.67663703113794 7.2636917605996123 2.2597803846001616 29311.799004808068 8196.3034348040819 27.912214759737253 483.45392269268632 26.244743317365646 3007.2292600721121 33.67626123689115 1741.2317511588335 6.9990436304360619
leaf_count=14715 9066 639762 2554 10252 2015 5105 681 1125 18952 57268 3139 124 18036 1720 447 233 397 1455 427 22 41 53910 14912 151 801 18 5327 454 2895 306
internal_value=0.0343993 -0.0227272 0.0486712 -0.0394863 0.000620552 0.0320195 0.0178561 0.0101378 9.8359e-05 -0.0462623 -0.0243182 0.0385899 0.0518375 0.0429005 0.013027 0.0281639 0.0240501 -0.0495392 0.0404811 -0.0472306 -0.0422092 0.052797 0.0510916 0.0504633 0.0412981 0.059382 0.050187 0.0055364 0.0490018 -0.0493318
internal_weight=72664.9 14525.1 58139.9 11120.8 1607.3 3404.29 5417.3 4380.44 3291.43 9513.47 1236.04 3127.46 52722.6 5111.5 1002.29 1020.12 1305.03 8277.43 1089.01 587.185 276.83 47611.1 18299.3 1036.87 511.366 525.499 4109.21 35.936 1822.42 240.894
internal_count=866310 738183 128127 714146 12522 24037 31221 29570 28018 701624 60407 8521 96906 10048 3001 2248 5502 641217 1552 10274 15516 86858 32948 1651 952 699 7047 495 3019 15021
is_linear=0
shrinkage=0.05


Tree=49
num_leaves=31
num_cat=0
split_feature=3 4 1 0 3 0 0 1 3 9 3 0 0 3 9 0 1 3 1 1 6 1 1 5 1 3 0 0 1 9
split_gain=22337.5 5016.74 2261.18 1141.11 1209.62 827.204 618.056 371.577 226.223 198.833 185.963 394.497 288.755 159.48 173.684 147.079 117.972 113.155 94.2652 57.6881 53.0611 52.8785 39.9457 41.1844 27.0639 11.5091 19.8453 11.2049 3.07498 2.56164
threshold=0.18019481003284457 1.0000000180025095e-35 0.32466214895248419 0.47222222387790685 0.054804805666208274 0.2264957278966904 0.31666667759418493 0.11814556270837785 0.43874999880790716 53.500000000000007 0.2828571498394013 0.47222222387790685 0.074175827205181136 0.13188406080007556 46.500000000000007 0.61250001192092907 0.4380482435226441 0.26969698071479803 0.82807883620262157 0.4403389841318131 1.0000000180025095e-35 0.66384181380271923 0.76253134012222301 1.0000000180025095e-35 0.12060606107115747 0.24499999731779101 0.47222222387790685 0.61250001192092907 0.89009663462638866 3.5000000000000004
decision_type=2 2 2 2 2 2 2 2 2 2 2 2 2 2 2 2 2 2 2 2 2 2 2 2 2 2 2 2 2 2
left_child=1 6 5 13 20 7 16 17 -9 -6 11 12 -4 21 -15 18 24 -2 -8 -18 -5 -3 23 -12 -1 26 -7 -13 -24 -27
right_child=2 3 10 4 9 25 15 8 -10 -11 22 27 -14 14 -16 -17 19 -19 -20 -21 -22 -23 28 -25 -26 29 -28 -29 -30 -31
leaf_value=0.04656647790459801 -0.004994913779217962 -0.049755891185506274 0.057867717557458301 -0.050304682492009027 0.014036157691491061 -0.015344748098669155 0.020490585055059924 -0.019055677097847574 0.010248213058894624 0.060698218113311268 0.048363037493134066 0.045035459348484165 -0.0040133921270019204 -0.036434084216745301 0.038326886656554045 0.050413747790331698 0.24449557700298882 0.033282562232741418 0.050630087793468385 0.0053471934530914074 0.13916992791782584 -0.026562579933028796 0.05283313132144616 0.053123759350466149 -0.048296927404801883 0.054929322002419879 0.050451593610478233 0.052546643566879152 0.053896608525487638 0.050421189291106373
leaf_weight=7.7438884908333412 231.46362811885774 7812.6011752057821 259.25459686294198 947.50819152966142 948.45283193513751 17.139062453061342 1060.3380765244365 1369.9291114322841 1268.4087970778346 300.67053667083383 10146.680082693696 672.72010499238968 690.9342690743506 293.60366914980114 105.63903256133199 1491.5040755793452 2.5639921594411126 1164.1346777044237 343.46373031288385 152.82878707721829 3.7094606608152381 253.73129188641906 11130.428700491786 8225.5363272726536 258.36400405690074 641.4182330481708 34.588124506175518 1895.6135812997818 17459.042222447693 619.41168952733278
leaf_count=404 3392 673323 532 19001 3401 118 3191 21135 2410 493 18569 1160 2393 10292 777 2633 62 2190 512 2451 20 6839 21424 15617 14784 1021 49 3535 33532 1050
internal_value=0.0340532 -0.0224606 0.0482081 -0.0391618 -0.00708302 0.0172879 0.0312455 0.00606932 -0.00496752 0.025268 0.0514829 0.0403959 0.0128706 -0.0474996 -0.0166524 0.0394808 -0.0253226 0.0269341 0.0278647 0.00929316 -0.0495658 -0.0490263 0.0523136 0.0504945 -0.0455363 0.0517663 0.0286509 0.0505792 0.0534826 0.0527146
internal_weight=69809.4 13982.7 55826.7 10665.9 2200.34 5346.49 3316.81 4033.94 2638.34 1249.12 50480.2 3518.52 950.189 8465.58 399.243 2895.31 421.501 1395.6 1403.8 155.393 951.218 8066.33 46961.7 18372.2 266.108 1312.56 51.7272 2568.33 28589.5 1260.83
internal_count=866310 738183 128127 714146 22915 31365 24037 29127 23545 3894 96762 7620 2925 691231 11069 6336 17701 5582 3703 2513 19021 680162 89142 34186 15188 2238 167 4695 54956 2071
is_linear=0
shrinkage=0.05


Tree=50
num_leaves=31
num_cat=0
split_feature=3 4 1 0 3 0 0 1 8 0 3 0 0 9 3 9 1 3 1 6 1 1 8 3 0 3 0 0 8 1
split_gain=21060.3 4720.4 2248 1108.26 1132.38 791.313 580.808 339.532 288.088 193.87 193.839 423.969 296.672 189.1 160.802 161.645 113.099 104.172 55.2178 47.2966 38.9805 33.4485 30.7397 26.182 12.5844 11.5694 18.5729 2.9994 2.95747 1.72862
threshold=0.18019481003284457 1.0000000180025095e-35 0.32466214895248419 0.47222222387790685 0.054804805666208274 0.2264957278966904 0.2264957278966904 0.11814556270837785 11.500000000000002 0.61250001192092907 0.29705883562564855 0.47222222387790685 0.074175827205181136 53.500000000000007 0.13188406080007556 32.500000000000007 0.82807883620262157 0.26969698071479803 0.66384181380271923 1.0000000180025095e-35 0.78679654002189647 0.46737588942050939 15.500000000000002 0.86811593174934398 0.61250001192092907 0.24499999731779101 0.47222222387790685 0.41428571939468389 5.5000000000000009 0.60188680887222301
decision_type=2 2 2 2 2 2 2 2 2 2 2 2 2 2 2 2 2 2 2 2 2 2 2 2 2 2 2 2 2 2
left_child=1 6 5 14 19 7 21 17 -9 16 11 12 -4 -6 18 -16 -8 -2 -3 -5 23 -1 -23 -12 -13 26 -7 -27 -22 -11
right_child=2 3 10 4 13 25 9 8 -10 29 20 24 -14 -15 15 -17 -18 -19 -20 -21 28 22 -24 -25 -26 27 -28 -29 -30 -31
leaf_value=-0.050770378233096825 -0.0047587888495326568 -0.049679713222635438 0.056227772071578086 -0.049947231510611929 0.013387348920841742 -0.014644934902892851 0.017283687078312182 -0.019527097495404645 0.013865656068365663 0.04410375370200037 0.049277409843448805 0.044716044611718651 -0.0038873434342271414 0.059425415249995762 -0.040929671031378075 0.025342874465758086 0.050044287405773338 0.032051390028683006 -0.02573833454252927 0.12237621584560564 0.053408707500705144 -0.012459740432228139 0.23073883868692976 0.053511242680588413 0.052429741309568838 0.048733816331478011 0.049421648513710247 0.054001140028562038 0.048747221850087355 0.050501068246158833
leaf_weight=203.94232624210417 230.81808070279658 7442.6869243076071 284.03448604047298 907.58597558736801 944.7939991876483 17.062170738354325 1206.4572996348143 1460.2933866549283 1158.1448113378137 114.80945062637329 14299.079398930073 711.6109117269516 739.76029048487544 291.97758465632796 245.63319695461541 147.11726655717939 337.04905173182487 1148.8072644248605 248.88929627276957 3.9993633776903144 24997.912739902735 52.408090684562922 1.3323560431599606 4903.8166141584516 2057.5689273774624 407.43231163173914 33.56954712420702 802.80470235645771 344.95542922616005 1315.742520712316
leaf_count=14353 3392 673323 570 19001 3401 118 5367 14933 8612 195 28006 1274 2511 493 9399 1670 521 2190 6839 20 50310 1152 11 9361 4012 643 49 1428 718 2438
internal_value=0.0337125 -0.0221915 0.0477563 -0.038829 -0.00690891 0.0167112 0.0304881 0.00581922 -0.00475736 0.0367274 0.0511339 0.0402832 0.0127906 0.024256 -0.0473115 -0.0161052 0.0244375 0.0258929 -0.048905 -0.0491912 0.0520578 -0.0415231 -0.00643026 0.0503586 0.0504475 0.0512482 0.0278321 0.0522279 0.0533453 0.0499876
internal_weight=67062.1 13464.4 53597.7 10232.7 2148.36 5258.93 3231.74 3998.06 2618.44 2974.06 48338.7 3792.97 1023.79 1236.77 8084.33 392.75 1543.51 1379.63 7691.58 911.585 44545.8 257.683 53.7404 19202.9 2769.18 1260.87 50.6317 1210.24 25342.9 1430.55
internal_count=866310 738183 128127 714146 22915 31365 24037 29127 23545 8521 96762 8367 3081 3894 691231 11069 5888 5582 680162 19021 88395 15516 1163 37367 5286 2238 167 2071 51028 2633
is_linear=0
shrinkage=0.05


Tree=51
num_leaves=31
num_cat=0
split_feature=3 4 2 2 3 1 0 3 2 3 1 2 3 2 0 4 1 0 0 4 0 9 2 5 2 2 9 2 2 9
split_gain=19850.7 4440.43 2302.96 1100.63 700.544 602.725 539.302 518.91 349.048 278.852 370.697 202.151 149.595 365.114 188.383 125.05 74.0481 68.7979 159.224 64.6231 59.6103 46.194 37.5797 45.0927 37.064 31.0156 13.2547 12.054 11.5769 8.31777
threshold=0.18019481003284457 1.0000000180025095e-35 0.49253065884113317 0.7589399814605714 0.061553031206130988 0.38379706442356115 0.2264957278966904 0.72474747896194469 0.25143678486347204 0.10762548446655275 0.44562648236751562 0.7933771312236787 0.29705883562564855 0.67962265014648449 0.47222222387790685 0.41206791996955877 0.80178570747375499 0.087121214717626586 0.19090909510850909 0.45027472078800207 0.19090909510850909 101.50000000000001 0.87585616111755382 1.0000000180025095e-35 0.62575301527977001 0.78611555695533764 21.500000000000004 0.84889996051788341 0.77836257219314586 112.50000000000001
decision_type=2 2 2 2 2 2 2 2 2 2 2 2 2 2 2 2 2 2 2 2 2 2 2 2 2 2 2 2 2 2
left_child=1 6 5 9 21 7 24 8 -2 19 -11 16 13 14 -4 -6 -8 26 -19 -3 -9 -5 23 -14 29 -15 -7 -13 -26 -1
right_child=2 3 12 4 15 17 11 20 -10 10 -12 27 22 25 -16 -17 -18 18 -20 -21 -22 -23 -24 -25 28 -27 -28 -29 -30 -31
leaf_value=-0.050807638424323315 0.020020049584625374 -0.049662265104982901 -0.0077988097062799307 -0.047449207917948183 0.014536476417048312 0.055837910099114596 0.01621589588279165 0.029749631461325299 -0.013637565855682347 -0.039586397599982531 0.025509749416447243 0.038163045116152712 0.047929394861059911 0.037568039189451487 0.045213206876818283 0.054068383845019843 0.051812934460469154 -0.060541591543418642 0.041833376269961919 0.0044797583291673118 0.053902277641304286 0.079755672264368513 0.053228628214428732 0.052915825306017128 -0.011132633986785358 0.051897746571556339 0.07888409026690861 0.049463829637401847 0.053248001168009929 0.0061395273501040288
leaf_weight=205.38179560936987 1221.8575123231858 7127.8343779304996 494.10435457527637 518.61528644710779 699.26985576190054 619.29230657964945 1110.8523185066879 851.25723069161177 2084.3138246294111 834.99678944703192 296.30764463264495 286.48438638448715 9896.3014798425138 451.20269583910704 253.59496618062258 280.20472109131515 168.21448998898268 40.426276527345181 627.80968108400702 55.543108526617289 365.00466115027666 7.2366274259984484 23816.358097970486 8367.1284002885222 26.194956593215466 2315.2348486855626 69.378759182989597 1338.2475066930056 9.5205363333225232 6.6187805719673625
leaf_count=14715 6155 639762 1640 10252 1873 1008 5250 1335 22513 57268 3139 483 19787 841 404 375 252 236 1220 1455 557 22 50342 17413 483 4617 59 2536 12 306
internal_value=0.0333641 -0.0219148 0.0472947 -0.0384874 0.000853246 0.0178429 0.0297248 0.00907384 -0.00119876 -0.0456098 -0.0225366 0.0357659 0.0510925 0.0411819 0.0101811 0.0258456 0.0208974 0.0470694 0.03564 -0.0492436 0.0369979 -0.0456986 0.0519202 0.0502139 -0.0410914 0.0495606 0.0581597 0.0474712 0.00602905 -0.0490297
internal_weight=64444.8 12971.5 51473.3 9820.01 1505.33 5879.34 3151.51 4522.43 3306.17 8314.68 1131.3 2903.8 45593.9 3514.14 747.699 979.475 1279.07 1356.91 668.236 7183.38 1216.26 525.852 42079.8 18263.4 247.716 2766.44 688.671 1624.73 35.7155 212.001
internal_count=866310 738183 128127 714146 12522 33083 24037 30560 28668 701624 60407 8521 95044 7502 2044 2248 5502 2523 1456 641217 1892 10274 87542 37200 15516 5458 1067 3019 495 15021
is_linear=0
shrinkage=0.05


Tree=52
num_leaves=31
num_cat=0
split_feature=0 4 1 4 0 2 1 2 6 0 2 2 5 2 1 5 0 2 2 4 0 1 2 6 4 9 0 2 4 4
split_gain=14446.7 3516.29 1220 1217.8 978.169 680.81 660.604 522.862 415.355 343.402 210.218 208.165 193.862 180.779 80.5781 72.3985 147.736 118.411 53.2222 39.4612 30.2538 49.6871 26.788 26.5485 22.1436 13.1783 1.06739 1.02447 1.2184 0.308874
threshold=0.31666667759418493 0.53178024291992199 0.52223318815231334 0.39408509433269506 0.61250001192092907 0.17712418735027316 0.43534001708030706 0.86706829071044933 1.0000000180025095e-35 0.087121214717626586 0.63702240586280834 0.2014492750167847 1.0000000180025095e-35 0.76506900787353527 0.069366481155157103 1.0000000180025095e-35 0.47222222387790685 0.81204709410667431 0.87585616111755382 0.66807910799980175 0.095454547554254546 0.55051019787788402 0.89498746395111095 1.0000000180025095e-35 0.13900966197252276 47.500000000000007 0.86607143282890331 0.40709352493286138 0.62981480360031139 0.45027472078800207
decision_type=2 2 2 2 2 2 2 2 2 2 2 2 2 2 2 2 2 2 2 2 2 2 2 2 2 2 2 2 2 2
left_child=1 2 5 4 7 14 11 8 -2 25 -7 19 -13 -11 -1 16 17 -5 -18 -3 -8 -22 -9 24 -6 -4 -25 28 -17 -29
right_child=3 6 9 15 23 10 20 22 -10 13 -12 12 -14 -15 -16 27 18 -19 -20 -21 21 -23 -24 26 -26 -27 -28 29 -30 -31
leaf_value=-0.0055709573391861458 0.0050627965580041963 0.01525814028855701 0.05547515623926156 0.016678851009243892 0.049345414061037242 -0.038412473827573707 0.053729377809413573 0.03073650268113659 0.049918780158013903 -0.018681999924652106 0.013529051634261921 -0.01755981296477634 0.014462105526683033 0.041838080911511186 0.028544613397453678 0.067943395194114617 0.046357015022499115 0.049446341007462119 0.052533974943179795 0.04377719475981328 0.0068133513654767726 0.046750302422091126 0.04831355402916368 0.050930779524721463 0.042478136762834656 0.089243874828932257 0.05371569700567435 0.055472894707242662 0.055365340044084332 0.05321242556392284
leaf_weight=302.36842927895486 4112.1790850330144 167.18353883549571 407.78015721403062 624.01416732184589 1776.4946394897997 8064.7343774754554 1280.839126214385 265.58289352059364 590.14559076167643 412.3406577501446 199.61784314922988 750.13832119852304 1277.7081263847649 176.08581171836704 404.79469971824437 23.892017800360918 5876.8594417199492 493.93866985663772 8576.3444326259196 441.89578498154879 95.351451359689236 425.07636259868741 1179.2433269396424 596.25843153893948 3460.463766284287 31.09454233944416 813.46710756421089 152.34221160784364 99.161247402429581 18848.929610215127
leaf_count=5354 69802 396 2020 1882 3848 645683 2635 887 1225 17242 7636 3193 3287 729 7614 27 13062 1039 18926 670 237 923 2799 1275 10211 103 1726 293 160 41426
internal_value=0.0330215 -0.0107787 -0.0272187 0.046337 0.0331515 -0.0331288 0.0262591 0.0187754 0.0106923 0.0243944 -0.0371579 0.0103158 0.0026166 -0.000571449 0.0139575 0.0511991 0.0486678 0.0311563 0.0500223 0.0359491 0.0495989 0.0394332 0.0450826 0.0464472 0.0448077 0.0578677 0.0525378 0.05326 0.0578075 0.0532305
internal_weight=61926.3 14437 9998.82 47489.3 12793.8 8971.52 4438.19 6147.15 4702.32 1027.3 8264.35 2636.93 2027.85 588.426 707.163 34695.5 15571.2 1117.95 14453.2 609.079 1801.27 520.428 1444.83 6646.68 5236.96 438.875 1409.73 19124.3 123.053 19001.3
internal_count=866310 697722 686381 168588 91773 666287 11341 74713 71027 20094 653319 7546 6480 17971 12968 76815 34909 2921 31988 1066 3795 1160 3686 17060 14059 2123 3001 41906 187 41719
is_linear=0
shrinkage=0.05


Tree=53
num_leaves=31
num_cat=0
split_feature=3 0 1 4 3 0 4 3 3 4 9 4 0 3 0 5 9 8 0 5 1 1 1 5 1 3 0 0 0 8
split_gain=18159.5 4112.27 1986.87 849.744 1171.45 783.936 542.106 279.321 273.853 269.377 198.03 187.4 175.878 133.764 254.967 198.998 104.634 94.1241 76.1865 56.1342 54.8765 49.427 43.6427 49.0076 32.7418 22.8592 15.169 12.6172 12.2932 3.35834
threshold=0.19292803853750232 0.47222222387790685 0.35355392098426824 1.0000000180025095e-35 0.089572194963693633 0.2264957278966904 1.0000000180025095e-35 0.13188406080007556 0.71825397014617931 0.31440092623233801 47.500000000000007 0.36406117677688604 0.2264957278966904 0.2828571498394013 0.47222222387790685 1.0000000180025095e-35 52.500000000000007 1.0000000180025095e-35 0.61250001192092907 1.0000000180025095e-35 0.66384181380271923 0.82807883620262157 0.78679654002189647 1.0000000180025095e-35 0.46737588942050939 0.21240601688623431 0.38750000298023229 0.61250001192092907 0.41428571939468389 5.5000000000000009
decision_type=2 2 2 2 2 2 2 2 2 2 2 2 2 2 2 2 2 2 2 2 2 2 2 2 2 2 2 2 2 2
left_child=1 6 5 18 11 8 12 20 9 -2 -9 -5 24 14 15 -4 -6 -14 21 -10 -8 -3 23 -15 -1 26 -7 -16 -27 -24
right_child=2 3 13 4 16 25 7 10 19 -11 -12 -13 17 22 27 -17 -18 -19 -20 -21 -22 -23 29 -25 -26 28 -28 -29 -30 -31
leaf_value=-0.050677578228589232 0.032076762277454374 0.022658887476003975 -0.0033853242845926987 -0.045017480601779715 0.023675223872247256 -0.071243316891829028 -0.049488944837276311 -0.028513195309510748 0.041390566234926866 -0.0073531895432450371 0.039573579041278326 0.051139428132200918 0.055761286568481144 0.046925010166590841 0.042316359348892676 0.052547056617804955 0.058939331954986157 0.0021750998378628305 0.04877732037367119 0.016138178558100159 -0.02507804340245981 0.049372763682002246 0.052807914925300847 0.052377102653492852 -0.0054275222759690416 0.043328438177842918 0.025156541173843024 0.051491693421832289 0.053213007138361385 0.047508760390351318
leaf_weight=178.67546032648534 523.71165696904063 656.89110445231199 496.11716770008206 1032.4381725471467 858.60525457188487 5.9599569067358997 6558.0419737510383 500.84798282850534 525.72794572263956 2505.1909363679588 135.73608565703034 53.284871764481068 97.52393614500761 9249.0063014887273 503.66599611192942 234.04324489086866 278.60892067477107 513.06798757240176 1266.3777215331793 378.52058588713408 238.60486288648099 235.13324889540672 21995.359445691109 7435.047690808773 51.498566769063473 459.05645241215825 12.942628532648085 1463.0575391985476 999.24395022541285 303.1069158539176
leaf_count=14353 4435 1061 1541 20417 2285 60 673323 14705 747 19977 830 154 314 19871 1033 402 434 4096 2633 682 6839 417 50726 16931 1163 865 26 3261 2009 720
internal_value=0.032553 -0.0206209 0.0468434 0.0185468 -0.00315084 0.0183372 -0.0413614 -0.0456657 0.00667318 -0.000535563 -0.0139953 -0.0402983 -0.00330688 0.0505437 0.0397746 0.0145431 0.0323147 0.0107339 0.0408933 0.0308199 -0.048632 0.0297005 0.0512888 0.0493547 -0.0405534 0.0493933 -0.00523819 0.0491419 0.0501015 0.0527359
internal_weight=59745.1 12655.3 47089.8 4381.34 2222.94 5410.35 8274 7433.23 3933.15 3028.9 636.584 1085.72 840.766 41679.4 2696.88 730.16 1137.21 610.592 2158.4 904.249 6796.65 892.024 38982.5 16684.1 230.174 1477.2 18.9026 1966.72 1458.3 22298.5
internal_count=866310 743024 123286 27401 23290 28801 715623 695697 25841 24412 15535 20571 19926 94485 6237 1943 2719 4410 4111 1429 680162 1478 88248 36802 15516 2960 86 4294 2874 51446
is_linear=0
shrinkage=0.05


Tree=54
num_leaves=31
num_cat=0
split_feature=3 0 2 4 3 1 4 3 0 3 9 4 0 3 2 0 9 0 2 1 0 1 2 2 3 2 0 1 9 3
split_gain=17120.3 3875.91 2049.29 796.469 1097.18 544.193 531.128 439.311 290.332 281.591 179.932 178.958 164.435 106.692 269.506 128.429 96.7003 89.059 59.7322 57.1042 55.8254 52.6163 39.5547 35.0433 27.5757 26.8906 21.2293 50.0578 8.17015 6.15343
threshold=0.19292803853750232 0.47222222387790685 0.51087471842765819 0.10597148165106775 0.089572194963693633 0.45889639854431158 1.0000000180025095e-35 0.76696833968162548 0.31666667759418493 0.13188406080007556 47.500000000000007 0.36406117677688604 0.2264957278966904 0.29705883562564855 0.67962265014648449 0.47222222387790685 52.500000000000007 0.61250001192092907 0.27320574223995214 0.66384181380271923 0.19090909510850909 0.82807883620262157 0.87585616111755382 0.62575301527977001 0.89736840128898632 0.78611555695533764 0.095454547554254546 0.56711712479591381 6.5000000000000009 0.24499999731779101
decision_type=2 2 2 2 2 2 2 2 2 2 2 2 2 2 2 2 2 2 2 2 2 2 2 2 2 2 2 2 2 2
left_child=1 6 5 17 11 7 12 8 -2 19 -11 -5 23 14 15 -4 -6 21 -14 -8 -9 -3 24 -1 -15 -16 29 -28 -19 -7
right_child=2 3 13 4 16 26 9 20 -10 10 -12 -13 18 22 25 -17 -18 28 -20 -21 -22 -23 -24 -25 -26 -27 27 -29 -30 -31
leaf_value=-0.048698670685895819 -0.0017774525651905353 0.020659053557827899 -0.0082748968413493707 -0.045495429003995141 0.022842568554222023 0.079551345061100953 -0.049409012974136232 0.030288545085788984 0.047848354837285528 -0.027608707394800154 0.037082957478974748 0.048804498355110908 0.13035621665575886 0.048184316199228541 0.03625897833427516 0.042672770688788539 0.057537318765331573 -0.0055645789204776036 0.0081577708665702391 -0.024268636711794186 0.053496266008319748 0.048505855219324302 0.052657091263954806 0.0059433826475173354 0.053121216165451901 0.051107624494687282 0.020023988566579907 0.052266774835696445 0.048800351806720564 0.055937773251504508
leaf_weight=186.56737038679421 3254.5496423970908 665.1194423455745 354.23217083513737 975.15872491709888 842.85977861657739 29.209031611680984 6248.0427584601566 759.03389270976186 324.07512393221259 491.63223856687546 137.56129483878613 53.048557877540588 10.169671360403298 12113.518863867968 363.48023495823145 190.06497951596975 263.65976808965206 6.950020555406808 600.76663506031036 234.34506370220333 393.43731759116054 227.70758743584156 20751.613285973668 34.818056190386415 3690.1710369288921 1892.1082552112639 165.02374786511064 444.95013865455985 1226.6824914515018 497.38806974887848
leaf_count=15021 25288 1353 1077 20052 2259 25 673323 1236 543 14705 830 154 83 28143 753 349 428 80 4327 6839 674 427 50342 495 8347 4302 391 903 2648 913
internal_value=0.0322089 -0.020341 0.0463914 0.0181304 -0.00344442 0.0188262 -0.0409775 0.0113629 0.00271659 -0.0454005 -0.0134651 -0.0406302 -0.00318633 0.0505013 0.0410945 0.00951569 0.0311096 0.039789 0.0101919 -0.0485002 0.0382113 0.0277611 0.0512218 -0.0401049 0.0493371 0.0487148 0.049893 0.0435437 0.0484941 0.0572476
internal_weight=57427.9 12205.1 45222.9 4261.19 2134.73 5867.67 7943.9 4731.1 3578.62 7111.58 629.194 1028.21 832.322 39355.2 2799.89 544.297 1106.52 2126.46 610.936 6482.39 1152.47 892.827 36555.3 221.385 15803.7 2255.59 1136.57 609.974 1233.63 526.597
internal_count=866310 743024 123286 27401 22893 29973 715623 27741 25831 695697 15535 20206 19926 93313 6481 1426 2687 4508 4410 680162 1910 1780 86832 15516 36490 5055 2232 1294 2728 938
is_linear=0
shrinkage=0.05


Tree=55
num_leaves=31
num_cat=0
split_feature=3 0 2 4 3 9 0 0 0 4 3 4 4 3 5 2 5 0 2 3 0 2 2 5 3 0 8 5 2 8
split_gain=16157.1 3982.36 1787.05 581.948 1245.7 507.024 424.795 358.061 228.662 222.775 209.14 166.903 165.065 158.111 134.679 116.994 93.3032 91.2639 85.5122 165.608 164.498 72.8515 45.4144 42.4894 29.8198 81.1669 22.2244 21.2289 6.34192 6.33829
threshold=0.21240601688623431 0.47222222387790685 0.51087471842765819 0.10597148165106775 0.089572194963693633 31.500000000000004 0.2264957278966904 0.069047622382640853 0.2264957278966904 0.35149985551834112 0.93095237016677868 0.36406117677688604 0.46563534438610082 0.12310606241226198 1.0000000180025095e-35 0.54261502623558056 1.0000000180025095e-35 0.61250001192092907 0.84273937344551098 0.32575757801532751 0.47222222387790685 0.84889996051788341 0.86706829071044933 1.0000000180025095e-35 0.35504202544689184 0.31666667759418493 8.5000000000000018 1.0000000180025095e-35 0.50263157486915599 5.5000000000000009
decision_type=2 2 2 2 2 2 2 2 2 2 2 2 2 2 2 2 2 2 2 2 2 2 2 2 2 2 2 2 2 2
left_child=1 5 6 17 11 12 7 9 13 -2 -9 -5 21 -7 -10 -14 -6 22 19 20 -4 -1 -3 -21 25 -8 29 -28 -26 -20
right_child=2 3 18 4 16 8 24 10 14 -11 -12 -13 15 -15 -16 -17 -18 -19 26 23 -22 -23 -24 -25 28 -27 27 -29 -30 -31
leaf_value=-0.047903289813868322 0.041327433747098172 0.020629404356948863 0.0055652908399354342 -0.044765499641109312 0.026236313004055895 -0.044371342050342835 -0.040115003983110048 -0.057096703220318894 0.0011674864915221423 0.011021451837643605 0.039986270054027072 0.046582042796369037 -0.032056306789266568 0.0086452030163785987 0.1287881097497667 0.042900790307762005 0.056873633087604542 0.048082426257628652 0.05246781751203973 0.046170952677434776 0.044707395484329664 0.0048540801451151736 0.047586820711797984 0.052106215306783943 0.049488347262903409 0.043353830120576226 0.018047161258430863 0.050620627600453529 0.013186647179314948 0.048006670253545741
leaf_weight=6069.5955002522096 747.1803150717169 678.44622629508376 454.46484004706144 942.34467367641628 1060.5847023054957 650.77790096309036 35.950531985610723 267.17027604021132 777.29658192954957 3218.0569933727384 70.011161923408508 52.80682310089469 135.49490491114557 179.39764982741326 21.237579223699868 84.534728726372123 324.54989583045244 1185.2198444679379 22928.595816977322 6663.3683666735888 655.67505849525332 66.148464911617339 202.97634975239635 5507.8218531273305 1035.9505668319762 153.41175251454115 92.657533954828978 108.69838123396039 12.172513160854576 824.83635954931378
leaf_count=633216 3970 1363 1107 20052 2775 65717 185 1968 15964 15610 107 154 3661 2472 48 262 585 2732 57924 15400 1474 468 420 13716 2047 238 277 278 34 2086
internal_value=0.0318648 -0.0183108 0.0464466 0.0196096 0.00275575 -0.0394304 0.0199513 0.0125259 -0.0145405 0.0167321 -0.0369387 -0.0399182 -0.0458086 -0.0329147 0.00456165 -0.00325801 0.0334149 0.0390214 0.0503886 0.0471706 0.0286835 -0.0473345 0.0268372 0.0488568 0.0457677 0.0275072 0.0521727 0.0356314 0.0490668 0.0523129
internal_weight=55207.4 12431.4 42776 4446.93 2380.29 7984.48 5539.9 4302.42 1628.71 3965.24 337.181 995.151 6355.77 830.176 798.534 220.03 1385.13 2066.64 37236.1 13281.3 1110.14 6135.74 881.423 12171.2 1237.49 189.362 23954.8 201.356 1048.12 23753.4
internal_count=866310 749889 116421 28081 23566 721808 24159 21655 84201 19580 2075 20206 637607 68189 16012 3923 3360 4515 92262 31697 2581 633684 1783 29116 2504 423 60565 555 2081 60010
is_linear=0
shrinkage=0.05


Tree=56
num_leaves=31
num_cat=0
split_feature=3 0 2 1 9 3 1 3 9 0 0 5 9 9 0 3 2 5 8 5 0 2 5 0 1 2 9 8 3 8
split_gain=15235.3 3265.54 2263.48 562.722 562.696 450.574 433.143 265.894 250.424 190.734 174.093 164.757 181.637 136.895 142.353 136.043 277.023 160.902 103.443 91.4313 81.3434 48.2873 55.7771 27.4334 60.123 20.985 13.9132 12.4407 10.9584 7.34223
threshold=0.18019481003284457 0.47222222387790685 0.51087471842765819 0.45889639854431158 26.500000000000004 0.43874999880790716 0.52223318815231334 0.089572194963693633 33.500000000000007 0.61250001192092907 0.19090909510850909 1.0000000180025095e-35 28.500000000000004 31.500000000000004 0.2264957278966904 0.2828571498394013 0.71209660172462474 1.0000000180025095e-35 13.500000000000002 1.0000000180025095e-35 0.63068181276321422 0.87585616111755382 1.0000000180025095e-35 0.095454547554254546 0.56711712479591381 0.78611555695533764 63.500000000000007 8.5000000000000018 0.1863425895571709 5.5000000000000009
decision_type=2 2 2 2 2 2 2 2 2 2 2 2 2 2 2 2 2 2 2 2 2 2 2 2 2 2 2 2 2 2
left_child=1 6 3 5 7 8 13 20 -2 18 -7 12 -8 -1 -15 16 17 -4 -6 -9 -3 22 -17 28 -25 -18 -13 -11 -5 -23
right_child=2 4 15 23 9 10 11 19 -10 27 -12 26 -14 14 -16 21 25 -19 -20 -21 -22 29 -24 24 -26 -27 -28 -29 -30 -31
leaf_value=-0.049709136725247884 -0.014211213169537948 -0.044293572882494366 -0.0043731383121595165 0.12770441608129443 0.011544377199929515 0.016395585487890951 -0.036528853094615753 0.0054677393436473216 0.033408397459571831 0.043976485987964178 0.047776486174318678 0.090000203577368085 0.0057776183727338282 -0.042828528692761013 -0.0029150329781957099 0.045721908979086699 0.035009743561528327 0.051536125139427617 0.066974150688613704 0.057348074589657516 -0.010485341771152713 0.052441693597536393 0.051928260312855738 0.015775575384303398 0.051662101229618368 0.050348847263243485 0.18260831452570003 0.020339647477281377 0.056732381706248447 0.044477542195892311
leaf_weight=5037.928285558708 1916.5369897410274 437.7832700535655 478.79162053763866 5.4989732205867758 1153.8582105562091 1991.6544585190713 495.27118295058608 463.39857358857989 322.55107253044844 1251.0074560306966 568.01648825779557 24.465809908695523 520.16563905123621 668.46424623206258 335.51610266696662 8085.5919420793653 257.35232143849134 175.98748055100441 90.792172014713287 103.97940858453512 299.72751738131046 18766.636287104338 6554.9297329038382 162.62491602450609 413.40434965863824 1669.0298616997898 4.8616691064089528 58.260353323072195 498.06760214269161 293.92633370682597
leaf_count=596208 26114 12804 1483 4 5565 3712 30013 1517 951 3076 1073 160 8806 65859 10104 19677 552 324 269 155 3477 49944 17118 421 908 4099 7 163 939 808
internal_value=0.0315042 -0.0210563 0.0451496 0.0163674 0.0159542 0.00902979 -0.0412091 -0.0107572 -0.00735139 0.029602 0.0233593 -0.0114826 -0.014857 -0.0463493 -0.02949 0.0498128 0.0387498 0.0106538 0.0155878 0.0149755 -0.0305538 0.0506602 0.0485006 0.0489828 0.0415306 0.0482996 0.105352 0.0429247 0.0575074 0.0523189
internal_weight=53106.1 10945.5 42160.6 5878.35 3858.81 4798.76 7086.67 1304.89 2239.09 2553.92 2559.67 1044.76 1015.44 6041.91 1003.98 36282.2 2581.16 654.779 1244.65 567.378 737.511 33701.1 14640.5 1079.6 576.029 1926.38 29.3275 1309.27 503.567 19060.6
internal_count=866310 738183 128127 34122 27026 31850 711157 17953 27065 9073 4785 38986 38819 672171 75963 94005 6458 1807 5834 1672 16281 87547 36795 2272 1329 4651 167 3239 943 50752
is_linear=0
shrinkage=0.05


Tree=57
num_leaves=31
num_cat=0
split_feature=3 0 2 1 4 3 1 3 2 0 2 3 3 4 2 3 0 4 0 0 1 5 4 8 5 0 1 8 8 1
split_gain=14404.2 3524.9 1817.68 552.869 531.279 1109.38 450.509 341.479 310.26 268.047 244.995 192.872 113.328 128.978 95.187 171.488 161.627 84.7264 82.8551 55.0108 51.5963 46.9833 33.9364 23.7827 21.9029 17.8761 45.9207 6.85939 2.75907 2.44297
threshold=0.21240601688623431 0.47222222387790685 0.51087471842765819 0.48863048851490026 1.0000000180025095e-35 0.054804805666208274 0.4555336087942124 0.76696833968162548 0.21846590936183932 0.080128207802772536 0.25949975848197943 0.10762548446655275 0.13188406080007556 0.072372794151306166 0.84273937344551098 0.32575757801532751 0.47222222387790685 0.18379075825214389 0.61250001192092907 0.19090909510850909 0.82807883620262157 1.0000000180025095e-35 0.36406117677688604 8.5000000000000018 1.0000000180025095e-35 0.095454547554254546 0.56711712479591381 5.5000000000000009 16.500000000000004 0.60188680887222301
decision_type=2 2 2 2 2 2 2 2 2 2 2 2 2 2 2 2 2 2 2 2 2 2 2 2 2 2 2 2 2 2
left_child=1 3 6 12 18 22 7 10 -5 -10 -2 -7 13 -1 15 16 -4 -14 20 -9 -3 -17 -6 27 -25 28 -27 -16 -8 -20
right_child=2 4 14 8 5 11 25 19 9 -11 -12 -13 17 -15 23 21 -18 -19 29 -21 -22 -23 -24 24 -26 26 -28 -29 -30 -31
leaf_value=-0.020098582559902316 0.021720568856669807 0.019240458163206048 0.0041740136056088624 2.0653909173420217 -0.049145544513301768 0.00098499128567674089 0.055276575926166784 0.028299223583166819 0.066701911279825207 -0.016843071323369836 -0.0065563812646723223 0.038437681655963979 0.032400178967456471 -0.049865523114693153 0.052131495215888494 0.045192112661359321 0.043759554884104698 -0.031281658208088148 0.039295698417380814 0.052430752398388951 0.047930184129525918 0.051709275804481959 0.031307703176133767 0.01582148896712569 0.050122873449071986 0.01864843471869183 0.051511056278184746 0.047290032754995416 0.079667903030990306 0.047929183057298042
leaf_weight=392.97992512676865 1203.2992547638714 636.6022024974227 446.20547914505005 0.17997703608125348 733.0256653688848 508.00804511830211 458.3879352658987 729.49987112358212 103.59341139346361 1311.2803779309615 2107.8174383416772 1063.1311587095261 57.074829196557403 4918.4288887255825 20883.184899151325 6156.2966129519045 610.88293239846826 615.4243576163426 89.335472095757723 349.22320257499814 207.88976129889488 5020.8615591228008 13.346103243529795 87.580723498016596 99.312484391033649 146.2617477811873 389.09864825382829 758.1579811424017 11.894797831773756 989.51441602781415
leaf_count=19676 4769 1061 1107 3 18951 2537 922 1235 2772 53101 15294 2412 1486 625543 57924 15400 1474 19227 195 674 417 13716 70 277 278 355 895 2086 15 2438
internal_value=0.0311402 -0.0177372 0.0455586 -0.0385683 0.0186065 0.00248438 0.0185947 0.0116795 -0.0104621 -0.0107261 0.0037198 0.0263278 -0.0452147 -0.0476631 0.0498297 0.0462992 0.0270502 -0.025877 0.0380327 0.0361115 0.026303 0.0481197 -0.0477069 0.0518085 0.0340488 0.0487809 0.0425329 0.0519619 0.0558935 0.0472143
internal_weight=51097.8 11639.8 39458 7398.96 4240.85 2317.51 5395.48 4389.84 1415.05 1414.87 3311.12 1571.14 5983.91 5311.41 34062.5 12234.2 1057.09 672.499 1923.34 1078.72 844.492 11177.2 746.372 21828.2 186.893 1005.64 535.36 21641.3 470.283 1078.85
internal_count=866310 749889 116421 721808 28081 23970 24159 21972 55876 55873 20063 4949 665932 645219 92262 31697 2581 20713 4111 1909 1478 29116 19021 60565 555 2187 1250 60010 937 2633
is_linear=0
shrinkage=0.05


Tree=58
num_leaves=31
num_cat=0
split_feature=3 2 2 9 4 3 3 3 4 9 4 4 4 2 4 4 2 5 2 3 5 5 2 5 8 3 8 5 6 9
split_gain=13588.8 3145.03 1831.88 654.053 523.055 1015.53 320.886 180.282 379.544 178.033 224.266 177.727 146.672 142.203 119.44 116.269 115.403 114.035 100.064 173.348 95.7648 85.0088 65.7873 49.2863 44.8274 43.3184 24.3716 21.6887 14.1714 7.70035
threshold=0.21240601688623431 0.68457102775573742 0.51087471842765819 29.500000000000004 0.10597148165106775 0.089572194963693633 0.43874999880790716 0.10762548446655275 0.1003144644200802 9.5000000000000018 0.72513738274574291 0.46563534438610082 0.47395551204681402 0.39780220389366155 0.18731725215911868 0.34894689917564398 0.57712131738662731 1.0000000180025095e-35 0.84273937344551098 0.32575757801532751 1.0000000180025095e-35 1.0000000180025095e-35 0.84889996051788341 1.0000000180025095e-35 7.5000000000000009 0.18019481003284457 8.5000000000000018 1.0000000180025095e-35 1.0000000180025095e-35 6.5000000000000009
decision_type=2 2 2 2 2 2 2 2 2 2 2 2 2 2 2 2 2 2 2 2 2 2 2 2 2 2 2 2 2 2
left_child=1 3 6 11 22 15 9 8 -5 10 -2 25 28 -14 -9 -6 -13 -7 19 20 -4 -11 24 -21 -3 -1 -20 -28 -8 -24
right_child=2 4 18 7 5 17 12 14 -10 21 -12 16 13 -15 -16 -17 -18 -19 26 23 -22 -23 29 -25 -26 -27 27 -29 -30 -31
leaf_value=-0.048290190238918548 -0.016302464982156605 0.019971941229289657 0.015976347723127601 0.0039656119436195748 -0.04349954460047404 0.022570521835453713 0.051802741415758961 0.090468807267997761 -0.047198745017974081 0.013257034910623506 0.036920323642768163 -0.023026482278969265 0.013048213781217203 0.037979756893914689 0.0093154491065533043 0.03152028458724148 0.060677881221133073 0.058054506288679433 0.05179499613755472 0.044698363423218736 0.048729056006847245 0.052491197624656927 -0.0080504961816233161 0.05151914640200278 0.048492177210808819 -0.029860692019941182 0.015249210111674913 0.049877376687144731 0.034364659147373175 0.04705453975423067
leaf_weight=4974.6331019373611 1176.6085262428969 545.79040970373899 707.49984433501959 835.99214592250064 834.8494334872812 968.38137962389737 558.95306025072932 54.111190143041313 639.91826021485031 570.76067564450204 237.95773500204086 146.9331928845495 1540.5302087366581 909.65865166857839 279.69819892803207 55.05370226316154 57.210541001521051 295.5143775921315 20650.54905571416 5919.1138889454305 326.01944067329168 182.11409672349691 6.3784902840852729 4793.1734919697046 184.30138418730348 340.68521461822093 86.355948448181152 94.922269377857447 147.18766076862812 1042.2011683918536
leaf_count=611657 12866 1648 1839 17883 25135 3168 756 419 69284 3123 470 3757 3132 2217 4167 286 149 599 60010 15400 742 1331 78 13716 412 8684 277 278 264 2563
internal_value=0.0307813 -0.0174432 0.0451103 -0.0367979 0.0186293 0.00205802 0.0179183 -0.0107128 -0.018218 0.00310497 -0.00734935 -0.0453506 0.0280906 0.0223043 0.0224706 -0.0388585 0.000431362 0.0308671 0.049554 0.0458636 0.0263081 0.0227475 0.0386955 0.0477503 0.0271715 -0.047109 0.0516348 0.0333815 0.048168 0.0467193
internal_weight=49163.1 11261.7 37901.4 7329.18 3932.47 2153.8 5323.77 1809.72 1475.91 2167.44 1414.57 5519.46 3156.33 2450.19 333.809 889.903 204.144 1263.9 32577.6 11745.8 1033.52 752.875 1778.67 10712.3 730.092 5315.32 20831.8 181.278 706.141 1048.58
internal_count=866310 749889 116421 716000 33889 29188 24159 91753 87167 17790 13336 624247 6369 5349 4586 25421 3906 3767 92262 31697 2581 4454 4701 29116 2060 620341 60565 555 1020 2641
is_linear=0
shrinkage=0.05


Tree=59
num_leaves=31
num_cat=0
split_feature=3 2 2 9 4 3 1 3 2 1 5 3 4 1 4 2 3 1 3 2 5 8 4 4 8 5 3 1 8 9
split_gain=12812.8 2948.06 1848.39 642.447 488.021 943.479 436.355 313.961 222.232 211.603 170.14 164.732 364.653 126.092 119.103 105.534 176.921 110.454 88.4369 68.1864 51.6244 42.6623 35.1121 30.6171 24.9708 21.4583 13.0379 23.449 7.52098 7.46335
threshold=0.21240601688623431 0.68457102775573742 0.51087471842765819 29.500000000000004 0.10597148165106775 0.061553031206130988 0.45889639854431158 0.76696833968162548 0.2014492750167847 0.69337606430053722 1.0000000180025095e-35 0.10762548446655275 0.13900966197252276 0.39173060655593878 0.46563534438610082 0.84273937344551098 0.32575757801532751 0.58898946642875682 0.089572194963693633 0.84889996051788341 1.0000000180025095e-35 7.5000000000000009 0.65648320317268383 0.36406117677688604 8.5000000000000018 1.0000000180025095e-35 0.35504202544689184 0.58411949872970592 5.5000000000000009 6.5000000000000009
decision_type=2 2 2 2 2 2 2 2 2 2 2 2 2 2 2 2 2 2 2 2 2 2 2 2 2 2 2 2 2 2
left_child=1 3 6 9 19 23 7 8 -2 14 -7 12 -5 -13 -1 16 17 -4 -11 21 -18 -3 -9 -6 28 -26 27 -8 -17 -21
right_child=2 4 15 11 5 10 26 22 -10 18 -12 13 -14 -15 -16 24 20 -19 -20 29 -22 -23 -24 -25 25 -27 -28 -29 -30 -31
leaf_value=-0.047976737465805747 0.026647332302667331 0.019124340582404021 0.0072133049530846332 0.00277841921754916 -0.048558463623313314 0.015964766978668037 0.014512879994997757 0.048645744635751657 -0.0041465273146668339 -0.028255258351584225 0.05814871132443248 -0.0072320318317374531 -0.04845387050594116 0.054206384257749679 -0.0067145127699416501 0.051820137993695239 0.044200736385253049 0.040387787662807879 0.060339133908032874 -0.0076499369834006035 0.051333787235659484 0.047228467348083086 0.028539853510495067 0.027206143312664445 0.014690319694655783 0.049633375854669183 0.050792712454332339 0.05356854302358055 0.046518946543985626 0.046614086007679981
leaf_weight=4989.7981014517136 762.52401765435934 541.59085786342621 455.47109560295939 870.71442824276164 655.60432362183928 1130.2874607285485 73.705639056861401 310.4810147434473 2529.3471867162734 49.562546792440116 303.13647866295651 180.42386709153652 577.8040818865411 155.47594058839604 181.23930862825364 19009.810176949948 5692.2335267774761 558.65921081975102 65.255659574642777 6.3768948949873439 4575.4570942223072 179.88493142277002 722.33437869697809 13.611172248609362 85.189607162028551 90.725607797503471 782.56993955001235 80.306426979601383 693.47122205421329 1000.5047876164317
leaf_count=618853 2073 1648 1211 21480 23770 4697 159 415 18005 1350 622 3663 65687 923 3879 57924 15400 1370 165 78 13716 412 1495 99 277 278 1881 131 2086 2563
internal_value=0.0304124 -0.0171429 0.0446458 -0.0362827 0.0181804 0.00200079 0.0172336 0.0105326 0.00298652 -0.0450398 0.0248857 -0.0103421 -0.0176578 0.0212056 -0.0465305 0.0492741 0.0454115 0.0254883 0.0220964 0.0378637 0.0473793 0.0261315 0.034584 -0.0470175 0.0514661 0.0327117 0.0481756 0.0348777 0.0516336 0.0462704
internal_weight=47323.6 10901.3 36422.3 7070.27 3831 2102.64 5261.27 4324.69 3291.87 5285.86 1433.42 1784.42 1448.52 335.9 5171.04 31161 11281.8 1014.13 114.818 1728.36 10267.7 721.476 1032.82 669.215 19879.2 175.915 936.582 154.012 19703.3 1006.88
internal_count=866310 749889 116421 716000 33889 29188 24159 21988 20078 624247 5319 91753 87167 4586 622732 92262 31697 2581 1515 4701 29116 2060 1910 23869 60565 555 2171 290 60010 2641
is_linear=0
shrinkage=0.05


Tree=60
num_leaves=31
num_cat=0
split_feature=3 0 0 1 1 4 3 2 0 3 4 3 3 0 3 0 3 2 1 9 0 3 4 6 1 3 2 1 4 0
split_gain=12083.5 2983.03 1864.44 721.16 535.951 438.062 934.074 314.292 307.166 437.459 302.861 232.166 171.357 123.248 175.555 86.2198 85.5479 71.0238 63.6229 62.2807 55.2296 84.7635 54.587 50.6627 50.6342 20.7959 2.95112 2.58744 2.56246 1.89687
threshold=0.21240601688623431 0.43650794029235845 0.31666667759418493 0.44562648236751562 0.43405796587467199 1.0000000180025095e-35 0.054804805666208274 0.2014492750167847 0.069047622382640853 0.057983193546533592 1.0000000180025095e-35 0.63397127389907848 0.10762548446655275 0.095454547554254546 0.3717105239629746 0.61250001192092907 0.13188406080007556 0.87585616111755382 0.04124149680137635 32.500000000000007 0.47222222387790685 0.3717105239629746 1.0000000180025095e-35 1.0000000180025095e-35 0.82807883620262157 0.89736840128898632 0.90521115064620983 0.62192192673683178 0.38651514053344732 0.78888890147209179
decision_type=2 2 2 2 2 2 2 2 2 2 2 2 2 2 2 2 2 2 2 2 2 2 2 2 2 2 2 2 2 2
left_child=1 4 3 7 16 15 23 18 9 -6 -10 -9 -8 28 -15 24 22 20 -2 -18 21 -4 -1 -7 -3 -22 29 -17 -5 -19
right_child=2 5 17 13 8 6 12 11 10 -11 -12 -13 -14 14 -16 27 19 26 -20 -21 25 -23 -24 -25 -26 -27 -28 -29 -30 -31
leaf_value=-0.026842700536630668 -0.0080347948860885251 0.017149536597202496 0.01387578126887342 0.058062502376471904 -0.046136832281574509 -0.04776285826408725 0.00038844819018189715 -0.010201692333834268 0.011854562922786928 0.12711066404976393 -0.034598639780461259 0.018092880119911264 0.03633184496203222 -0.021979622668807701 0.041363147566669888 0.038073638101416105 -0.037608235012598322 0.050592962010245074 0.035149173761681751 0.00026909993887796129 0.046834895310879122 0.04336811075230617 -0.049949780061953608 0.13658796618891011 0.046773540824431067 0.052198153159552341 0.051925346629735164 0.046943069447891561 0.052534190764746538 0.046552384515170762
leaf_weight=273.1083784843795 93.618198122829199 624.30677631497383 293.76762181147933 264.47953562438488 62.704771488904953 663.10478173568845 495.92020281031728 2054.7094832248986 507.26221860293299 86.980324737261981 1138.1008001784794 1120.2724021673203 1000.704354967922 143.75152762234211 457.55029593780637 90.772952612489462 415.85299385059625 1956.4983092471957 959.00406248122454 146.8499308694154 8457.303292311728 1427.4849283993244 3983.8916181684472 3.7478804215788832 187.58411005884409 2298.6874671056867 14119.976721484214 873.47618160024285 1010.3490520045161 341.10402427613735
leaf_count=15646 307 1080 646 482 5938 19413 2570 17213 4002 944 85528 2098 2433 446 1263 217 18335 6287 2268 1822 25425 3902 589107 20 418 6878 45283 2416 2810 1113
internal_value=0.0300482 -0.0168457 0.0441898 0.0190807 -0.0373598 0.0175983 0.00249146 0.00763161 -0.0140388 0.0545353 -0.0202772 -0.00021813 0.0244217 0.0448798 0.02622 0.0359996 -0.0460455 0.0494939 0.0313085 -0.0277233 0.0466503 0.0383346 -0.0484673 -0.0467268 0.023994 0.0479811 0.0516549 0.0461081 0.0536811 0.0499931
internal_weight=45552.9 10554.4 34998.6 6103.73 6614.75 3939.62 2163.48 4227.6 1795.05 149.685 1645.36 3174.98 1496.62 1876.13 601.302 1776.14 4819.7 28894.8 1052.62 562.703 12477.2 1721.25 4257 666.853 811.891 10756 16417.6 964.249 1274.83 2297.6
internal_count=866310 749889 116421 26887 721322 28567 24436 21886 96412 6882 89530 19311 5003 5001 1709 4131 624910 89534 2575 20157 36851 4548 604753 19433 1498 32303 52683 2633 3292 7400
is_linear=0
shrinkage=0.05


Tree=61
num_leaves=31
num_cat=0
split_feature=3 2 2 9 4 3 1 3 4 1 4 3 3 4 2 3 1 4 4 3 2 8 3 4 8 9 3 1 8 9
split_gain=11396.8 2616.36 1863.63 619.5 425.188 837.424 407.554 283.025 214.825 196.902 146.163 291.99 177.842 119.5 115.621 182.051 105.66 104.663 90.367 77.4877 71.2298 41.1224 35.3547 33.7911 26.7749 20.9536 14.1951 23.838 8.18713 6.89772
threshold=0.21240601688623431 0.68457102775573742 0.51087471842765819 29.500000000000004 0.10597148165106775 0.089572194963693633 0.45889639854431158 0.76696833968162548 0.35149985551834112 0.69337606430053722 0.15022124350070956 0.10762548446655275 0.057983193546533592 0.46563534438610082 0.84273937344551098 0.32575757801532751 0.58898946642875682 0.34894689917564398 0.4360338300466538 0.089572194963693633 0.84889996051788341 7.5000000000000009 0.89736840128898632 0.65648320317268383 8.5000000000000018 16.500000000000004 0.35504202544689184 0.58411949872970592 5.5000000000000009 6.5000000000000009
decision_type=2 2 2 2 2 2 2 2 2 2 2 2 2 2 2 2 2 2 2 2 2 2 2 2 2 2 2 2 2 2
left_child=1 3 6 9 20 17 7 8 -2 13 12 -12 -5 -1 15 16 -4 -6 -7 -11 21 -3 -17 -9 28 -26 27 -8 -16 -22
right_child=2 4 14 10 5 18 26 23 -10 19 11 -13 -14 -15 24 22 -18 -19 -20 -21 29 -23 -24 -25 25 -27 -28 -29 -30 -31
leaf_value=-0.047645038738658135 0.027864186686119643 0.017446011871167372 0.0059763430303287407 3.0212176061423946e-05 -0.042010864597269909 0.01945369950774696 0.012437629947803163 0.047165946384657972 -0.0040059177725687792 -0.02710311645139056 -0.048093746249492551 0.013460391878550299 0.12097979966545419 -0.0056499566042086122 0.051533186203094231 0.044889327828353372 0.039137545583386384 0.029917307572520698 0.0492269729413728 0.0574316105745361 -0.0073230465306388624 0.045563284157529436 0.051973005625280226 0.026980781049500208 0.034127613338810814 -0.071464262339094239 0.050139969895558724 0.052782384589365544 0.045758887334534371 0.045801147369017282
leaf_weight=4563.1864897161722 663.9163965433836 529.22768832556903 445.22752985358238 870.44376691337675 756.70287825865671 829.69209312088788 71.617492537945509 296.04480277374387 2597.3406499866396 47.302595137618482 511.50423578219488 309.07556643104181 31.491947608999908 175.93055585026741 17305.283412575722 7096.3847196735442 521.65423054620624 54.197477305307984 367.84977709967643 63.497924096882343 6.1509021632373324 172.39973493665457 2343.0282835736871 691.94998147711158 158.61233606189489 4.8416936732828608 717.98299684002995 74.908406272530556 636.44153427705169 925.12469068169594
leaf_count=618853 4346 1648 1211 22812 25135 2946 159 415 15732 1350 63695 4478 768 3879 57924 21963 1370 286 821 165 78 412 7153 1495 530 25 1881 131 2086 2563
internal_value=0.0296952 -0.0165611 0.0437458 -0.0353973 0.0174373 0.00203163 0.0159514 0.00958459 0.0024821 -0.0445456 -0.00963921 -0.0249091 0.00425328 -0.0460861 0.0487309 0.0445311 0.0238675 -0.0372035 0.0285992 0.0213423 0.036386 0.0243548 0.0466476 0.0330291 0.0511448 0.0309999 0.0472456 0.0330631 0.0513284 0.0454503
internal_weight=43839 10213.8 33625.2 6572.43 3641.35 2008.44 5113.76 4249.25 3261.26 4849.92 1722.52 820.58 901.936 4739.12 28511.5 10406.3 966.882 810.9 1197.54 110.801 1632.9 701.627 9439.41 987.995 18105.2 163.454 864.509 146.526 17941.7 931.276
internal_count=866310 749889 116421 716000 33889 29188 24159 21988 20078 624247 91753 68173 23580 622732 92262 31697 2581 25421 3767 1515 4701 2060 29116 1910 60565 555 2171 290 60010 2641
is_linear=0
shrinkage=0.05


Tree=62
num_leaves=31
num_cat=0
split_feature=3 2 2 9 4 3 3 4 5 5 4 6 4 2 3 2 2 2 5 2 4 3 5 3 8 4 8 9 8 2
split_gain=10744.1 2480.24 1850.02 632.634 381.371 804.358 262.676 196.283 353.41 164.332 157.169 150.348 235.402 115.601 164.996 101.877 94.0521 85 106.471 72.9268 70.6828 60.6559 60.3034 54.5568 38.943 29.3392 27.6159 23.1767 8.59849 7.4759
threshold=0.21807064861059192 0.68457102775573742 0.51087471842765819 29.500000000000004 0.10597148165106775 0.061553031206130988 0.56385868787765514 0.33215962350368505 1.0000000180025095e-35 1.0000000180025095e-35 0.46563534438610082 1.0000000180025095e-35 0.14717282354831698 0.84273937344551098 0.32575757801532751 0.57712131738662731 0.67962265014648449 0.423303171992302 1.0000000180025095e-35 0.84889996051788341 0.16015266627073291 0.30602006614208227 1.0000000180025095e-35 0.18019481003284457 7.5000000000000009 0.36406117677688604 8.5000000000000018 16.500000000000004 5.5000000000000009 0.50263157486915599
decision_type=2 2 2 2 2 2 2 2 2 2 2 2 2 2 2 2 2 2 2 2 2 2 2 2 2 2 2 2 2 2
left_child=1 3 6 10 19 25 7 21 -9 -7 23 12 -5 14 16 -12 -4 18 -8 24 -13 -2 -16 -1 -3 -6 28 -28 -15 -19
right_child=2 4 13 11 5 9 17 8 -10 -11 15 20 -14 26 22 -17 -18 29 -20 -21 -22 -23 -24 -25 -26 -27 27 -29 -30 -31
leaf_value=-0.047693114712292303 0.012828196671700291 0.016689116987184168 0.0071618096233841801 0.0036650936529294062 -0.047658258912144563 0.014741629380800363 0.033501919353181205 -0.021560284847004195 0.018525217124185433 0.057223886750165133 -0.023281311147347782 0.19634333626262065 -0.035141366884364415 0.051393794040922536 0.04262569121125849 0.056074844485955899 0.039279524529847516 0.044288121954311491 0.0077753941075924624 0.044991037467864113 0.032141082873330472 0.0463117102466164 0.050841473755532419 -0.026309090195305546 0.044311015196994763 0.026434980288781704 0.033430492513131037 -0.082413958489857844 0.045334248121714188 0.012596826564728264
leaf_weight=4146.7454957347363 238.88309405557811 525.66134421527386 435.49136629700661 894.49408127041534 582.00037261610851 1126.7687194389291 895.59275455772877 1103.8878481723368 1095.5439096782357 285.27146030217409 142.1897943476215 6.8810855597257605 693.97396059148014 16480.034691438079 5041.0387287214398 56.520888124592602 478.26793875545263 629.97932098805904 729.96035826951265 894.67913832142949 137.80904553737491 311.78496658802032 4010.2997587509453 321.38750844914466 168.50868671946228 13.674693309701977 153.44016835466027 4.4425908140838137 607.00279707089067 19.175458893179893
leaf_count=611657 2820 1648 1168 22943 23770 4805 1607 7730 7665 645 3815 52 67751 57845 15400 152 1315 1619 1591 2641 1118 656 13716 8977 412 99 529 23 2077 64
internal_value=0.0293171 -0.01597 0.0433614 -0.03464 0.0172529 0.00276888 0.0154873 0.00509028 -0.00159357 0.0233242 -0.0442199 -0.0088442 -0.0132888 0.0485088 0.0442216 -0.000709397 0.0239724 0.0280572 0.0219493 0.0355554 0.0399501 0.0317864 0.0462658 -0.046155 0.0233943 -0.0459573 0.0509862 0.0301708 0.0511785 0.043352
internal_weight=42231.4 9996.57 32234.8 6400 3596.56 2007.72 5024.81 2750.1 2199.43 1412.04 4666.84 1733.16 1588.47 27210 9965.1 198.711 913.759 2274.71 1625.55 1588.85 144.69 550.668 9051.34 4468.13 694.17 595.675 17244.9 157.883 17087 649.155
internal_count=866310 750485 115825 716465 34020 29319 23752 18871 15395 5450 624601 91864 90694 92073 31599 3967 2483 4881 3198 4701 1170 3476 29116 620634 2060 23869 60474 552 59922 1683
is_linear=0
shrinkage=0.05


Tree=63
num_leaves=31
num_cat=0
split_feature=3 4 0 3 3 0 4 0 0 9 0 0 4 9 9 0 3 5 3 0 8 9 8 5 5 0 3 9 0 0
split_gain=10133.9 2291.04 2260.41 776.138 507.964 400.92 345.818 308.994 303.643 196.435 172.939 134.66 132.524 131.899 129.577 99.8823 130.299 133.494 67.3665 60.1488 56.3881 54.0067 48.2392 51.2549 24.8703 20.1501 17.6769 7.14134 24.511 2.93366
threshold=0.18019481003284457 1.0000000180025095e-35 0.31666667759418493 0.10762548446655275 0.42481203377246862 0.31666667759418493 0.4360338300466538 0.069047622382640853 0.2264957278966904 13.500000000000002 0.61250001192092907 0.16025641560554507 0.46563534438610082 62.500000000000007 68.500000000000014 0.47222222387790685 0.36038962006568914 1.0000000180025095e-35 0.65942031145095836 0.36931818723678594 15.500000000000002 47.500000000000007 5.5000000000000009 1.0000000180025095e-35 1.0000000180025095e-35 0.63068181276321422 0.43874999880790716 103.50000000000001 0.19090909510850909 0.19090909510850909
decision_type=2 2 2 2 2 2 2 2 2 2 2 2 2 2 2 2 2 2 2 2 2 2 2 2 2 2 2 2 2 2
left_child=1 8 4 6 7 21 14 9 27 -2 20 -9 26 -7 -3 16 17 -4 -14 -8 -10 -5 25 -24 -18 -17 -6 29 -29 -1
right_child=2 3 15 5 12 13 19 11 10 -11 -12 -13 18 -15 -16 22 24 -19 -20 -21 -22 -23 23 -25 -26 -27 -28 28 -30 -31
leaf_value=-0.044320566472869666 -0.0041551337842252022 -0.047230111369619361 -0.0033687764516372137 -0.037250422780212726 0.023454076881210827 0.014257588563022366 -0.017369622101316977 -0.075768747494149857 0.013997809923564987 0.030432358458320818 0.045004024413803842 -0.020509942370236289 0.011959022725325372 0.066848145933276787 0.0029967638048236838 0.04777608065488681 0.038908398159333724 0.055839121286654983 0.027477535617505228 0.056385371958367195 0.058740374873757661 0.0071000883510692744 0.039692782712897778 0.051070451519719257 0.050583623835301898 0.051428765669532688 0.046302786375579899 -0.030145814274957383 0.17730507169531795 -0.028597406082231786
leaf_weight=139.7634580465965 1300.5087217548862 4752.9615115709603 316.33180497959256 481.64396328199655 95.29756236821413 531.51425185706466 38.767368619330227 152.05119140073657 1293.1809062100947 599.85246701072901 864.49919094145298 401.01733240764588 1155.3766942694783 153.70113295502961 131.97420017654076 5129.429527617991 967.36088781058788 136.18672389537096 1771.7438294626772 96.332438096404076 74.473652115091681 80.050621676724404 2355.4847022891045 1707.3194382227957 863.10524343699217 14305.958394162357 757.57008119672537 9.9859780976548773 1.6606610743328918 37.660845713689923
leaf_count=12338 19640 641725 849 57000 261 2761 2411 1886 5648 4167 2633 2405 3123 280 8485 17862 2875 279 4489 159 240 1325 7775 6067 3054 52141 1254 519 68 2591
internal_value=0.0289293 -0.018962 0.0419261 -0.0349212 0.0149065 0.000384689 -0.0436907 -0.00281012 0.0223458 0.00676247 0.0274991 -0.0357019 0.0264057 0.0260542 -0.0458732 0.0484589 0.0384743 0.01445 0.0213522 0.0352211 0.0164342 -0.0309298 0.049429 0.044474 0.0444135 0.0504647 0.0437497 -0.0384934 -0.000565984 -0.0409831
internal_weight=40702.8 8688.17 32014.6 6266.95 6233.42 1246.91 5020.04 2453.43 2421.22 1900.36 2232.15 553.069 3779.99 685.215 4884.94 25781.2 2282.98 452.519 2927.12 135.1 1367.65 561.695 23498.2 4062.8 1830.47 19435.4 852.868 189.071 11.6466 177.424
internal_count=866310 738183 128127 714146 37225 61366 652780 28098 24037 23807 8521 4291 9127 3041 650210 90902 7057 1128 7612 2570 5888 58325 83845 13842 5929 70003 1515 15516 587 14929
is_linear=0
shrinkage=0.05


Tree=64
num_leaves=31
num_cat=0
split_feature=3 0 0 1 1 0 0 3 2 9 9 3 5 3 9 3 2 5 0 3 1 0 1 9 0 9 2 5 1 0
split_gain=9556.95 2425.78 1898.87 672.507 527.671 316.416 300.049 362.387 267.725 254.095 211.544 199.005 150.379 98.4277 92.1127 132.478 82.7952 104.081 88.8578 74.5302 60.7116 60.6084 86.8921 54.0027 41.1693 7.61352 3.53877 4.12825 2.75213 0.906775
threshold=0.21807064861059192 0.43650794029235845 0.31666667759418493 0.48863048851490026 0.43405796587467199 0.61250001192092907 0.069047622382640853 0.057983193546533592 0.2014492750167847 26.500000000000004 29.500000000000004 0.43167701363563543 1.0000000180025095e-35 0.13188406080007556 27.500000000000004 0.10762548446655275 0.87585616111755382 1.0000000180025095e-35 0.47222222387790685 0.10762548446655275 0.04124149680137635 0.095454547554254546 0.63714733719825756 32.500000000000007 0.31666667759418493 71.500000000000014 0.90521115064620983 1.0000000180025095e-35 0.063164893537759795 0.86607143282890331
decision_type=2 2 2 2 2 2 2 2 2 2 2 2 2 2 2 2 2 2 2 2 2 2 2 2 2 2 2 2 2 2
left_child=1 4 3 8 13 10 7 -6 20 -8 12 -10 -3 24 15 -7 17 18 -4 -12 -2 -5 -23 -15 -1 -16 27 -18 -19 -28
right_child=2 5 16 21 6 14 9 -9 11 -11 19 -13 -14 23 25 -17 26 28 -20 -21 -22 22 -24 -25 -26 -27 29 -29 -30 -31
leaf_value=-0.049438440181121243 -0.010491700374190501 -0.026564296948825707 0.026199665369717906 0.052766350349555062 -0.04513848275274257 -0.00096920376652546286 -0.038822441638437177 0.11999680620592486 -0.013759474730382104 0.0018855580758591413 0.0094255478127166347 0.011019716797592977 0.056476193899755944 -0.035463678041498949 0.038851665614144645 0.041032249424394512 0.046930247050077326 -0.087923952473972805 0.043419293776764387 0.042887084008594749 0.032953377273951943 -0.0014893331721424318 0.045328709868314554 -0.0011098139113949836 -0.027332634969975157 0.049032083924698766 0.050870350435251677 0.051591273485882286 0.050972666600191452 0.051782483049770914
leaf_weight=3351.8093491801992 88.226144600659609 641.40590376313776 876.33051053807139 992.27264668419957 53.246827190276235 409.92874032072723 755.84164663497359 88.342714902479202 1515.6849025301635 777.80773857887834 898.50195882935077 1740.9864170514047 59.583555856719613 387.84204516466707 813.64826478436589 346.36967895925045 1011.0744763277471 0.35666447877883811 5163.5706295110285 204.23681351542473 908.11912099272013 143.32952870428562 321.19062822684646 162.25007620174438 224.74325071042404 237.18799990788102 4336.962538253516 896.07504542917013 4506.3912444524467 7329.6175033375621
leaf_count=587624 293 15004 2427 3049 5938 3883 70242 950 15749 19338 4983 3680 117 18676 2704 938 3905 2 17657 395 2215 428 1034 1896 17129 668 16763 3486 16683 28454
internal_value=0.0285366 -0.0153891 0.0423971 0.0164689 -0.0354135 0.0167857 -0.0117474 0.0578953 0.00642605 -0.0181769 0.00197067 -0.000512748 -0.0195059 -0.0450209 0.0315729 0.0182666 0.0485348 0.0452115 0.0409209 0.0156229 0.0291063 0.0457885 0.0308828 -0.025331 -0.0480494 0.0411495 0.051117 0.0491202 0.0509617 0.0514434
internal_weight=39242.9 9412.75 29830.2 5709.81 5801.88 3610.86 1675.24 141.59 4253.02 1533.65 1803.73 3256.67 700.989 4126.64 1807.13 756.298 24120.4 10546.6 6039.9 1102.74 996.345 1456.79 464.52 550.092 3576.55 1050.84 13573.7 1907.15 4506.75 11666.6
internal_count=866310 750485 115825 26448 721793 28692 96468 6888 21937 89580 20499 19429 15121 625325 8193 4821 89377 36769 20084 5378 2508 4511 1462 20572 604753 3372 52608 7391 16685 45217
is_linear=0
shrinkage=0.05


Tree=65
num_leaves=31
num_cat=0
split_feature=3 0 0 1 1 4 3 0 3 8 1 9 3 0 1 3 3 0 1 0 3 4 1 9 6 3 8 9 8 1
split_gain=9013.88 2271.16 1894.65 647.509 520.382 314.191 722.093 274.45 325.099 269.249 348.615 238.95 133.808 131.14 167.881 118.805 100.895 94.4095 77.8416 79.1272 95.8705 58.8622 51.5601 51.5433 48.1458 22.7974 6.52453 6.18996 5.09479 3.74796
threshold=0.21807064861059192 0.43650794029235845 0.31666667759418493 0.44562648236751562 0.43405796587467199 0.11586575210094453 0.054804805666208274 0.069047622382640853 0.057983193546533592 11.500000000000002 0.11200716719031335 26.500000000000004 0.10762548446655275 0.095454547554254546 0.55051019787788402 0.42481203377246862 0.13188406080007556 0.61250001192092907 0.78679654002189647 0.47222222387790685 0.3717105239629746 1.0000000180025095e-35 0.82807883620262157 32.500000000000007 1.0000000180025095e-35 0.89736840128898632 5.5000000000000009 6.5000000000000009 17.500000000000004 0.89699381589889537
decision_type=2 2 2 2 2 2 2 2 2 2 2 2 2 2 2 2 2 2 2 2 2 2 2 2 2 2 2 2 2 2
left_child=1 4 3 9 16 17 24 8 -6 10 -2 -9 -8 28 -15 -11 21 22 19 20 -4 -1 -3 -18 -7 -21 29 -19 -5 -20
right_child=2 5 18 13 7 6 12 11 -10 15 -12 -13 -14 14 -16 -17 23 27 26 25 -22 -23 -24 -25 -26 -27 -28 -29 -30 -31
leaf_value=-0.024670085583910435 0.021706987122731183 0.013556470697014886 0.0042978200163294516 0.052876838833303345 -0.044807625719157584 -0.047526153230161614 -2.23544995662129e-05 -0.037963799073833758 0.11363107005697828 0.0011398831383656167 -0.019150218720605103 0.0017898062537710158 0.03288695014249237 -0.025200282166242066 0.039407392875327511 0.029650450629425042 -0.034779702231579411 0.0062265436632988318 0.049776943441046724 0.04532466581087919 0.03974221710148073 -0.049768264670192214 0.044652618834245622 -0.0010549433844139185 0.12937894552586279 0.051589830878420243 0.041581171687430557 0.044753448460304726 0.11146749225451102 0.051555093480431503
leaf_weight=252.26325770514086 780.62451731413603 628.39785434957594 231.39928547292948 1059.2983837798238 51.014609201345593 539.42832141648978 466.29538061004132 734.83038583165035 88.619882662314922 536.31710946932435 1576.4425299614668 778.43180131120607 914.93043351080269 136.42772235348821 382.31709905341268 1146.5458465591073 375.99922235962003 10.560381246730683 4575.7847871519625 6717.4842827506363 1086.7882138118148 3159.3948356900364 169.19463459774852 162.15718030836433 3.8736899420619002 1852.3677759841084 189.40824311599135 816.69870630651712 3.7233428955078116 8410.270765658468
leaf_count=15646 2735 1548 568 3278 5938 18850 2541 70242 950 5464 11200 19338 2515 447 1242 2074 18676 123 18351 25276 3585 589107 437 1896 19 6990 750 2659 8 33857
internal_value=0.0281488 -0.0150562 0.0419335 0.0159059 -0.0348811 0.0162374 0.00256846 -0.0113253 0.0557465 0.0052879 -0.00561894 -0.0175143 0.0217769 0.043025 0.0224158 0.0205643 -0.0447386 0.0324274 0.0482777 0.0449247 0.0335202 -0.0479125 0.0201529 -0.0246178 -0.0462648 0.0466789 0.0507942 0.0442616 0.0530821 0.0509285
internal_weight=37837.3 9152.09 28685.2 5621.7 5602.71 3549.38 1924.53 1652.9 139.634 4039.93 2357.07 1513.26 1381.23 1581.77 518.745 1682.86 3949.81 1624.85 23063.5 9888.04 1318.19 3411.66 797.592 538.156 543.302 8569.85 13175.5 827.259 1063.02 12986.1
internal_count=866310 750485 115825 26448 721793 28692 23925 96468 6888 21473 13935 89580 5056 4975 1689 7538 625325 4767 89377 36419 4153 604753 1985 20572 18869 32266 52958 2782 3286 52208
is_linear=0
shrinkage=0.05


Tree=66
num_leaves=31
num_cat=0
split_feature=3 0 2 9 4 0 0 0 0 4 4 3 6 0 8 2 2 3 0 3 4 8 3 4 3 0 8 0 2 8
split_gain=8499.44 2360.57 1661.27 471.423 371.843 318.528 317.338 259.743 196.244 177.394 171.654 320.92 155.691 174.739 126.307 124.969 110.938 111.157 97.6234 75.8546 221.341 64.0812 38.4116 35.1682 24.0256 40.9415 21.8798 16.8201 8.4621 8.32971
threshold=0.24499999731779101 0.47222222387790685 0.51087471842765819 31.500000000000004 0.56021979451179515 0.61250001192092907 0.2264957278966904 0.069047622382640853 0.16025641560554507 0.41206791996955877 0.16613588482141498 0.098387096077203764 1.0000000180025095e-35 0.2264957278966904 17.500000000000004 0.77836257219314586 0.84889996051788341 0.36038962006568914 0.47222222387790685 0.16397849470376971 0.10597148165106775 13.500000000000002 0.89736840128898632 0.20701970905065539 0.35504202544689184 0.47222222387790685 8.5000000000000018 0.78888890147209179 0.50263157486915599 5.5000000000000009
decision_type=2 2 2 2 2 2 2 2 2 2 2 2 2 2 2 2 2 2 2 2 2 2 2 2 2 2 2 2 2 2
left_child=1 3 6 4 15 10 7 9 -9 -2 21 -12 13 -5 -6 -1 17 18 -4 20 -7 -3 -19 -14 25 -8 29 -28 -26 -18
right_child=2 5 16 12 14 19 24 8 -10 -11 11 -13 23 -15 -16 -17 26 22 -20 -21 -22 -23 -24 -25 28 -27 27 -29 -30 -31
leaf_value=-0.044711057985345984 0.032398614266422092 0.014787515793353327 0.0071913164120213161 -0.033837370438804019 0.039105130728936899 0.043894352007137843 -0.0039592676762913569 -0.095914335643166038 -0.0073586203971718446 0.0053147500442602223 -0.042373988047177014 0.016399073327879123 0.085956379790911433 0.0029792697435008265 0.28384413279388415 0.0024311034942645273 0.050936441047865336 0.043222644357163359 0.040270625139259081 0.04857115406294224 0.0037634418296971063 0.062407291482680829 0.051343688408772126 0.027173170946310412 0.045637095266693267 0.054334992217670887 0.044360776107728941 0.0044707484085119795 -0.0037553353055753518 0.04393148952278797
leaf_weight=4116.4605016121641 791.92631995491683 824.06496809050441 373.4396776817739 587.05318175395951 99.63469741679728 785.27965326607227 69.868960469961166 97.462791033089161 174.6990857347846 2555.7085146829486 445.66145241633058 485.05857462435961 32.017871788702905 714.58327399054542 5.5663284920155993 145.55059493752196 13207.722615228966 5776.3501223027706 553.799067273736 528.82446595653892 610.8757049869746 77.271880658343434 1946.7917278949171 123.92148819006979 730.96066952124238 52.943052005022764 65.684515357017517 44.21537384390831 8.7756729237735254 438.47327280044556
leaf_count=641529 3727 4184 958 67572 471 2722 201 722 661 10119 14378 1556 173 15827 53 2226 56009 22022 1977 1865 4458 168 7393 942 2047 91 248 198 34 1779
internal_value=0.0277749 -0.0126599 0.0421838 -0.0325913 -0.0408089 0.018241 0.0143971 0.00790283 -0.039071 0.0117218 0.00331772 -0.0117435 -0.00796934 -0.0136255 0.0520546 -0.0431011 0.0477425 0.0433058 0.0269481 0.032444 0.0263354 0.01887 0.0452697 0.0392427 0.041651 0.0211708 0.0505324 0.0283121 0.0450511 0.0507114
internal_weight=36470.6 9581.82 26888.8 5824.79 4367.21 3757.04 4482.35 3619.8 272.162 3347.63 1832.06 930.72 1457.58 1301.64 105.201 4262.01 22406.5 8650.38 927.239 1924.98 1396.16 901.337 7723.14 155.939 862.548 122.812 13756.1 109.9 739.736 13646.2
internal_count=866310 758124 108186 728793 644279 29331 17602 15229 1383 13846 20286 15934 84514 83399 524 643755 90584 32350 2935 9045 7180 4352 29415 1115 2373 292 58234 446 2081 57788
is_linear=0
shrinkage=0.05


Tree=67
num_leaves=31
num_cat=0
split_feature=3 0 0 0 2 9 4 3 0 3 4 2 3 4 3 2 4 4 0 2 0 3 2 4 9 3 8 9 9 4
split_gain=8015.99 2022.04 1888.43 471.378 412.353 376.575 282.406 245.209 424.302 215.643 142.18 105.949 111.743 105.536 235.968 95.223 94.2484 93.3813 74.7304 107.389 65.7506 74.3827 54.475 35.8616 31.1068 27.2268 13.3432 5.56878 5.04854 1.79755
threshold=0.21807064861059192 0.31666667759418493 0.31666667759418493 0.61250001192092907 0.56562754511833202 26.500000000000004 0.46563534438610082 0.56385868787765514 0.069047622382640853 0.13188406080007556 0.19456735998392108 0.59611794352531444 0.082207206636667265 0.10597148165106775 0.04446640424430371 0.87585616111755382 0.3003759384155274 0.60440891981124889 0.095454547554254546 0.66323024034500133 0.47222222387790685 0.3717105239629746 0.54261502623558056 0.18430384248495105 66.500000000000014 0.89736840128898632 5.5000000000000009 6.5000000000000009 23.500000000000004 0.31273855268955236
decision_type=2 2 2 2 2 2 2 2 2 2 2 2 2 2 2 2 2 2 2 2 2 2 2 2 2 2 2 2 2 2
left_child=1 9 4 5 7 6 -3 8 -2 11 -7 24 -13 27 -15 20 23 -9 29 -20 21 -4 -18 -11 -1 -22 -17 -5 -28 -6
right_child=2 3 15 13 18 10 -8 17 -10 16 -12 12 -14 14 -16 26 22 -19 19 -21 25 -23 -24 -25 -26 -27 28 -29 -30 -31
leaf_value=-0.048553449777262531 0.0057179847524682498 -0.036785580976601451 0.0094859796595994379 0.00090607270659242331 0.059497948220331914 0.018104305957290744 0.040312478321666956 0.03940448784706943 -0.055433979027135011 0.042795455516086989 -0.015105812954230292 -0.028621825274790031 0.060976938597899259 -0.040456855825859228 0.029288025277422903 0.050968432660484377 -0.037673740594153175 0.01463652941534194 -0.014449563825453522 0.041068768182179166 0.044207941599310283 0.039452844360397678 0.0099166870736931319 -0.00037952536570306887 -0.019845160587216335 0.051386210411034874 0.039473082762940009 0.043889603084678125 0.00073514253305632287 0.052463431400396825
leaf_weight=3038.4381342837587 2210.8134883716702 943.32307615829632 255.46299344673753 7.6115922667086116 110.43179300427437 1371.9659506822936 135.88484866172075 535.85759015381336 325.4087793212384 65.564355733338743 421.23202605638653 293.65520937507972 39.476022698450834 144.25806180574 761.18352271802723 11585.172928776592 311.20544047094882 1313.0916318409145 116.06890403851867 349.01100448518991 6293.5124667491764 1093.270233400166 74.531889971345663 180.51364536723122 97.382546676788479 1671.9069608468562 183.83965189568698 750.98273619264364 8.8139495179057104 511.20944742299616
leaf_count=606701 16449 52931 616 84 243 7828 292 874 2327 1529 9967 29804 2447 3382 2079 51770 13971 3242 365 1172 25373 3902 601 5157 11064 6878 795 2648 43 1776
internal_value=0.0273682 -0.0144755 0.0409736 0.00852588 0.0147999 -0.0037416 -0.027078 0.00796708 -0.00212809 -0.0399205 0.0103031 -0.0448138 -0.0180044 0.0297016 0.018176 0.0477638 -0.0130542 0.0218147 0.042372 0.0272132 0.043986 0.0337768 -0.0284784 0.0111239 -0.0476619 0.0457146 0.0507514 0.0434583 0.0377008 0.0537131
internal_weight=35201.1 8637.21 26563.9 4536.44 5471.89 2872.41 1079.21 4385.17 2536.22 4100.77 1793.2 3468.95 333.131 1664.04 905.442 21092 631.815 1848.95 1086.72 465.08 9314.15 1348.73 385.737 246.078 3135.82 7965.42 11777.8 758.594 192.654 621.641
internal_count=866310 750485 115825 79211 26448 71018 53223 22892 18776 671274 17795 650016 32251 8193 5461 89377 21258 4116 3556 1537 36769 4518 14572 6686 617765 32251 52608 2732 838 2019
is_linear=0
shrinkage=0.05


Tree=68
num_leaves=31
num_cat=0
split_feature=2 4 4 1 2 1 2 0 0 2 0 0 8 5 2 0 8 5 2 1 2 0 0 0 0 1 9 9 1 0
split_gain=6464.99 1258.25 826.751 554.123 510.283 401.275 323.685 392.079 213.932 194.571 257.553 139.407 118.471 108.351 176.114 100.729 74.4411 74.0869 57.5974 51.1438 47.6025 37.9608 22.9659 20.7351 26.3063 15.6387 13.7103 6.79517 2.5365 7.22979
threshold=0.59611794352531444 0.57517123222351085 0.41206791996955877 0.63714733719825756 0.82574188709259044 0.29061582684516912 0.22361110895872119 0.31666667759418493 0.61250001192092907 0.27812939882278448 0.19090909510850909 0.080128207802772536 7.5000000000000009 1.0000000180025095e-35 0.84273937344551098 0.47222222387790685 8.5000000000000018 1.0000000180025095e-35 0.88998898863792431 0.66384181380271923 0.18808962404727939 0.63068181276321422 0.94444444775581371 0.41428571939468389 0.63068181276321422 0.36700680851936346 66.500000000000014 6.5000000000000009 0.087337911128997817 0.2264957278966904
decision_type=2 2 2 2 2 2 2 2 2 2 2 2 2 2 2 2 2 2 2 2 2 2 2 2 2 2 2 2 2 2
left_child=1 3 4 6 8 9 12 -8 11 20 -11 -2 -1 14 15 -4 -16 19 21 -7 -3 -6 -10 26 -25 -19 -5 -20 29 -15
right_child=2 5 13 23 18 17 7 -9 22 10 -12 -13 -14 28 16 -17 -18 25 27 -21 -22 -23 -24 24 -26 -27 -28 -29 -30 -31
leaf_value=0.023902273811480926 0.05250429533566895 0.032986571015170212 0.011150359577484042 0.056395012159432489 0.018609118332858953 0.015296696088924526 -0.032229304829091587 0.0018910423462916209 0.030347330875585096 -0.02648202567622307 0.044450561854528677 0.0034765183015715629 -0.012756844098130006 0.13588114837645249 0.049074849994415692 0.03698760588086198 -0.021914497233853216 0.03453538961598876 0.045843025881494297 0.049440936493914969 0.009482217242902935 0.037644366631520022 0.048909874706946931 0.0085742444377295904 0.045505484506413452 0.05053217452755529 -0.015981612825539792 0.040958668105518119 0.051108799540396425 0.04397500017939112
leaf_weight=462.87653031665832 153.97601037565619 381.61963587254286 461.20865235337988 167.6325467643328 459.32692696386948 419.19304536655545 4669.7163958670571 1027.1444086916745 461.90998072177172 710.0735552739352 156.106041777879 2484.7492672521621 420.69126512436196 3.3566179275512678 4841.3512899726629 2071.6769364606589 37.212766852229834 193.23035268485546 1237.7730747200549 148.5329194124788 494.6039642971009 609.40239345096052 260.65675270371139 83.431278013624251 114.24534451775253 729.90420101396739 6.8089666841551653 1676.5975366402417 9029.0883975978941 5.902821458876133
leaf_count=10351 3222 767 2041 1289 2792 1503 620617 32350 2355 2574 420 65611 23721 4 22085 8877 181 532 6305 568 1240 2891 992 935 442 2664 35 7627 41296 23
internal_value=0.026964 -0.00636939 0.0412334 -0.0183535 0.027285 0.0194002 -0.0217102 -0.0260774 0.0129382 0.00310668 -0.0136983 0.00633741 0.00644785 0.047461 0.0429797 0.0322829 0.0485334 0.0384428 0.0393921 0.0242298 0.019719 0.0294632 0.0370435 0.0410057 0.0299183 0.0471837 0.0535699 0.0430331 0.0511356 0.0772917
internal_weight=33980 10185.8 23794.2 6952.55 7344.39 3233.26 6580.43 5696.86 3361.29 1742.4 866.18 2638.73 883.568 16449.8 7411.45 2532.89 4878.56 1490.86 3983.1 567.726 876.224 1068.73 722.567 372.118 197.677 923.135 174.442 2914.37 9038.35 9.25944
internal_count=866310 700008 166302 689740 91795 10268 687039 652967 72180 5001 2994 68833 34072 74507 33184 10918 22266 5267 19615 2071 2007 5683 3347 2701 1377 3196 1324 13932 41323 27
is_linear=0
shrinkage=0.05


Tree=69
num_leaves=31
num_cat=0
split_feature=3 0 0 1 9 8 1 5 1 0 0 3 1 1 0 5 3 3 0 1 9 8 5 3 0 6 9 8 3 9
split_gain=7377.4 2103.4 1625.21 648.846 480.303 338.943 317.955 210.041 196.025 193.824 183.974 373.812 168.773 139.223 116.869 127.861 142.95 101.352 99.9604 110.263 91.9216 62.0248 63.4622 28.2818 26.9173 24.9001 15.4561 14.3374 11.1639 3.81488
threshold=0.18019481003284457 0.31666667759418493 0.31666667759418493 0.48212005198001867 26.500000000000004 11.500000000000002 0.11200716719031335 1.0000000180025095e-35 0.4380482435226441 0.61250001192092907 0.069047622382640853 0.057983193546533592 0.27823315560817724 0.80178570747375499 0.47222222387790685 1.0000000180025095e-35 0.36038962006568914 0.10762548446655275 0.095454547554254546 0.63714733719825756 32.500000000000007 5.5000000000000009 1.0000000180025095e-35 0.13188406080007556 0.63068181276321422 1.0000000180025095e-35 122.50000000000001 8.5000000000000018 0.19139194488525393 21.500000000000004
decision_type=2 2 2 2 2 2 2 2 2 2 2 2 2 2 2 2 2 2 2 2 2 2 2 2 2 2 2 2 2 2
left_child=2 3 8 5 7 6 -2 13 23 17 11 -10 -7 -4 15 16 -3 -6 29 -20 -12 24 -23 26 -16 -25 -1 -11 -17 -5
right_child=1 14 4 18 9 12 -8 -9 10 27 20 -13 -14 -15 21 28 -18 -19 19 -21 -22 22 -24 25 -26 -27 -28 -29 -30 -31
leaf_value=-0.049311659618419462 0.017561205885055563 -0.005378120437348287 -0.034887035904654952 0.051965902850285628 0.0030521430673421204 0.0097682952298163098 -0.020200667977570884 0.052446831727777747 -0.043642399145632442 0.038427863198268686 -0.044128581105564196 0.17529912806346942 0.043004186837862633 0.00070580573246444532 0.045938603466800787 0.088145384672222354 0.035096921342745106 0.041285177875421152 -0.0062799085770841138 0.043700967829967026 0.0015562074990165134 0.035883730286043053 0.050244602954008177 -0.037262989795123568 0.050756916287992337 0.012696796979774048 0.054883083640119602 0.0083584175038798024 0.049492806821910949 0.064813822011456648
leaf_weight=2724.6337782819755 811.69264937471598 301.20147500932217 920.68234713561833 815.07388026826084 1473.1684131813236 1262.1075047329068 1779.6109116980806 95.74000042071566 43.12854576157406 802.92496948689222 297.82014950038865 35.578238139394671 547.73831646516919 391.59955968242139 3958.4734884165227 19.151331841945648 791.12109619379044 196.45300117880106 181.11818300932646 282.4017548263073 174.69228302733973 1876.9126212447882 1303.611511901021 125.08388009155169 10825.243292443454 31.15134690888226 3.5638279574923208 41.70119957998395 760.62395631894469 62.185104355216026
leaf_count=591347 3832 849 52956 3023 16894 9527 17399 319 5416 3076 44755 797 1677 3610 17862 19 2875 668 607 1053 8038 7775 6067 9266 52141 622 256 163 3314 107
internal_value=0.026459 0.0391509 -0.0176618 0.0125008 0.00433115 0.00322385 -0.00837224 -0.0190496 -0.0427698 0.0174248 -0.0154492 0.0553269 0.0198269 -0.0242657 0.0468651 0.0349766 0.0239362 0.00755076 0.0429529 0.0241712 -0.0272385 0.0481041 0.0417699 -0.0479908 0.0494668 -0.0273016 -0.0491756 0.0369433 0.0504421 0.0528766
internal_weight=32936.2 25578.3 7357.92 5741.93 3922.27 4401.15 2591.3 1408.02 3435.65 2514.25 551.219 78.7068 1809.85 1312.28 19836.3 1872.1 1092.32 1669.62 1340.78 463.52 472.512 17964.2 3180.52 2884.43 14783.7 156.235 2728.2 844.626 779.775 877.259
internal_count=866310 128127 738183 37225 77686 32435 21231 56885 660497 20801 59006 6213 11204 56566 90902 7057 3724 17562 4790 1660 52793 83845 13842 601491 70003 9888 591603 3239 3333 3130
is_linear=0
shrinkage=0.05


Tree=70
num_leaves=31
num_cat=0
split_feature=2 4 4 1 1 2 9 2 2 8 1 6 6 5 2 5 8 1 2 2 1 6 1 9 8 1 1 1 1 4
split_gain=5834.47 1250.18 687.746 581.044 420.317 378.612 298.363 179.542 167.464 182.374 149.749 145.577 128.188 94.2456 149.944 94.0068 57.1339 56.0519 47.6679 44.0073 28.9349 22.1068 21.0508 28.7178 20.6478 16.7203 2.43257 4.54752 2.23203 2.07803
threshold=0.63373982906341564 0.57517123222351085 0.40642170608043676 0.66384181380271923 0.29061582684516912 0.83424907922744762 40.500000000000007 0.22361110895872119 0.27812939882278448 11.500000000000002 0.85857143998146068 1.0000000180025095e-35 1.0000000180025095e-35 1.0000000180025095e-35 0.87585616111755382 1.0000000180025095e-35 8.5000000000000018 0.66384181380271923 0.88998898863792431 0.18808962404727939 0.79008570313453685 1.0000000180025095e-35 0.76533168554306041 3.5000000000000004 8.5000000000000018 0.36700680851936346 0.087337911128997817 0.063164893537759795 0.89699381589889537 0.14241623133420947
decision_type=2 2 2 2 2 2 2 2 2 2 2 2 2 2 2 2 2 2 2 2 2 2 2 2 2 2 2 2 2 2
left_child=1 3 5 6 8 10 7 -1 19 -10 11 -2 -8 14 16 17 -4 -6 20 -3 -7 -20 23 -5 -16 -17 27 -15 -12 -24
right_child=2 4 13 22 15 18 12 -9 9 -11 28 -13 -14 26 24 25 -18 -19 21 -21 -22 -23 29 -25 -26 -27 -28 -29 -30 -31
leaf_value=0.00029046344116595894 0.0059811556083000528 0.031835348067149043 0.037289211643436092 0.061411616116439097 0.014371481888703824 0.03425826420088763 -0.0031456792218293138 -0.02690691200105343 -0.031469236869806634 0.014952729021221529 0.040034437836335063 0.040831064046992466 0.041404534248938162 0.038592246821122972 0.049458051529298414 0.033618266033618935 0.018063807485953091 0.046164032692673905 0.039659016832539508 0.0090049097745908569 0.013906556748601931 0.050889485805672499 0.057920146922937982 0.018470291795881614 -0.039096677626864952 0.049976883850793435 0.050946689065078571 0.11334004012999466 0.050914089943168844 0.047252979218098262
leaf_weight=688.04452845081687 2273.1416930085979 369.6619454883039 2336.8622989919968 50.75716099422425 490.08309231325984 605.20784165291116 772.61492780037224 5139.5801650611684 511.7500809431076 360.69085186719894 59.503418864682317 345.16260893084109 204.1303039425984 3.8357319757342321 3855.5397820286453 189.71887955442071 463.00660055037588 193.32626869156957 2130.3545719292015 492.00891764089465 245.48816684633493 551.67258510924876 63.325234038755298 167.16393078863621 6.5937465056776992 884.21109846606851 7975.9916629409418 4.3337469100952148 226.93192839063704 163.62160700652748
leaf_count=31556 47365 767 10714 447 1902 3081 48212 629719 2027 1009 234 1302 839 18 19437 556 2185 833 11215 1240 1599 2586 153 1856 35 3673 40213 8 810 719
internal_value=0.0260435 -0.00395142 0.0413239 -0.0157899 0.0206286 0.0277027 -0.0194094 -0.0236958 0.00316458 -0.0122771 0.0143302 0.0105753 0.00616488 0.0473109 0.04292 0.0378618 0.03411 0.0233651 0.038698 0.0187993 0.0283853 0.041969 0.0395714 0.028472 0.0493069 0.047087 0.0509746 0.0782445 0.048654 0.0502295
internal_weight=31824.3 10740.7 21083.6 7249.24 3491.45 6437.46 6804.37 5827.62 1734.11 872.441 2904.74 2618.3 976.745 14646.2 6662 1757.34 2799.87 683.409 3532.72 861.671 850.696 2682.03 444.868 217.921 3862.13 1073.93 7984.16 8.16948 286.435 226.947
internal_count=866310 725508 140802 713501 12007 68192 710326 661275 5043 3036 49711 48667 49051 72610 32371 6964 12899 2735 18481 2007 4680 13801 3175 2303 19472 4229 40239 26 1044 872
is_linear=0
shrinkage=0.05


Tree=71
num_leaves=31
num_cat=0
split_feature=0 1 4 4 5 2 0 1 0 8 8 2 2 8 8 5 8 0 2 1 6 8 4 2 8 2 4 2 4 8
split_gain=5635.92 1513.51 682.893 532.003 339.53 302.377 260.719 283.229 257.877 239.903 196.555 170.032 155.893 135.198 109.805 74.8179 111.007 100.293 55.0549 52.8387 34.2549 21.9247 21.2454 16.6975 5.95936 3.65087 3.6476 0.367396 0.570414 0.113274
threshold=0.47222222387790685 0.52223318815231334 0.66807910799980175 0.40108695626258856 1.0000000180025095e-35 0.22361110895872119 0.087121214717626586 0.77913278341293346 0.61250001192092907 12.500000000000002 12.500000000000002 0.18808962404727939 0.89498746395111095 11.500000000000002 4.5000000000000009 1.0000000180025095e-35 8.5000000000000018 0.72077924013137828 0.87585616111755382 0.27622890472412115 1.0000000180025095e-35 4.5000000000000009 0.21070533245801928 0.32811352610588079 5.5000000000000009 0.92390406131744396 0.48507130146026617 0.86706829071044933 0.46563534438610082 6.5000000000000009
decision_type=2 2 2 2 2 2 2 2 2 2 2 2 2 2 2 2 2 2 2 2 2 2 2 2 2 2 2 2 2 2
left_child=1 2 5 8 6 14 23 -8 12 -7 11 -4 13 -2 -1 16 18 -18 -5 -12 21 -10 -6 -3 -22 -14 -24 28 -17 -29
right_child=3 4 10 15 22 9 7 -9 20 -11 19 -13 25 -15 -16 27 17 -19 -20 -21 24 -23 26 -25 -26 -27 -28 29 -30 -31
leaf_value=0.025798562097605188 0.0060018076512140216 0.18548933868651063 0.041097870598109355 0.039322447308447521 0.14994967233551817 -0.031555238454565419 -0.0054268037604826473 0.039377538672690483 0.038603782730634133 -0.0084085725169638793 0.022400653952716149 -0.009802940971595387 0.036736573575387441 0.042211772796793286 -0.0084347091634589203 0.056959545227235744 0.032566418691001901 -0.02165340072515802 0.04936118157303581 0.048991338998270635 0.051232579913352984 0.027517526748195156 0.062634860812283741 0.052638878839801409 0.03814753074018648 0.045896514896624711 0.049696215676677064 0.051226701456723658 0.050380934678756942 0.049123130615638312
leaf_weight=383.67000365722924 1745.1711203083396 2.3801005287095895 201.49119595065713 2231.0251820851117 5.3888791520148507 4042.2018656241708 1207.5019627278671 498.27965285535902 2018.2363184969872 1548.1880554053932 499.74805771559477 883.34489302523434 163.90980498678982 302.45923109352589 601.44207104109228 33.360953480005264 411.05132126994431 107.61953277699649 3521.5887822210789 298.36364189907908 532.97358786314726 572.46441110223532 57.673150561749935 377.34695797646418 103.99168813042343 323.4242544285953 981.25387179292738 4498.0082737915218 2677.8923624251038 64.920107394456863
leaf_count=6402 19233 9 412 10520 12 501979 38162 2544 11145 165628 1028 2705 848 1785 27984 109 1862 587 18706 948 2587 3098 247 2716 454 1490 4663 24420 13701 326
internal_value=0.0255152 -0.00204986 -0.0130417 0.0420591 0.0276558 -0.0206441 0.0160022 0.00766109 0.0293345 -0.0251451 0.0135072 -0.000348918 0.0173995 0.0113504 0.00489807 0.0474725 0.0434704 0.0213163 0.0454679 0.0323412 0.0387082 0.0361541 0.0509281 0.0534716 0.0490963 0.0428157 0.0504145 0.0509229 0.0504619 0.0511968
internal_weight=30896.4 11588.3 8458.45 19308.1 3129.82 6575.5 2085.51 1705.78 5762.63 5590.39 1882.95 1084.84 2534.96 2047.63 985.112 13545.5 6271.28 518.671 5752.61 798.112 3227.67 2590.7 1044.32 379.727 636.965 487.334 1038.93 7274.18 2711.25 4562.93
internal_count=866310 755439 707086 110871 48353 701993 43431 40706 40640 667607 5093 3117 23356 21018 34386 70231 31675 2449 29226 1976 17284 14243 4922 2725 3041 2338 4910 38556 13810 24746
is_linear=0
shrinkage=0.05


Tree=72
num_leaves=31
num_cat=0
split_feature=2 4 4 1 1 2 9 9 6 2 8 6 1 5 2 5 8 1 2 4 6 8 1 9 1 4 1 1 4 8
split_gain=5279.06 1065.96 717.039 503.654 388.249 354.963 270.743 178.03 166.012 147.3 154.964 114.591 108.333 101.368 156.418 95.0386 55.0797 54.8949 38.4087 35.2761 24.7598 21.5829 21.3551 27.9261 17.8021 11.2009 2.37376 7.01886 1.98984 1.63405
threshold=0.63373982906341564 0.57517123222351085 0.40642170608043676 0.66384181380271923 0.29061582684516912 0.88998898863792431 40.500000000000007 1.0000000180025095e-35 1.0000000180025095e-35 0.27812939882278448 11.500000000000002 1.0000000180025095e-35 0.89699381589889537 1.0000000180025095e-35 0.87585616111755382 1.0000000180025095e-35 8.5000000000000018 0.66384181380271923 0.18808962404727939 0.28621378540992742 1.0000000180025095e-35 5.5000000000000009 0.76533168554306041 3.5000000000000004 0.36700680851936346 0.13900966197252276 0.087337911128997817 0.0745370388031006 0.14717282354831698 5.5000000000000009
decision_type=2 2 2 2 2 2 2 2 2 2 2 2 2 2 2 2 2 2 2 2 2 2 2 2 2 2 2 2 2 2
left_child=1 3 5 6 9 8 7 -1 12 18 -11 -8 -2 14 16 17 -4 -6 -3 -10 25 -16 23 -5 -17 -7 27 -15 -24 -22
right_child=2 4 13 22 15 20 11 -9 19 10 -12 -13 -14 26 21 24 -18 -19 -20 -21 29 -23 28 -25 -26 -27 -28 -29 -30 -31
leaf_value=0.010158138889717306 0.0095397674186392389 0.030184584559954503 0.036124778905039248 0.060173105252684794 0.013016260381442005 0.043483157012924788 -0.0025497877707153535 -0.024793687984810082 0.050843455834002543 -0.029328887636229289 0.013643091323594661 0.039911718122072573 0.047925635275142861 0.042909353196436302 0.049503627989114223 0.032286275575979621 0.016889821900585265 0.045545629027750466 0.0085377056261604304 0.022795845309754106 0.050918442715877192 0.020858971453768207 0.056631505737943899 0.016832869935837252 0.049619146756401833 0.035557160367193738 0.050757182898641812 0.14283259109556823 0.046003538072630024 0.022793696380107833
leaf_weight=391.38886272488162 2946.9495616452768 353.13125896453857 2186.7282572011463 48.099354853853583 474.36387351900339 670.83401641622186 761.38497577561066 5269.4760503140278 365.79756434261799 512.50237912125885 355.20198997482657 200.79443294368684 196.03170833364129 4.9174964893609276 3454.2064311746508 181.12482139095664 448.51294961757958 178.49653874710202 488.23218718543649 161.64538953732699 497.83241599425673 67.036230497062206 62.126357289962471 163.54094622470438 813.4344988130033 1328.448597157374 7248.410537967924 2.7347586452960968 151.28880766779184 5.2186395023018113
leaf_count=23925 51468 767 10714 447 1902 3051 48212 637350 1391 2027 1009 839 776 21 19107 556 2185 833 1240 756 2559 365 163 1856 3673 8164 40213 5 709 27
internal_value=0.0250024 -0.00377907 0.0402925 -0.0148233 0.0194121 0.0261901 -0.0182093 -0.0223771 0.0162901 0.00271635 -0.011738 0.00631138 0.0119339 0.0467827 0.0420637 0.0367326 0.032851 0.02191 0.0176232 0.0422477 0.0407115 0.0489583 0.0379369 0.0266828 0.0464626 0.0382166 0.0507866 0.0786199 0.0490974 0.0506267
internal_weight=29989.9 10404.6 19585.3 7048.1 3356.49 6172.76 6623.04 5660.86 3670.42 1709.07 867.704 962.179 3142.98 13412.5 6156.48 1647.42 2635.24 652.86 841.363 527.443 2502.33 3521.24 425.055 211.64 994.559 1999.28 7256.06 7.65226 213.415 503.051
internal_count=866310 725508 140802 713501 12007 68192 710326 661275 54391 5043 3036 49051 52244 72610 32371 6964 12899 2735 2007 2147 13801 19472 3175 2303 4229 11215 40239 26 872 2586
is_linear=0
shrinkage=0.05


Tree=73
num_leaves=31
num_cat=0
split_feature=3 0 0 1 0 1 0 4 3 3 4 0 3 3 1 4 3 4 8 3 5 3 4 3 0 1 8 4 0 8
split_gain=6515.14 1481.21 1464.12 442.451 384.729 301.138 318.881 283.887 398.384 224.427 218.404 175.875 163.809 153.989 153.092 118.82 106.568 103.353 93.5968 94.3149 119.535 91.2527 243.678 58.3833 43.2824 41.4111 8.6744 8.62691 3.6354 2.19858
threshold=0.24499999731779101 0.31666667759418493 0.31666667759418493 0.40682870149612432 0.61250001192092907 0.43405796587467199 0.069047622382640853 0.16613588482141498 0.098387096077203764 0.057983193546533592 0.35149985551834112 0.095454547554254546 0.13188406080007556 0.76696833968162548 0.55051019787788402 0.56021979451179515 0.10762548446655275 1.0000000180025095e-35 5.5000000000000009 0.86811593174934398 1.0000000180025095e-35 0.16397849470376971 0.10597148165106775 0.32575757801532751 0.63068181276321422 0.81934732198715221 8.5000000000000018 0.42231801152229315 0.86607143282890331 8.5000000000000018
decision_type=2 2 2 2 2 2 2 2 2 2 2 2 2 2 2 2 2 2 2 2 2 2 2 2 2 2 2 2 2 2
left_child=1 5 3 10 7 12 9 16 -9 -7 23 29 27 -12 -13 -14 -3 -8 24 20 -20 22 -6 -2 25 -4 -23 -1 -26 -5
right_child=2 4 18 11 21 6 17 8 -10 -11 13 14 15 -15 -16 -17 -18 -19 19 -21 -22 26 -24 -25 28 -27 -28 -29 -30 -31
leaf_value=-0.049442132966255312 0.0052540174019038155 0.0084908712848323093 0.039682453063740658 0.05087015840128295 0.040887351986405515 -0.043707727187570294 0.013408380639040974 -0.044934756023806602 0.0065600722023164571 0.08903376769028909 -0.0068679297062382936 -0.022569906042007232 -0.025608197924269611 0.021237643653622486 0.036947011133197018 0.074933897442042 0.068702638146117836 -0.037239488589374307 0.023001657829538308 0.05055841010663556 0.048302561366803914 0.048556737372495794 -0.0045013890423484301 0.040474659158054968 0.049016887143559298 0.04950626493576972 0.014712126989057168 -0.02887804581659489 0.051154704978300908 0.056338028241279016
leaf_weight=2357.4583212074358 155.63601370342076 1297.2556538465433 2293.6391476504505 615.67457295022905 619.14636133052409 43.185348303290084 132.36661755666137 761.53415502002463 741.10577002633363 121.22693516360596 2165.9259965568781 174.46889646351337 632.44011121289805 628.8515337780118 283.80176015757024 30.817343633621931 77.898343964479864 421.37651399336755 1272.0703965201974 1088.9952446836978 737.4850686583668 378.68062306940556 566.05401473678648 482.22539864853024 3068.1347250696272 2015.3232393432409 19.928504481911659 52.128484603716061 5651.9174661561847 262.10866591334343
leaf_count=580574 1654 13997 10773 2770 2722 5938 2424 52713 4504 1009 10949 555 26116 1400 1209 327 241 54186 5819 5398 4034 1783 4458 892 17615 11405 82 7050 33044 669
internal_value=0.024467 -0.0131478 0.0393224 0.014983 0.00637818 -0.0361279 -0.00697797 -0.00451422 -0.0195374 0.0541672 0.00548136 0.0393951 -0.0429405 -0.000543908 0.0142882 -0.0209366 0.0119017 -0.0251326 0.0465192 0.0387084 0.0322868 0.0261698 0.0192096 0.0318809 0.0483767 0.0442771 0.0468647 -0.0489973 0.0504025 0.0525029
internal_weight=29148.9 8252.6 20896.3 4768.69 4461.6 3791 718.155 2877.79 1502.64 164.412 3432.64 1336.05 3072.84 2794.78 458.271 663.257 1375.15 553.743 16127.6 3098.55 2009.56 1583.81 1185.2 637.861 13029 4308.96 398.609 2409.59 8720.05 877.783
internal_count=866310 758124 108186 20098 80500 677624 63557 71455 57217 6947 14895 5203 614067 12349 1764 26443 14238 56610 88088 15251 9853 9045 7180 2546 72837 22178 1865 587624 50659 3439
is_linear=0
shrinkage=0.05


Tree=74
num_leaves=31
num_cat=0
split_feature=3 1 1 1 5 9 9 4 4 3 1 3 5 9 3 5 3 4 5 3 9 5 1 3 5 6 8 9 1 5
split_gain=6130.01 1424.44 1226.51 434.909 363.053 400.715 300.286 185.003 181.451 171 152.722 150.271 141.03 133.377 116.017 92.9864 87.405 255.921 71.703 37.102 36.9162 33.8537 49.2171 29.2855 25.7423 19.8102 13.5332 12.0067 7.28709 6.92764
threshold=0.24499999731779101 0.3551971316337586 0.42724868655204779 0.80178570747375499 1.0000000180025095e-35 29.500000000000004 64.500000000000014 0.35149985551834112 0.56021979451179515 0.78759399056434642 0.76253134012222301 0.36038962006568914 1.0000000180025095e-35 7.5000000000000009 0.13188406080007556 1.0000000180025095e-35 0.11882352828979494 0.085960593074560179 1.0000000180025095e-35 0.32575757801532751 24.500000000000004 1.0000000180025095e-35 0.12933094054460528 0.19292803853750232 1.0000000180025095e-35 1.0000000180025095e-35 5.5000000000000009 101.50000000000001 0.89699381589889537 1.0000000180025095e-35
decision_type=2 2 2 2 2 2 2 2 2 2 2 2 2 2 2 2 2 2 2 2 2 2 2 2 2 2 2 2 2 2
left_child=2 7 6 4 5 -4 8 19 14 12 11 15 -9 -10 -1 -3 17 -5 -13 20 -2 23 -23 -8 -11 -21 28 -6 -12 -28
right_child=1 10 3 16 27 -7 21 9 13 24 26 18 -14 -15 -16 -17 -18 -19 -20 25 -22 22 -24 -25 -26 -27 29 -29 -30 -31
leaf_value=-0.045791047374807381 -0.0090694262398961691 0.0089185652577924903 -0.031099377574868227 0.039948784056993203 0.055726180506559808 0.0061943016043149949 0.0082232830236590032 -0.013302466429331767 -0.0049988541078782806 0.036621409304433979 0.047943533717543493 0.037819948423856657 0.01107424668496282 0.16119291205040012 -0.022389556451243766 0.045609214928658187 0.045506669451868029 -0.010668033336282495 0.048821369846849538 0.046371199973374383 0.037310597442862269 0.34883446641272431 0.040326114639697687 0.059927841265961103 0.017603213437446225 0.023418506952937151 0.03208782638775208 0.15079449059394245 0.050833494467642661 0.049049291249897979
leaf_weight=2501.2371896933764 85.327341327443719 589.05850851535797 1334.4986986028962 596.0435541998595 205.63239208213054 1564.9643763334025 208.95246402500197 1129.7987115094438 35.245100371539593 367.85464970953763 3609.9247037917376 3634.7790057528764 1249.5757639473304 18.362254843115807 671.90656306315213 244.2990026306361 434.12953086011112 429.78929470200092 2499.6185879148543 403.51388851553202 86.293108891695738 1.8583191190846253 4.2478855578228831 31.517216641455889 344.62337371334434 122.5605151206255 168.10886715725064 3.3756959438323966 5511.6649392750114 93.784895110875368
leaf_count=588844 1428 2218 96893 2419 1093 23813 12349 6451 358 1023 21564 16773 5554 83 26225 1084 1795 4138 14540 830 221 13 47 52 1016 283 890 2 33761 550
internal_value=0.0240677 0.0388027 -0.0128362 0.00419004 -0.00638258 -0.0109704 -0.0352307 0.0111819 -0.0392947 0.00593393 0.045204 0.0395964 -0.000500551 0.0519272 -0.0408358 0.0196744 0.0267007 0.018742 0.0423028 0.0344382 0.0142511 0.0179522 0.134215 0.015 0.0274224 0.0410239 0.049368 0.0572616 0.0496898 0.0381618
internal_weight=28182.5 20140.8 8041.76 4568.43 3108.47 2899.46 3473.33 3789.55 3226.75 3091.85 16351.2 6967.76 2379.37 53.6074 3173.14 833.358 1459.96 1025.83 6134.4 697.695 171.62 246.576 6.1062 240.47 712.478 526.074 9383.48 209.008 9121.59 261.894
internal_count=866310 108186 758124 130153 121801 120706 627971 16806 615510 14044 91380 34615 12005 441 615069 3302 8352 6557 31313 2762 1649 12461 60 12401 2039 1113 56765 1095 55325 1440
is_linear=0
shrinkage=0.05


Tree=75
num_leaves=31
num_cat=0
split_feature=3 0 0 1 0 1 0 4 3 3 4 8 3 0 3 8 3 3 4 4 3 4 0 3 0 1 9 8 0 3
split_gain=5763.31 1474.01 1331.9 413.471 342.728 287.774 293.342 253.377 368.213 202.665 193.085 168.571 167.033 110.582 105.805 99.8315 99.0854 98.6923 96.2619 94.4489 87.6609 221.664 87.386 59.4077 47.4998 44.2399 15.8422 8.72262 3.97991 1.86396
threshold=0.24499999731779101 0.31666667759418493 0.31666667759418493 0.44562648236751562 0.61250001192092907 0.43405796587467199 0.069047622382640853 0.16613588482141498 0.098387096077203764 0.057983193546533592 0.35149985551834112 11.500000000000002 0.13188406080007556 0.095454547554254546 0.3717105239629746 5.5000000000000009 0.86811593174934398 0.10762548446655275 0.56021979451179515 1.0000000180025095e-35 0.16397849470376971 0.10597148165106775 0.47222222387790685 0.30602006614208227 0.63068181276321422 0.81934732198715221 122.50000000000001 8.5000000000000018 0.86607143282890331 0.94868421554565441
decision_type=2 2 2 2 2 2 2 2 2 2 2 2 2 2 2 2 2 2 2 2 2 2 2 2 2 2 2 2 2 2
left_child=2 3 5 10 7 12 9 17 -9 -7 23 -12 26 -5 -15 24 22 -4 -14 -8 21 -6 -17 -2 25 -3 -1 -22 -26 -18
right_child=1 15 4 13 20 6 19 8 -10 -11 11 -13 18 14 -16 16 29 -19 -20 -21 27 -23 -24 -25 28 -27 -28 -29 -30 -31
leaf_value=-0.049024673537548608 0.0016438477733903051 0.038626788608877673 0.00800218918846873 0.0520748929433568 0.040052392638353224 -0.043187482281171335 0.012367946538199141 -0.04421820174208832 0.0061907451017480129 0.086312010331151323 -0.010553228786964566 0.013965067156320357 -0.024397176188494574 -0.028937725777265406 0.033349004289929374 -0.00043091585025203992 0.045948778466878844 0.066761134258880833 0.062982047596262289 -0.036178936784329506 0.048206270424331558 -0.003909050563971693 0.034565225375848357 0.037535945392085907 0.048698006366863056 0.049213073118546183 0.058001959856252998 0.013837976615256231 0.051040570747445724 0.051403539782817878
leaf_weight=2195.1037620322313 148.11534941662103 2136.7567610237747 1285.0894009508193 716.27139544859529 583.01069604419172 40.568064527353272 133.3875593803823 717.6937537570484 731.49106465792283 118.35248304810375 1668.6843158239499 1208.932350968942 609.36805200669914 89.228833872824907 289.02402080781758 199.52527116984129 194.49674666672945 75.669933137018234 33.23866449855268 402.52409199695103 351.18495558574796 564.26603829301894 1683.020622253418 520.17706080526114 2801.5887348931283 1833.8864342980087 3.4630386568605891 19.486040966585279 5138.9906033519655 804.02974611520767
leaf_count=587370 1633 10773 13997 3233 2722 5938 2424 52713 4504 1009 8104 4574 26116 312 1263 799 1046 241 327 54186 1783 4458 9054 979 17615 11405 254 82 33044 4352
internal_value=0.0236331 0.0382483 -0.0124829 0.0136621 0.00611681 -0.0352479 -0.00640436 -0.00422475 -0.0187738 0.0532543 0.00537003 -0.000252704 -0.0423018 0.0405257 0.0186557 0.0459612 0.0376092 0.0112697 -0.0198775 -0.0240957 0.0252605 0.0184308 0.0308561 0.0295811 0.0479813 0.0435162 -0.0488561 0.0463995 0.0502141 0.050341
internal_weight=27296.6 19432.7 7863.9 4640.43 4327.89 3536.01 694.832 2809.94 1449.18 158.921 3545.91 2877.62 2841.17 1094.52 378.253 14792.3 2881.07 1360.76 642.607 535.912 1517.95 1147.28 1882.55 668.292 11911.2 3970.64 2198.57 370.671 7940.58 998.526
internal_count=866310 108186 758124 20098 80500 677624 63557 71455 57217 6947 15290 12678 614067 4808 1575 88088 15251 14238 26443 56610 9045 7180 9853 2612 72837 22178 587624 1865 50659 5398
is_linear=0
shrinkage=0.05


Tree=76
num_leaves=31
num_cat=0
split_feature=3 2 0 1 3 1 9 4 0 2 1 2 3 4 4 3 3 3 4 2 0 1 3 1 8 2 3 1 1 0
split_gain=5416.1 1471.01 1253.71 321.017 281.014 260.224 247.514 346.5 222.687 314.435 160.662 139.915 134.963 104.952 118.803 93.811 89.0383 71.4978 212.033 70.4048 52.7155 81.5821 52.218 49.5062 17.4477 16.8661 15.0601 9.57759 4.8536 2.52873
threshold=0.24499999731779101 0.52419984340667736 0.31666667759418493 0.82426470518112194 0.13188406080007556 0.40682870149612432 29.500000000000004 0.46563534438610082 0.2264957278966904 0.27812939882278448 0.4380482435226441 0.87585616111755382 0.082207206636667265 0.27669072151184088 0.56021979451179515 0.36038962006568914 0.10762548446655275 0.11651583760976793 0.085960593074560179 0.67962265014648449 0.095454547554254546 0.56711712479591381 0.89736840128898632 0.47673159837722784 5.5000000000000009 0.65485891699790966 0.81101191043853771 0.59417229890823375 0.85857143998146068 0.86607143282890331
decision_type=2 2 2 2 2 2 2 2 2 2 2 2 2 2 2 2 2 2 2 2 2 2 2 2 2 2 2 2 2 2
left_child=2 5 4 6 10 8 7 -4 9 -2 25 15 -12 23 -15 19 -8 18 -5 -3 -7 -22 -17 -6 29 -1 -10 -26 -19 -13
right_child=1 11 3 17 13 20 16 -9 26 -11 12 24 -14 14 -16 22 -18 28 -20 -21 21 -23 -24 -25 27 -27 -28 -29 -30 -31
leaf_value=-0.049141046715125751 0.017600120282380737 0.0048078615683671356 -0.031037586432540024 0.040507989028193407 0.0045555947625413517 0.053033122516643189 0.0039241624621113519 0.038007386870249238 0.031856457130534893 -0.014513255786829824 -0.026658058114673457 0.049127642457678374 0.05380002343756201 -0.027814185028813873 0.050458516318954996 0.039516375612414591 0.032686663555479764 0.032083457109132414 -0.0091814120953735007 0.03560539968170414 0.00022803269966672221 0.046876067710384779 0.050448165399138489 0.055860970643631713 -0.078796311526445173 0.0085027651151395687 0.051189505732661317 0.033619373982197817 0.047993742924677507 0.050959784857773721
leaf_weight=2100.3211370040663 1493.5693841567263 302.5346073564142 1079.1787484148517 505.88552601821721 176.53673124359921 343.32795622572303 1378.8086601737887 218.50056956894696 222.68388804793358 1556.7449401943013 395.71686438587494 3459.8580553177744 60.028024659026414 546.38512611016631 53.198149591684341 4632.5614977106452 334.30776970367879 56.52757329121232 372.98011754825711 479.99351399578154 169.74263255298138 209.29599264450371 1429.4697280135006 64.088415721431375 1.9219650253653515 12.766763828229157 183.93619079142809 133.60041386261582 315.3236889783293 4133.13034523651
leaf_count=589450 5010 1026 56184 2230 6033 1212 15226 696 623 9119 53662 23235 4751 20969 369 26035 1084 237 3399 2308 607 1002 8211 237 15 2153 607 812 1444 28364
internal_value=0.0232196 0.0376976 -0.012175 0.00590464 -0.0347757 0.0115475 -0.00294022 -0.0194119 0.00584422 0.00121088 -0.0429857 0.045197 -0.0160606 -0.00967461 -0.0208694 0.039991 0.00953705 0.0271965 0.0194204 0.0236987 0.038841 0.025986 0.0420942 0.0182203 0.0498076 -0.0487928 0.0406018 0.0320251 0.0455751 0.0501249
internal_weight=26422.9 18752.4 7670.55 4261.51 3409.04 4179.3 3010.8 1297.68 3456.93 3050.31 2568.83 14573.1 455.745 840.208 599.583 6844.56 1713.12 1250.72 878.866 782.528 722.367 379.039 6062.03 240.625 7728.51 2113.09 406.62 135.522 371.851 7592.99
internal_count=866310 108186 758124 80500 677624 18180 73190 56880 15359 14129 650016 90006 58413 27608 21338 37580 16310 7310 5629 3334 2821 1609 34246 6270 52426 591603 1230 827 1681 51599
is_linear=0
shrinkage=0.05


Tree=77
num_leaves=31
num_cat=0
split_feature=3 2 2 9 4 4 3 5 3 4 4 5 4 2 5 3 5 2 3 3 8 3 2 2 4 6 8 5 4 8
split_gain=5092.23 1455.96 1077.53 581.877 317.824 177.272 157.275 340.51 150.567 365.304 268.629 143.517 151.522 140.866 146.027 115.708 100.407 91.0892 84.7293 48.4821 40.6694 33.5565 29.5051 22.0469 20.4516 20.29 17.9388 9.41291 2.82273 2.29727
threshold=0.24499999731779101 0.53144779801368724 0.7589399814605714 29.500000000000004 0.46563534438610082 0.35563012957572943 0.56385868787765514 1.0000000180025095e-35 0.13840996474027636 0.085960593074560179 0.3824808150529862 1.0000000180025095e-35 0.18910679221153262 0.87585616111755382 1.0000000180025095e-35 0.82971012592315685 1.0000000180025095e-35 0.4246212244033814 0.10762548446655275 0.32575757801532751 2.5000000000000004 0.10435571894049646 0.84889996051788341 0.90999102592468273 0.1809017211198807 1.0000000180025095e-35 5.5000000000000009 1.0000000180025095e-35 0.53178024291992199 1.0000000180025095e-35
decision_type=2 2 2 2 2 2 2 2 2 2 2 2 2 2 2 2 2 2 2 2 2 2 2 2 2 2 2 2 2 2
left_child=2 5 3 4 18 19 7 -7 9 22 -11 12 -5 14 15 -3 -6 -8 -1 20 -2 -13 -4 24 -10 -21 29 -28 -16 -15
right_child=1 13 8 11 16 6 17 -9 23 10 -12 21 -14 26 28 -17 -18 -19 -20 25 -22 -23 -24 -25 -26 -27 27 -29 -30 -31
leaf_value=-0.046724598143542517 0.044413491862229683 0.028141639599106091 0.020039402989672314 0.0061146762827689318 -0.01616433105798867 -0.025623319534717217 0.0103173470259721 0.018105097824228419 0.061083843027462781 -0.027378685119263793 0.043258519778571897 -0.050228472089778833 -0.024326332181827923 0.050763355933352267 0.040823906170078056 0.047307870623781098 0.040081879250578198 0.036991090341972475 -0.027708984578773039 0.043709639556776536 -0.0045491071560047804 0.092396357604833307 0.039434476464310558 0.049133682475811839 0.023369316233360974 0.021639859666182586 0.0206964015521162 0.048127760190671914 0.049105162209343883 0.048946948244123309
leaf_weight=2247.3283806622494 61.502099575474858 2818.4226019494236 303.07777739036828 1192.9473429194186 165.68121236516163 896.54821495711803 1158.3966283947229 884.28437566384673 42.601975977420807 688.59987210296094 167.29298212938011 4.5170113076455882 621.89300503744744 4320.6529546286911 107.3093178384006 1092.7862472813576 152.2645201976411 442.26316965930164 792.34223563619889 492.05191167071462 136.62759126164019 47.408281652489677 555.4861892350018 285.94172664359212 230.07171029597521 132.10090158134699 80.190691985189915 51.265731502324343 2504.4092966392636 2915.1669362317771
leaf_count=569649 321 14282 852 38867 3007 5856 2856 4716 109 11629 360 1210 56260 30885 546 5866 2641 1935 68362 1006 1466 224 2574 1468 912 329 491 336 16581 20714
internal_value=0.0228013 0.0371584 -0.0118474 -0.0243504 -0.0367926 0.0113767 0.00631345 -0.00390968 0.0168895 0.00954395 -0.0135719 -0.00197155 -0.00431657 0.0449611 0.0396099 0.0334967 0.010772 0.0176873 -0.0417679 0.0321982 0.0106495 0.0799893 0.0325879 0.0394337 0.0292618 0.0390386 0.049699 0.0313942 0.0487649 0.0500316
internal_weight=25591.4 18094 7497.45 5224.38 3357.62 4203.77 3381.49 1780.83 2273.07 1714.46 855.893 1866.77 1814.84 13890.2 6522.93 3911.21 317.946 1600.66 3039.67 822.283 198.13 51.9253 858.564 558.615 272.674 624.153 7367.28 131.456 2611.72 7235.82
internal_count=866310 108186 758124 740220 643659 18485 15363 10572 17904 15415 11989 96561 95127 89701 37275 20148 5648 4791 638011 3122 1787 1434 3426 2489 1021 1335 52426 827 17127 51599
is_linear=0
shrinkage=0.05


Tree=78
num_leaves=29
num_cat=0
split_feature=0 1 5 6 2 0 2 2 8 1 9 2 8 8 1 2 9 5 0 6 9 8 9 2 1 2 9 8
split_gain=4130.85 963.699 421.093 365 359.564 230.437 176.755 195.734 144.933 132.088 102.382 98.1781 175.622 63.005 43.4496 56.2237 34.3761 32.9638 30.602 22.8402 19.1806 5.71434 3.18917 2.40055 1.65878 0.804993 0.651347 0.437969
threshold=0.47222222387790685 0.66384181380271923 1.0000000180025095e-35 1.0000000180025095e-35 0.88998898863792431 0.63068181276321422 0.68457102775573742 0.27812939882278448 8.5000000000000018 0.48435972630977636 15.500000000000002 0.13873296231031421 12.500000000000002 6.5000000000000009 0.85857143998146068 0.59317129850387584 52.500000000000007 1.0000000180025095e-35 0.27922078967094427 1.0000000180025095e-35 15.500000000000002 5.5000000000000009 101.50000000000001 0.96824595332145702 0.89009663462638866 0.87585616111755382 38.500000000000007 5.5000000000000009
decision_type=2 2 2 2 2 2 2 2 2 2 2 2 2 2 2 2 2 2 2 2 2 2 2 2 2 2 2 2
left_child=1 3 4 6 5 9 7 -1 -7 -2 17 13 -13 -5 15 -12 -8 18 -3 20 -6 -21 25 -19 -16 26 -4 -27
right_child=2 10 22 11 19 8 16 -9 -10 -11 14 12 -14 -15 24 -17 -18 23 -20 21 -22 -23 -24 -25 -26 27 -28 -29
leaf_value=-0.00069187523362608018 0.030779779000728015 0.048067293303933167 0.049675584754986665 0.049744008950238311 0.043464503587662372 0.04009464324033675 0.0089095520625810717 -0.022822588573213825 0.0048715780826948012 0.0069455447003073508 0.054392608222727269 -0.0071803047490539632 0.022679125992879218 -0.0023218033213038554 0.03169181678081992 -0.0063975872029930535 0.0448652161004056 0.05073712110630494 0.025071846940162075 0.048962034734736322 0.033937701510756396 0.017987145309160898 0.11072634930551904 -0.00964930257348217 0.04988315128090897 0.050884503929249585 0.042926028084716607 0.046234351133984754
leaf_weight=1293.7787237607408 831.57875817175955 230.39437226112932 2121.429804764688 205.14369891770184 1995.0516620092094 2102.201576622203 325.21808982384391 4386.785130427219 339.16474116407335 1931.4610260734335 44.794212569016963 1339.5110843009315 778.72540814243257 81.065265295095742 16.081499386578798 252.09713291423395 83.554195515811443 535.67656134907156 388.88463897770271 1473.3991218693554 718.64405095763505 15.041736438870428 2.1851000785827628 1.6508551239967335 56.765051193535328 3165.8784005269408 36.356481250375509 51.457845384255052
leaf_count=97813 6851 1757 14675 393 15087 12846 10211 620804 2132 19699 316 7569 3479 274 67 3186 878 3476 5013 10792 4320 95 2 14 189 23891 135 346
internal_value=0.0223742 -0.00241068 0.0391727 -0.00898393 0.0327925 0.0240085 -0.015497 -0.0177822 0.0352013 0.0141188 0.034168 0.00751074 0.00379689 0.034997 0.0112646 0.00277428 0.016259 0.0414897 0.033627 0.0436716 0.0409416 0.048649 0.0503336 0.0505516 0.0458673 0.050309 0.0495619 0.0508101
internal_weight=24804 10020.1 14783.9 8493.78 9406.54 5204.41 6089.34 5680.56 2441.37 2763.04 1526.34 2404.45 2118.24 286.209 369.738 296.891 408.772 1156.61 619.279 4202.14 2713.7 1488.44 5377.31 537.327 72.8466 5375.12 2157.79 3217.34
internal_count=866310 755439 110871 741421 71822 41528 729706 718617 14978 26550 14018 11715 11048 667 3758 3502 11089 10260 6770 30294 19407 10887 39049 3490 256 39047 14810 24237
is_linear=0
shrinkage=0.05


Tree=79
num_leaves=31
num_cat=0
split_feature=3 0 0 5 4 3 3 2 0 0 2 2 5 4 4 4 4 2 0 2 0 8 4 8 2 5 4 0 4 4
split_gain=4693.84 1417.8 1045.14 306.655 431.6 543.742 274.312 257.09 170.459 320.128 253.266 123.913 135.779 120.94 103.365 98.9161 104.526 96.3487 65.8452 68.3644 49.4933 47.3539 32.9002 19.2145 12.3571 9.55582 6.85194 2.87854 1.23172 1.21613
threshold=0.24499999731779101 0.31666667759418493 0.31666667759418493 1.0000000180025095e-35 1.0000000180025095e-35 0.098387096077203764 0.13188406080007556 0.56562754511833202 0.069047622382640853 0.19090909510850909 0.42153549194335943 0.87585616111755382 1.0000000180025095e-35 0.072372794151306166 0.3891009390354157 0.27669072151184088 0.56021979451179515 0.81204709410667431 0.095454547554254546 0.68457102775573742 0.19090909510850909 12.500000000000002 0.45027472078800207 5.5000000000000009 0.34330357611179357 1.0000000180025095e-35 0.20848321169614795 0.86607143282890331 0.50225225090980541 0.51869320869445812
decision_type=2 2 2 2 2 2 2 2 2 2 2 2 2 2 2 2 2 2 2 2 2 2 2 2 2 2 2 2 2 2
left_child=2 7 6 4 17 -6 13 8 10 -10 -2 12 14 20 -3 21 -17 -4 29 -20 -1 -8 -15 27 -5 -25 -26 -13 -14 -9
right_child=1 11 3 24 5 -7 15 18 9 -11 -12 23 28 22 -16 16 -18 -19 19 -21 -22 -23 -24 25 26 -27 -28 -29 -30 -31
leaf_value=-0.036514250909758475 0.0039696749911802363 0.045037984204535003 0.010819942089111866 0.16212927891424905 -0.038419599088034044 0.011726409381062165 0.0050418555117284942 0.05643101202453054 -0.071635900516408058 0.011360364314146226 0.039499822488938248 0.048702382516521023 0.041937958819795743 -0.047233214028001617 0.027274885199910084 -0.02648381509217897 0.047328681433212887 0.035917598937746091 -0.0097084788098733051 0.038789920275008258 0.0078064780122753773 0.055400689490171143 -0.0025961369169053561 0.018958009926091056 0.073674568245781225 0.047732292795611544 0.049831856032666544 0.050816057963720067 0.049252257038748193 0.050648030265508896
leaf_weight=106.1578022793401 2611.2783270515501 1258.8448487985879 995.63743007369339 2.5963181206025174 1096.3165234066546 1066.4188399319537 171.59267293754965 138.61512146145105 189.98015943076462 299.10461619310081 620.79853305034339 2929.1461648009717 59.086250932887197 2031.5833810861222 2343.8457305394113 522.79517496144399 52.807327168062329 620.85920755378902 109.8456348516047 214.66544505022466 154.90485287737101 64.12711825966835 42.136865923879668 76.022740295156837 34.044394109398127 46.503296744078398 262.27477983245626 3578.8180233184248 2225.8117233719677 264.16248762793839
leaf_count=14707 12372 5356 3476 8 66683 6165 4445 409 1220 947 2125 22697 345 626818 14352 20969 369 2860 375 1078 5284 1825 3207 490 81 334 1227 28364 16150 1572
internal_value=0.0218198 0.0361915 -0.0119329 0.00477092 0.00091493 -0.0136932 -0.0335854 0.0119452 0.00663123 -0.0208787 0.0107941 0.0448077 0.0395286 -0.0422886 0.0334816 -0.00853974 -0.0197121 0.0204594 0.0391343 0.0223734 -0.010216 0.0187419 -0.0463262 0.0494954 0.0535228 0.0298789 0.0525712 0.0498647 0.0490631 0.0526382
internal_weight=24190.8 16966.5 7224.25 4078.15 3779.23 2162.74 3146.11 4448.45 3721.16 489.085 3232.08 12518.1 5887.59 2334.78 3602.69 811.322 575.603 1616.5 727.289 324.511 261.063 235.72 2073.72 6630.49 298.915 122.526 296.319 6507.96 2284.9 402.778
internal_count=866310 108186 758124 80500 79184 72848 677624 20098 16664 2167 14497 88088 36203 650016 19708 27608 21338 6336 3434 1453 19991 6270 630025 51885 1316 824 1308 51061 16495 1981
is_linear=0
shrinkage=0.05


Tree=80
num_leaves=31
num_cat=0
split_feature=3 2 0 3 4 3 4 3 4 4 4 0 0 2 5 3 8 0 4 5 5 0 5 8 3 4 8 2 5 0
split_gain=4418.46 1233.96 1087.85 344.118 457.529 247.813 337.853 293.018 206.477 235.639 192.628 177.324 220.103 132.501 129.322 109.074 79.0768 65.718 58.1835 52.5133 43.4905 37.7022 26.1181 17.787 16.1255 15.4499 14.8706 12.9416 8.41266 2.64903
threshold=0.26969698071479803 0.51087471842765819 0.47222222387790685 0.13188406080007556 0.072372794151306166 0.16397849470376971 1.0000000180025095e-35 0.048199767246842391 0.27669072151184088 0.61710438132286083 0.41206791996955877 0.19090909510850909 0.069047622382640853 0.87585616111755382 1.0000000180025095e-35 0.82971012592315685 1.0000000180025095e-35 0.61250001192092907 0.39408509433269506 1.0000000180025095e-35 1.0000000180025095e-35 0.61250001192092907 1.0000000180025095e-35 5.5000000000000009 0.32575757801532751 0.1291419789195061 8.5000000000000018 0.084806710481643691 1.0000000180025095e-35 0.43650794029235845
decision_type=2 2 2 2 2 2 2 2 2 2 2 2 2 2 2 2 2 2 2 2 2 2 2 2 2 2 2 2 2 2
left_child=2 10 3 4 16 6 17 -8 20 -10 24 12 -12 14 15 -3 -1 -4 -6 -13 -5 22 -7 -15 27 -26 -23 -2 -25 -16
right_child=1 13 5 8 18 21 7 -9 9 -11 11 19 -14 23 29 -17 -18 -19 -20 -21 -22 26 -24 28 25 -27 -28 -29 -30 -31
leaf_value=0.045089751574755942 -0.04436061633676297 0.027368254975137826 0.013958612202778515 0.01920946096525325 -0.046888209254783687 0.014476600812413679 -0.045284898799704494 0.0050772322801045542 -0.025419965052086924 0.050937297926517071 0.0023387119623122558 0.015676762630276123 -0.071327978950380247 0.049840911486483161 0.045221708516939296 0.046739234300656018 -0.0053896737719796618 0.038013758474000951 -0.01001383449928756 0.048745226177907171 0.082694729253464605 0.046823521540375515 0.048037723588496284 0.019830533481641238 0.012652780777971752 0.037658750098261848 0.0095398072930487649 0.020385237587318798 0.047497935495688939 0.04919586710421104
leaf_weight=89.079354380024597 8.1994726508855802 2509.1430687382817 674.67644140869379 409.43978714477271 2255.3200621493161 235.20518889464438 456.0584304286167 787.60157353710383 956.55191308865324 112.97156113013625 2183.1369682010263 238.33012638241053 106.33554528467357 6110.0848240237683 552.84916771389544 1022.9864178299904 601.08074594335631 490.23770834878087 112.3038885013666 241.91791739501059 28.879441065713763 486.37836299277842 76.93217927031219 73.406747635453939 68.506315149366856 628.19948886334896 28.300468076020479 131.42831178382039 43.909579804167151 1735.9513810109347
leaf_count=984 32 13879 1478 7056 661398 831 18571 4062 26419 429 7460 947 514 50277 3500 5992 21387 2633 16316 1082 431 3210 371 480 187 1421 142 774 330 13717
internal_value=0.0214019 0.0367213 -0.0093397 -0.0250575 -0.0346969 0.0128405 0.00473293 -0.0133909 -0.0055097 -0.0173545 0.0110617 0.00471153 -0.00108277 0.0444012 0.0389778 0.0329785 0.00112573 0.0240819 -0.0451391 0.0323345 0.0233923 0.0364586 0.0227484 0.0494706 0.0320918 0.0351999 0.0447734 0.0165831 0.030186 0.0482359
internal_weight=23455.4 15654.4 7801.02 4565.63 3057.78 3235.39 2408.57 1243.66 1507.84 1069.52 3606.05 2769.72 2289.47 12048.3 5820.93 3532.13 690.16 1164.91 2367.62 480.248 438.319 826.816 312.137 6227.4 836.334 696.706 514.679 139.628 117.316 2288.8
internal_count=866310 100592 765718 734420 700085 31298 26744 22633 34335 26848 12417 10003 7974 88175 37088 19871 22371 4111 677714 2029 7487 4554 1202 51087 2414 1608 3352 806 810 17217
is_linear=0
shrinkage=0.05


Tree=81
num_leaves=31
num_cat=0
split_feature=3 1 0 3 0 0 2 1 9 1 2 2 3 4 9 3 4 3 0 4 2 1 2 0 3 0 2 0 3 0
split_gain=4146.56 1227.45 1015.78 334.888 314.639 305.632 202.304 183.779 187.874 174.324 141.283 139.131 132.19 118.341 128.445 110.701 177.432 76.7198 76.8264 65.2425 22.308 21.3432 18.2983 13.6925 40.8326 9.8026 5.78762 4.15521 2.21098 1.80216
threshold=0.26969698071479803 0.36700680851936346 0.31666667759418493 0.13188406080007556 0.2264957278966904 0.61250001192092907 0.27812939882278448 0.85857143998146068 29.500000000000004 0.4380482435226441 0.87585616111755382 0.53410854935646068 0.082207206636667265 0.70473173260688793 34.500000000000007 0.16397849470376971 0.10597148165106775 0.86811593174934398 0.087121214717626586 0.45027472078800207 0.27953489124774938 0.91751700639724743 0.65485891699790966 0.41428571939468389 0.81101191043853771 0.84523808956146251 0.90070420503616344 0.78888890147209179 0.89736840128898632 0.86607143282890331
decision_type=2 2 2 2 2 2 2 2 2 2 2 2 2 2 2 2 2 2 2 2 2 2 2 2 2 2 2 2 2 2
left_child=2 4 3 9 6 7 19 8 -4 22 17 -8 -11 14 -5 16 -7 18 -3 -2 -15 -9 -1 24 -6 -17 27 -12 -19 -28
right_child=1 10 5 13 23 15 11 21 -10 12 26 -13 -14 20 -16 25 -18 28 -20 -21 -22 -23 -24 -25 -26 -27 29 -29 -30 -31
leaf_value=-0.048883471075498071 0.033706394877872969 0.05194220911558705 -0.023529511451270246 -0.020643580852012365 0.0094552419218297511 0.037464552735708034 -0.014825080309751083 0.019533491311376161 0.0043317032770294516 -0.023605611742397933 0.046802073317572274 0.045557878354387044 0.058597144929688476 0.13122852782869085 0.019193344749902735 0.036246703701161578 -0.0042293855154918085 0.042449702365698422 0.032773657742938007 0.0094541527356930624 0.050793913587119134 0.045860271217703169 0.013903894394671152 0.048053903812835454 0.050503669843692617 0.050506687956768381 0.048786222255611342 0.036412048326496957 0.049586698499006793 0.050707887212645075
leaf_weight=1733.1443757542875 389.52904366329312 601.83626914210618 1047.526196047198 856.80550544150174 106.22938235849142 486.69597851857543 1333.7074940372258 145.56072653271258 1432.5285732038319 350.40863325726241 620.36435785330832 102.74626746028662 56.83952605468221 12.915621727705 264.9013599883765 209.62959241028875 536.38652215898037 119.22475253604352 3976.5246374113485 962.59510995447636 25.919002011418343 163.40937175601721 11.682191087165846 371.17030264995992 140.99255136027932 283.49758841097355 2033.274756135419 113.89427933469415 1208.1841236827895 3050.4434898756444
leaf_count=589450 975 2828 55307 30805 334 2722 5443 879 15320 53662 5167 170 4751 18 2120 1342 4458 783 26221 2548 61 660 2153 2196 497 2010 17370 913 8422 26725
internal_value=0.0209859 0.0361328 -0.00909908 -0.0299136 0.00971537 0.00691646 0.00255999 -0.0029061 -0.00743632 -0.0415881 0.0438099 -0.010506 -0.0121326 -0.0082649 -0.0112357 0.0249848 0.0156051 0.038362 0.0352934 0.0164409 0.0775449 0.0334573 -0.0484631 0.0419818 0.0328655 0.0444447 0.04934 0.0451904 0.0489457 0.0499393
internal_weight=22748.6 15130.7 7617.85 3312.62 3406.97 4305.23 2788.58 2789.02 2480.05 2152.07 11723.7 1436.45 407.248 1160.54 1121.71 1516.21 1023.08 5905.77 4578.36 1352.12 38.8346 308.97 1744.83 618.392 247.222 493.127 5817.98 734.259 1327.41 5083.72
internal_count=866310 100592 765718 683020 12163 82698 9136 72166 70627 650016 88429 5613 58413 33004 32925 10532 7180 38254 29049 3523 79 1539 591603 3027 831 3352 50175 6080 9205 44095
is_linear=0
shrinkage=0.05


Tree=82
num_leaves=31
num_cat=0
split_feature=3 2 2 4 3 4 1 3 4 4 4 8 2 5 3 4 8 1 1 2 2 5 8 1 2 3 1 2 4 8
split_gain=3897.22 1212.63 918.931 320.966 696.473 223.171 211.852 200.431 289.636 237.161 164.816 155.022 142.153 137.326 111.806 63.8944 48.2513 75.7654 58.9809 27.4862 26.3035 22.1756 19.0347 17.1712 26.6999 16.5532 10.0233 4.08724 2.73361 2.47699
threshold=0.26969698071479803 0.51087471842765819 0.7589399814605714 0.072372794151306166 0.10762548446655275 0.27669072151184088 0.40682870149612432 0.13840996474027636 0.10597148165106775 0.3824808150529862 0.41206791996955877 11.500000000000002 0.87585616111755382 1.0000000180025095e-35 0.82971012592315685 0.44198286533355718 11.500000000000002 0.12060606107115747 0.77346038818359386 0.84889996051788341 0.90521115064620983 1.0000000180025095e-35 5.5000000000000009 0.56711712479591381 0.43534001708030706 0.32575757801532751 0.59417229890823375 0.50944742560386669 0.53178024291992199 1.0000000180025095e-35
decision_type=2 2 2 2 2 2 2 2 2 2 2 2 2 2 2 2 2 2 2 2 2 2 2 2 2 2 2 2 2 2
left_child=2 6 3 16 15 -6 10 8 19 -10 25 -12 13 14 -3 -5 18 -18 -1 -4 21 -9 29 24 -8 -2 -24 -25 -15 -14
right_child=1 12 7 4 5 -7 23 20 9 -11 11 -13 22 28 -16 -17 17 -19 -20 -21 -22 -23 26 27 -26 -27 -28 -29 -30 -31
leaf_value=-0.0048936173508681187 0.0098739739539234483 0.02579024374973405 0.017118815814781814 -0.047253349819153835 0.020094276475660474 -0.016520464408936803 0.04413829477681331 0.021445837070924328 -0.026950114348735905 0.041657551096313743 -0.012456285585828538 0.013489118585881286 0.050534815762157861 0.038751333334237276 0.046189354825461826 0.02078559399462887 0.33943071176750422 0.025081220148799967 0.037817896853925871 0.036603519309864517 0.048060523908581433 0.050396670380127885 -0.088953343090912906 0.049261571691570791 0.012148744334104032 0.030421005607914938 0.03054983861844085 -0.021301897049096803 0.048255933834403138 0.048383338354555612
leaf_weight=804.14535895036533 119.0069678556174 2371.0823874399066 289.87625933159143 2151.4051725335885 609.77271216246299 1310.7212257534266 153.98569813370705 252.63423717394471 647.35166847379878 156.3919932609424 1331.8340111523867 1014.0932178329676 3300.2076964378357 78.581300025805831 937.22343108430505 35.067886160686612 1.9395027714781452 164.03398278844543 89.860072085633874 481.86743667535484 386.40285479649901 89.604480067268014 1.7837393321096886 254.7923269495368 113.16381983272731 555.89354845508933 107.60827059485018 2.0688163712620726 2028.0602851482108 2249.7857063114643
leaf_count=17186 770 13879 934 637201 24316 59283 419 1101 11489 360 4999 3050 30052 481 5992 1961 130 5723 240 2632 2680 482 15 1482 419 1263 795 15 16736 20225
internal_value=0.0205538 0.0355671 -0.00882387 -0.0205339 -0.0268648 -0.00489498 0.0101145 0.0174355 0.00740665 -0.0136005 0.0050236 -0.00124065 0.0437144 0.0379231 0.0315692 -0.0461621 0.00399596 0.0287546 -0.000600512 0.0292848 0.03912 0.0290257 0.0492556 0.0394627 0.0305876 0.0267979 0.0286012 0.0486932 0.0479014 0.0496627
internal_weight=22090.2 14619.2 7471.07 5166.95 4106.97 1920.49 3544.84 2304.13 1575.49 803.744 3020.83 2345.93 11074.3 5414.95 3308.31 2186.47 1059.98 165.973 894.005 771.744 728.642 342.239 5659.39 524.011 267.15 674.901 109.392 256.861 2106.64 5549.99
internal_count=866310 100592 765718 746040 722761 83599 12417 19678 15415 11849 10082 8049 88175 37088 19871 639162 23279 5853 17426 3566 4263 1583 51087 2335 838 2033 810 1497 17217 50277
is_linear=0
shrinkage=0.05


Tree=83
num_leaves=31
num_cat=0
split_feature=3 1 0 5 3 0 4 3 1 1 5 4 4 3 4 4 0 0 0 5 0 3 4 8 1 4 0 0 1 5
split_gain=3656.39 1194.71 897.782 338.995 320.704 292.62 274.925 427.657 177.588 147.039 144.398 144.358 120.943 118.496 107.859 109.954 85.5131 85.3079 37.4094 18.8384 14.263 40.7937 11.2066 9.9533 6.95348 5.6822 4.93668 4.28261 4.02465 3.96209
threshold=0.26969698071479803 0.36700680851936346 0.31666667759418493 1.0000000180025095e-35 0.13188406080007556 0.2264957278966904 0.16613588482141498 0.098387096077203764 0.4380482435226441 0.78679654002189647 1.0000000180025095e-35 0.35563012957572943 0.3891009390354157 0.082207206636667265 0.70473173260688793 0.28959664702415472 0.61250001192092907 0.069047622382640853 0.080128207802772536 1.0000000180025095e-35 0.41428571939468389 0.81101191043853771 0.42231801152229315 5.5000000000000009 0.89699381589889537 0.20848321169614795 0.47222222387790685 0.43650794029235845 0.28035087883472448 1.0000000180025095e-35
decision_type=2 2 2 2 2 2 2 2 2 2 2 2 2 2 2 2 2 2 2 2 2 2 2 2 2 2 2 2 2 2
left_child=2 5 4 6 8 11 16 -8 22 10 12 18 -3 -10 15 -6 -4 -13 -2 -16 21 -7 -1 24 -11 26 -5 -12 -27 -25
right_child=1 9 3 25 14 20 7 -9 13 23 27 17 -14 -15 19 -17 -18 -19 -20 -21 -22 -23 -24 29 -26 28 -28 -29 -30 -31
leaf_value=-0.048967801326147899 0.030780250197969733 0.043630272902162301 0.0089675563535712849 0.10715598108460339 0.01302039338265655 0.0083263885935800711 -0.038245763836432634 0.0090475329353910724 -0.022200400447280225 0.046613541504676059 0.043744791747659259 -0.00048610688615861191 0.023252902982597808 0.055227314583339376 0.0085397721535051801 -0.021106466390216003 0.032502680904565075 -0.038912571601707489 -0.024537241988696366 0.092773514551576772 0.04767438507713162 0.05014390230780779 -0.022207414616451777 0.02515705835310349 0.050303499956344491 0.096961254609413849 0.061101448115506288 0.048999533727917377 0.0494285138842308 0.046399061150763921
leaf_weight=1559.9809747245163 449.3066764138639 1123.0777599383146 1293.1390463481657 7.6326222056522957 341.40165975131094 104.21315282210708 826.91924260416999 1132.886470369529 333.787281898316 2007.5618755444884 528.80672407057136 2136.098890511319 2070.7513039037585 58.000252068741247 8.5034952908754331 764.67239199765027 550.16201569698751 154.90774676576257 32.793703339993954 30.249989211559296 344.20082696899772 132.43153590336442 40.129167290404439 61.768594527617097 3507.124169530347 4.5126276016235343 24.484907517209649 1453.5604101112112 338.7498603486456 34.054684555158019
leaf_count=584527 1140 5393 14262 13 7987 334 55858 6947 53662 18190 3680 7204 14388 4751 32 24938 3553 674 118 47 2196 497 7076 433 32869 23 69 13186 1973 290
internal_value=0.0201256 0.0349714 -0.0085719 0.00660457 -0.0287887 0.00890793 0.00213029 -0.0109074 -0.0409092 0.0430754 0.0369977 0.00214881 0.0304184 -0.010738 -0.00770014 -0.0105728 0.015992 -0.00308433 0.0270174 0.0742905 0.0411778 0.0317284 -0.0482967 0.0486826 0.0489602 0.0519351 0.0720462 0.0475978 0.0500534 0.0327063
internal_weight=21455.9 14140.7 7315.21 4178.49 3136.73 3353.95 3803.11 1959.81 1991.9 10786.7 5176.2 2773.11 3193.83 391.788 1144.83 1106.07 1843.3 2291.01 482.1 38.7535 580.846 236.645 1600.11 5610.51 5514.69 375.38 32.1175 1982.37 343.262 95.8233
internal_count=866310 100592 765718 82698 683020 12163 80620 62805 650016 88429 36647 9136 19781 58413 33004 32925 17815 7878 1258 79 3027 831 591603 51782 51059 2078 82 16866 1996 723
is_linear=0
shrinkage=0.05


Tree=84
num_leaves=31
num_cat=0
split_feature=3 2 0 5 3 1 9 1 1 0 2 2 5 3 0 2 0 3 0 0 2 2 1 1 9 2 5 0 0 9
split_gain=3430.58 1187.2 835.726 320.876 313.376 238.216 223.074 191.991 177.442 157.301 225.384 152.238 142.877 116.099 113.794 91.457 112.357 56.9088 40.494 62.9534 19.488 17.3466 14.7081 14.6396 6.7861 6.69088 7.10298 3.41327 2.04709 0.502526
threshold=0.26969698071479803 0.51087471842765819 0.31666667759418493 1.0000000180025095e-35 0.13188406080007556 0.85857143998146068 29.500000000000004 0.40682870149612432 0.4380482435226441 0.2264957278966904 0.27812939882278448 0.87585616111755382 1.0000000180025095e-35 0.82971012592315685 0.069047622382640853 0.68457102775573742 0.069047622382640853 0.11651583760976793 0.095454547554254546 0.16025641560554507 0.65485891699790966 0.29818989336490637 0.3647450208663941 0.3740671575069428 101.50000000000001 0.90070420503616344 1.0000000180025095e-35 0.43650794029235845 0.86607143282890331 31.500000000000004
decision_type=2 2 2 2 2 2 2 2 2 2 2 2 2 2 2 2 2 2 2 2 2 2 2 2 2 2 2 2 2 2
left_child=2 7 4 5 8 6 -4 9 20 10 -2 12 13 -3 -10 16 -6 -7 29 -20 -1 -5 -11 -17 -23 26 -13 -14 -27 -9
right_child=1 11 3 21 15 17 -8 18 14 22 -12 25 27 -15 -16 23 -18 -19 19 -21 -22 24 -24 -25 -26 28 -28 -29 -30 -31
leaf_value=-0.048675287620431218 0.015273277105933928 0.024182282841085208 -0.020939283175009534 0.20995864123871677 -0.0016373081155089146 0.016861631934470999 0.0070649866880726983 0.052048991486626131 0.055819838428495749 0.043138120024880877 -0.013563319440650014 0.039543855976832909 0.04382435531042056 0.045698327415533979 -0.021408953481496341 0.086007413716607889 -0.038765627468176474 0.045092294159897794 -0.134641854018173 0.027968055390068969 0.018256817663516278 0.049941026478907177 0.0062246070062786929 0.032715280353785507 0.11595956449448341 0.04841657902523893 0.050021110870772822 0.048726631124369563 0.05059409916427654 0.060768793534956546
leaf_weight=1514.2758612767793 1343.12023826316 2243.1484653353691 1228.0862446792889 1.7172400262206782 776.39057858055457 587.5911539522931 1689.2896168525331 225.90721929445863 55.695322247920558 262.11426390707493 1367.5055654179305 355.82614108733833 469.83917397633195 870.18129935860634 332.19007341680117 15.880899779498575 276.27302854834124 256.41883781459183 6.1033477783203116 240.07908789813519 10.953907905146478 354.8707953132689 30.082212559878826 68.351667169481516 3.9356660544872275 1796.2206123750657 296.6099065374583 1453.5852211145684 2704.3137163855135 17.826721295714378
leaf_count=589450 3527 13879 57741 6 26862 4405 16890 1008 6159 898 5534 3216 3500 5992 52254 23 5917 1584 29 1273 2153 2069 123 202 3 17615 2926 13717 27330 25
internal_value=0.0196918 0.0343739 -0.00831862 0.0063634 -0.0281605 0.00204441 -0.00472357 0.00921759 -0.0405155 0.00448255 0.000725269 0.0429968 0.0368152 0.0301961 -0.0103199 -0.00737013 -0.0113817 0.0254384 0.0382399 0.0239366 -0.0481946 0.0514239 0.0393378 0.0427628 0.0506652 0.049039 0.044307 0.0475291 0.049725 0.0526868
internal_weight=20854.4 13682.5 7171.92 4121.91 3050.01 3761.39 2917.38 3492.74 1913.12 3002.82 2710.63 10189.7 5036.75 3113.33 387.885 1136.9 1052.66 844.01 489.916 246.182 1525.23 360.524 292.196 84.2326 358.806 5152.97 652.436 1923.42 4500.53 243.734
internal_count=866310 100592 765718 82698 683020 80620 74631 12417 650016 10082 9061 88175 37088 19871 58413 33004 32779 5989 2335 1302 591603 2078 1021 225 2072 51087 6142 17217 44945 1033
is_linear=0
shrinkage=0.05


Tree=85
num_leaves=31
num_cat=0
split_feature=3 2 2 1 4 3 1 3 4 4 2 5 4 8 3 1 3 8 1 2 2 2 3 4 1 8 2 4 8 4
split_gain=3221.67 1166.14 758.461 316.316 269.185 595.626 185.812 173.464 222.876 178.69 158.043 144.795 140.052 143.983 116.487 96.8998 24.6899 21.0225 20.2752 26.9475 18.9728 14.5993 11.4222 34.153 9.47165 8.90404 4.17745 3.46999 2.83515 0.58726
threshold=0.26969698071479803 0.50944742560386669 0.77836257219314586 0.79008570313453685 0.072372794151306166 0.10762548446655275 0.40682870149612432 0.16397849470376971 0.11586575210094453 0.38651514053344732 0.87585616111755382 1.0000000180025095e-35 0.45027472078800207 11.500000000000002 0.82971012592315685 0.64365079998970043 0.43874999880790716 5.5000000000000009 0.56711712479591381 0.43534001708030706 0.84889996051788341 0.90999102592468273 0.089572194963693633 0.16336341947317126 0.59417229890823375 8.5000000000000018 0.66323024034500133 0.53178024291992199 1.0000000180025095e-35 0.81091719865798961
decision_type=2 2 2 2 2 2 2 2 2 2 2 2 2 2 2 2 2 2 2 2 2 2 2 2 2 2 2 2 2 2
left_child=2 6 3 4 15 -6 12 8 20 -10 11 14 16 -14 -3 -1 -2 28 19 -8 -4 25 23 -5 -19 -9 -24 -13 -12 -23
right_child=1 10 7 22 5 -7 18 21 9 -11 17 27 13 -15 -16 -17 -18 24 -20 -21 -22 29 26 -25 -26 -27 -28 -29 -30 -31
leaf_value=0.0083592277680666523 0.013853990868789438 0.023465672943893331 0.017379271670140251 0.041262836434145932 -0.046468765096437319 -0.0067529892241869078 0.042373294238311369 0.034869332678455267 -0.021632828298404842 0.03989770514667141 0.050398902615546394 0.036378377959778323 -0.013392677559774639 0.012390289704930411 0.045409245474312299 -0.032945145754771969 0.031778597747289333 -0.087480299425705024 0.048788776973629593 0.0087820037852731712 0.035330726643810005 0.048874932978713898 0.058801294739500243 -0.027754613058915269 0.028198525131834573 -0.0040330164647615716 0.040531427016046201 0.047693858040104384 0.047928835132180402 0.032253832562097004
leaf_weight=858.2844994389452 396.8734823949635 2198.8015176095068 216.71499689854681 83.302468121983111 1958.4528691207524 1822.5655944908503 139.52438469044864 248.14948246255517 616.96808818913996 145.89621512591839 2855.5547254905105 70.439971461892128 1252.4155436027795 953.9053904786706 834.25104726478457 170.14263937063515 372.36589826643467 1.8024348393082608 225.90885885246098 104.36223832890391 458.77915501222014 303.16180661134422 56.289045348763466 22.839043701067567 96.929145649075508 15.63551585189998 70.44477959536016 1775.5230405218899 1958.4695402299985 5.4091835618019095
leaf_count=22643 1956 13895 746 322 641055 83468 419 1332 8982 355 30052 483 4615 2812 5997 594 675 15 1482 410 2672 2439 136 580 795 84 257 16761 20225 53
internal_value=0.019249 0.0337921 -0.00804564 -0.0183996 -0.0211553 -0.0273246 0.00877353 0.0179194 0.00865536 -0.00986524 0.0425952 0.0362211 0.00415973 -0.00224538 0.0295013 0.00152585 0.0225308 0.0489256 0.0379962 0.0279991 0.0295715 0.0412003 0.038512 0.026412 0.0260867 0.0325634 0.048646 0.0472621 0.049394 0.0485836
internal_weight=20290.2 13237.1 7053.04 5042.32 4809.45 3781.02 3445.36 2010.71 1438.36 762.864 9791.77 4879.02 2975.56 2206.32 3033.05 1028.43 769.239 4912.76 469.795 243.887 675.494 572.356 232.875 106.142 98.7316 263.785 126.734 1845.96 4814.02 308.571
internal_count=866310 100592 765718 749055 747760 724523 12369 16663 12755 9337 88223 37136 10058 7427 19892 23237 2631 51087 2311 829 3418 3908 1295 902 810 1416 393 17244 50277 2492
is_linear=0
shrinkage=0.05


Tree=86
num_leaves=31
num_cat=0
split_feature=3 0 0 9 4 1 3 4 3 1 5 0 4 1 5 0 5 3 3 1 0 0 0 5 1 0 5 9 4 3
split_gain=3017.82 1148.29 740.929 335.565 333.012 277.069 191.072 229.773 257.399 182.261 148.494 145.928 127.973 121.042 140.145 118.968 118.061 107.111 95.8673 80.6917 56.9605 37.5662 37.4799 30.1348 15.8092 5.56195 6.6982 1.14961 0.99683 0.0580421
threshold=0.26969698071479803 0.31666667759418493 0.47222222387790685 31.500000000000004 0.56021979451179515 0.40682870149612432 0.16397849470376971 1.0000000180025095e-35 0.048199767246842391 0.66384181380271923 1.0000000180025095e-35 0.095454547554254546 0.45027472078800207 0.81934732198715221 1.0000000180025095e-35 0.16025641560554507 1.0000000180025095e-35 0.85357144474983226 0.78759399056434642 0.41421362757682806 0.61250001192092907 0.074175827205181136 0.84523808956146251 1.0000000180025095e-35 0.056349206715822227 0.86607143282890331 1.0000000180025095e-35 9.5000000000000018 0.40642170608043676 0.27429467439651495
decision_type=2 2 2 2 2 2 2 2 2 2 2 2 2 2 2 2 2 2 2 2 2 2 2 2 2 2 2 2 2 2
left_child=2 5 3 4 9 12 7 20 -9 -1 19 28 21 14 17 -13 -6 -3 -14 -5 -4 -2 23 -8 -12 26 -15 -16 -7 -27
right_child=1 13 6 10 16 11 22 8 -10 -11 24 15 18 25 27 -17 -18 -19 -20 -21 -22 -23 -24 -25 -26 29 -28 -29 -30 -31
leaf_value=-0.040275479465460062 0.024474629573777554 0.025181243043255194 0.011591274718973706 -0.019336237360044594 -0.011545686975009727 0.054921589520397052 0.018598745493818535 -0.044017558416390573 0.0056584515268882293 0.0084024909523968301 -0.073805175987674387 -0.12560951467093448 -0.0088927236106862411 0.044144231223035652 0.048872924796821191 0.014753875861508049 0.066726648685119655 0.047123192213150922 0.01604925421695989 0.0072946102621358078 0.035319004053552927 -0.0086588463378573163 0.050227044559358718 0.04781470665661755 0.091019630575270405 0.047564880199708337 0.050196860901159657 0.045365726730361974 0.049997267060055438 0.050582993949378034
leaf_weight=2354.582586255623 685.34541184641421 2216.3949236851186 648.48323618806899 481.14510615449399 87.536599598824978 139.02768671512604 358.34495047759265 396.47158798575401 761.85375102702528 209.3965458329767 1.5015194269362826 16.007518300786614 1691.3853740748018 997.81804256886244 1537.9055576911196 265.12772349268198 107.1418125089258 742.52085422724485 498.89019914530218 695.77776923868805 414.66366379708052 97.747778309509158 234.32856561802328 117.10335863381624 46.760931922355667 16.036066086031497 843.50731920544058 275.51039091590792 394.07109052222222 2405.4311899105087
leaf_count=642661 2268 16012 1478 64581 724 502 1711 18571 4062 5796 54 88 5882 10040 15610 1477 534 5848 1260 19105 2633 355 2010 833 965 164 9297 2727 2870 26192
internal_value=0.0188196 0.033177 -0.00780345 -0.0218424 -0.0315131 0.0100676 0.0112768 0.00406103 -0.0113447 -0.0363 -6.75534e-05 0.0359099 0.00299088 0.0428647 0.0373952 0.00676175 0.0315317 0.0306874 -0.00321156 -0.00359251 0.0208459 0.0203388 0.0338609 0.0257947 0.0858917 0.0489881 0.0469169 0.0483401 0.0512815 0.050563
internal_weight=19737.8 12822.7 6915.09 3983.84 2758.66 3787.6 2931.25 2221.47 1158.33 2563.98 1225.19 814.234 2973.37 9035.12 4772.33 281.135 194.678 2958.92 2190.28 1176.92 1063.15 783.093 709.777 475.448 48.2625 4262.79 1841.33 1813.42 533.099 2421.47
internal_count=866310 100592 765718 734420 649715 14702 31298 26744 22633 648457 84705 4937 9765 85890 40197 1565 1258 21860 7142 83686 4111 2623 4554 2544 1019 45693 19337 18337 3372 26356
is_linear=0
shrinkage=0.05


Tree=87
num_leaves=31
num_cat=0
split_feature=3 2 0 3 4 1 3 4 4 4 4 8 2 2 5 1 3 1 8 2 0 5 1 8 1 0 5 0 0 1
split_gain=2826.04 1136.32 684.612 280.949 445.38 185.166 179.771 211.365 241.855 162.4 197.213 160.862 309.969 147.559 136.252 113.441 105.813 90.6933 66.3561 46.2476 37.895 29.8114 26.6364 22.321 14.9738 33.6877 9.73929 3.45813 2.10422 0.822529
threshold=0.26969698071479803 0.54653680324554454 0.47222222387790685 0.10762548446655275 0.072372794151306166 0.48863048851490026 0.16397849470376971 0.16613588482141498 0.4360338300466538 0.27669072151184088 0.57517123222351085 11.500000000000002 0.18808962404727939 0.87585616111755382 1.0000000180025095e-35 0.46470099687576299 0.86811593174934398 0.22886905074119571 1.0000000180025095e-35 0.84889996051788341 0.84523808956146251 1.0000000180025095e-35 0.93844696879386913 5.5000000000000009 0.59417229890823375 0.095454547554254546 1.0000000180025095e-35 0.86607143282890331 0.43650794029235845 0.66384181380271923
decision_type=2 2 2 2 2 2 2 2 2 2 2 2 2 2 2 2 2 2 2 2 2 2 2 2 2 2 2 2 2 2
left_child=2 5 3 4 18 11 7 19 -9 15 -11 12 -2 14 16 -5 -3 -13 -1 -4 21 -8 -6 27 25 -7 -25 -15 -16 -26
right_child=1 13 6 9 22 24 20 8 -10 10 -12 17 -14 23 28 -17 -18 -19 -20 -21 -22 -23 -24 26 29 -27 -28 -29 -30 -31
leaf_value=0.043002026663333526 0.030548725390568722 0.023688662300865297 0.010357325548501729 -0.00056987499923491784 -0.047103054617578327 0.053062843746230971 0.017954149036021272 -0.023445794565703403 0.050092607951245309 -0.024455944085191215 0.035133560408974356 0.0076701600113591589 -0.016235761054634649 0.047695786834447765 0.043951870478654058 0.048456281565066844 0.04788320421904179 0.033684218690335214 -0.0041478372084520487 0.03056076667400956 0.050152916241177119 0.047567353697187488 0.062198835861454742 0.012336340474259577 0.043180002741688983 0.0044410483716861267 0.046155924350340827 0.050512291575587724 0.04830685961604346 0.049839068878889836
leaf_weight=85.695230762474239 474.67874400317669 2115.2262965971604 778.21735717635602 303.31953544379212 1608.9386740201153 69.505084060132504 352.7939515337348 834.72017994243652 129.09874759055674 960.44621259649284 162.31114308536053 836.10652452893555 1393.070028340444 2023.7591750826687 358.08159167971462 193.11610374459997 574.67678972240537 559.07092246413231 577.4283174793236 445.35679007507861 223.22143140621483 111.95693001337349 5.5932852178812018 59.580569667741656 60.352730749174953 73.082848875783384 33.122144079767168 2361.599843214266 1230.5378556540236 200.19812093861401
leaf_count=968 978 14519 4609 23297 629175 312 1711 18775 305 57808 925 2570 5984 22682 3120 1253 4551 1717 20974 3055 2010 833 20 480 394 358 330 27595 13398 1604
internal_value=0.018405 0.0325703 -0.00757914 -0.0212349 -0.0325545 0.00919914 0.0109279 0.00391649 -0.0135957 -0.00531204 -0.0158414 0.00524934 -0.00434572 0.0423549 0.0357147 0.0185016 0.0288576 0.0180944 0.00194532 0.017711 0.0332205 0.0250879 -0.0467244 0.0486993 0.041168 0.0281419 0.0244199 0.0492125 0.0473252 0.0482966
internal_weight=19194.9 12422.6 6772.21 3896.85 2277.66 3666.07 2875.37 2187.39 963.819 1619.19 1122.76 3262.93 1867.75 8756.58 4278.52 496.436 2689.9 1395.18 663.124 1223.57 687.972 464.751 1614.53 4478.06 403.139 142.588 92.7027 4385.36 1588.62 260.551
internal_count=866310 100592 765718 734420 651137 13917 31298 26744 19080 83283 58733 11249 6962 86675 35588 24550 19070 4287 21942 7664 4554 2544 629195 51087 2668 670 810 50277 16518 1998
is_linear=0
shrinkage=0.05


Tree=88
num_leaves=31
num_cat=0
split_feature=3 2 2 3 4 3 4 5 4 2 4 4 5 4 8 2 1 4 1 8 1 1 2 2 8 5 5 1 2 8
split_gain=2657.93 1007.8 724.979 284.178 599.858 215.775 202.476 276.822 186.735 168.754 163.447 146.05 144.535 132.522 109.707 217.817 84.7457 63.7438 60.089 48.1285 25.4703 43.7515 25.3139 24.3562 22.4073 16.6331 13.5898 10.441 5.20047 2.81279
threshold=0.32575757801532751 0.44920890033245092 0.7589399814605714 0.10762548446655275 0.072372794151306166 0.16397849470376971 0.29280610382556921 1.0000000180025095e-35 1.0000000180025095e-35 0.87585616111755382 0.38651514053344732 0.45027472078800207 1.0000000180025095e-35 0.4360338300466538 11.500000000000002 0.1627137288451195 0.40682870149612432 0.44198286533355718 0.27622890472412115 11.500000000000002 0.22886905074119571 0.18090909719467166 0.90521115064620983 0.84889996051788341 5.5000000000000009 1.0000000180025095e-35 1.0000000180025095e-35 0.74133810400962841 0.6442561447620393 1.0000000180025095e-35
decision_type=2 2 2 2 2 2 2 2 2 2 2 2 2 2 2 2 2 2 2 2 2 2 2 2 2 2 2 2 2 2
left_child=2 11 3 4 19 8 16 -8 23 12 -10 20 13 -3 15 -13 -5 -6 -16 -1 21 -2 26 -4 29 -22 -7 -26 -14 -11
right_child=1 9 5 6 17 22 7 -9 10 24 -12 14 28 -15 18 -17 -18 -19 -20 -21 25 -23 -24 -25 27 -27 -28 -29 -30 -31
leaf_value=-0.0013108359020293752 0.026964219720961483 0.04172669352424848 0.014996434587308666 0.0013272198593070499 -0.046275207550488438 0.024295672001993437 -0.029715902355848041 0.014620924470517908 -0.018720298249796635 0.05026019580126731 0.038772092450338622 0.031426832040859602 0.041838437348654424 0.019522403299758889 0.0067305799274972175 -0.021895571140004941 0.034782265102309681 0.025082492301121934 0.041098949065393159 0.028521635429961247 0.042724943545653357 -0.017374260521177749 0.048131542027742259 0.034462467200711666 -0.059412162382822188 -0.052806403296687225 0.047181447719191985 0.027287407665171473 0.047842573112615722 0.047576984103530451
leaf_weight=862.86119009787217 335.39227760583162 1072.3836174309254 267.07168708741665 378.95865995483473 1693.5502310794545 268.14932406786829 968.7171814290341 553.04588245972991 700.61591409379616 2387.9267057394609 150.10809569433331 242.63074198737741 510.61798121687025 1799.7133413460106 699.93379194289446 909.16311595216393 378.21386909927242 31.885795829817653 155.41949834674597 160.31477453326806 216.99888214282691 66.703285932540894 405.76537474989891 403.42558532394469 3.6204951889812937 4.6541198082268229 85.565704545006156 84.987856902182102 1227.9166433205828 1652.7116438215598
leaf_count=17056 810 5890 810 26815 637201 1485 24480 32965 11898 29076 391 545 4080 14231 1927 3635 2777 1961 381 5674 503 284 3987 2541 32 31 713 762 13759 19610
internal_value=0.0179879 0.0331087 -0.00553838 -0.0161451 -0.0269693 0.017843 -0.00309011 -0.0136028 0.00697626 0.0412757 -0.00857591 0.00597788 0.0347006 0.027813 -0.00058939 -0.010663 0.0180383 -0.0449565 0.0129754 0.00336342 0.0271106 0.0196089 0.0396088 0.0267088 0.0486173 0.040719 0.0298319 0.0237449 0.0460791 0.0491627
internal_weight=18679 11370.8 7308.25 5027.55 2748.61 2280.7 2278.94 1521.76 1521.22 8739.88 850.724 2630.9 4610.63 2872.1 2007.15 1151.79 757.173 1725.44 855.353 1023.18 623.749 402.096 759.48 670.497 4129.25 221.653 353.715 88.6084 1738.53 4040.64
internal_count=866310 95556 770754 748929 661892 21825 87037 57445 15640 87440 12289 8116 37960 20121 6488 4180 29592 639162 2308 22730 1628 1094 6185 3351 49480 534 2198 794 17839 48686
is_linear=0
shrinkage=0.05


Tree=89
num_leaves=31
num_cat=0
split_feature=3 2 0 9 4 5 3 1 2 4 3 0 2 1 5 4 5 3 0 1 0 5 4 3 9 3 0 2 5 0
split_gain=2492.01 984.653 696.311 299.053 283.372 299.619 239.366 185.514 173.802 163.931 255.35 145.992 149.299 166.459 145.479 130.219 125.054 59.121 54.1404 37.0107 33.6837 27.9146 22.9534 14.0173 21.4813 9.36484 8.506 7.43613 8.18951 2.22336
threshold=0.32575757801532751 0.44920890033245092 0.47222222387790685 32.500000000000007 0.53178024291992199 1.0000000180025095e-35 0.18019481003284457 0.66384181380271923 0.87585616111755382 1.0000000180025095e-35 0.048199767246842391 0.19090909510850909 0.18808962404727939 0.32200460135936743 1.0000000180025095e-35 0.3891009390354157 1.0000000180025095e-35 0.098387096077203764 0.61250001192092907 0.04124149680137635 0.84523808956146251 1.0000000180025095e-35 0.40642170608043676 0.35504202544689184 22.500000000000004 0.81101191043853771 0.43650794029235845 0.90521115064620983 1.0000000180025095e-35 0.86607143282890331
decision_type=2 2 2 2 2 2 2 2 2 2 2 2 2 2 2 2 2 2 2 2 2 2 2 2 2 2 2 2 2 2
left_child=2 11 3 4 7 -6 9 -1 14 18 -11 12 19 -14 15 -3 17 -5 -4 -2 21 -8 -18 24 -13 -25 -16 28 -10 -29
right_child=1 8 6 16 5 -7 20 -9 27 10 -12 23 13 -15 26 -17 22 -19 -20 -21 -22 -23 -24 25 -26 -27 -28 29 -30 -31
leaf_value=-0.037405140327528424 -0.016478763939752988 0.04250297109663187 0.010043512245362518 -0.010094419597992085 -0.030855447889498473 0.060137719889783864 0.021826750551674594 0.01078607979719319 0.038107300592405607 -0.043137741179578776 0.0070797471286660023 -0.06937603682093102 -0.011782357162256542 0.033683965915368361 0.040324234672036496 0.019564016104730811 0.079378643586026032 0.013142815619958628 0.033867860684342797 0.028130563365111202 0.04980070235705672 0.047748395437913128 -0.1325680674409257 0.031937360216223086 0.086645029482776192 0.049711304292817171 0.048130461069993594 0.047796192868325621 0.049812681802901194 0.050446788566766834
leaf_weight=2333.8579990861472 51.231422685086727 922.91160431783646 633.77452320046723 742.71533903758973 183.55036054737866 178.3930068295449 402.0401663472876 218.3879948402755 331.19427472818643 365.29800380673259 824.51175122428685 6.9396862387657148 1520.8953056707978 232.02197580784559 498.06014683097601 1876.8498258218169 55.396266521071084 433.48184850253165 382.30879874899983 503.02889506146312 283.16207402292639 140.03508659731597 1.3075733091682185 165.42116038314998 3.2343493103981018 134.25689336657524 1165.7468555765226 1291.2545373961329 272.26499358937144 2042.783720578067
leaf_count=647805 141 5224 1478 74113 1727 1078 2389 5919 3691 18571 4344 35 5039 741 4029 14897 889 5537 2633 1061 3007 1254 10 575 3 521 13810 16027 3397 26365
internal_value=0.0175612 0.0324963 -0.00536323 -0.0186768 -0.0274101 0.0139929 0.0128519 -0.0332816 0.0408388 0.00425792 -0.00833814 0.00571562 0.00138782 -0.00576428 0.0340842 0.0271256 0.00196596 -0.00153045 0.0190076 0.0240072 0.0358241 0.0285231 0.0744912 0.0379407 -0.0197766 0.0399002 0.0457937 0.0484958 0.0433885 0.0494202
internal_weight=18196.3 11018.1 7178.22 4147.09 2914.19 361.943 3031.13 2552.25 8401.07 2205.89 1189.81 2617.03 2307.18 1752.92 4463.57 2799.76 1232.9 1176.2 1016.08 554.26 825.237 542.075 56.7038 309.852 10.174 299.678 1663.81 3937.5 603.459 3334.04
internal_count=866310 95556 770754 737078 656529 2805 33676 653724 87440 27026 22915 8116 6982 5780 37960 20121 80549 79650 4111 1202 6650 3643 899 1134 38 1096 17839 49480 7088 42392
is_linear=0
shrinkage=0.05


Tree=90
num_leaves=31
num_cat=0
split_feature=3 2 0 3 4 3 4 4 4 5 1 2 5 0 2 4 1 0 1 0 5 1 0 0 1 2 5 0 0 4
split_gain=2336.63 964.542 641.483 287.614 422.823 226.346 152.814 203.528 151.877 222.49 149.04 146.004 128.109 120.745 148.207 116.082 111.855 53.3801 42.3478 34.2121 27.7934 26.2752 23.8284 39.6197 19.0912 7.73895 8.43414 3.11862 2.32894 0.220065
threshold=0.32575757801532751 0.51191151142120372 0.47222222387790685 0.10762548446655275 0.072372794151306166 0.18019481003284457 0.16613588482141498 0.4360338300466538 0.29280610382556921 1.0000000180025095e-35 0.42724868655204779 0.87585616111755382 1.0000000180025095e-35 0.2264957278966904 0.23606811463832858 0.3891009390354157 0.48863048851490026 0.19090909510850909 0.81016731262207042 0.84523808956146251 1.0000000180025095e-35 0.66987180709838878 0.095454547554254546 0.16025641560554507 0.35043859481811529 0.90521115064620983 1.0000000180025095e-35 0.43650794029235845 0.86607143282890331 0.51869320869445812
decision_type=2 2 2 2 2 2 2 2 2 2 2 2 2 2 2 2 2 2 2 2 2 2 2 2 2 2 2 2 2 2
left_child=2 10 3 4 17 6 18 -8 16 -10 13 12 15 14 -2 -3 -5 -1 -4 20 -7 -6 29 -24 -15 26 -13 -14 -27 -12
right_child=1 11 5 8 21 19 7 -9 9 -11 22 25 27 24 -16 -17 -18 -19 -20 -21 -22 -23 23 -25 -26 28 -28 -29 -30 -31
leaf_value=-0.033706449217986365 0.017390472660015182 0.043265322051712157 0.009700099769748222 0.0010072717919598769 -0.048157653987883235 0.021154641236084785 -0.019154700255963834 0.047444416233260456 -0.029569630025933675 0.012108435435653212 0.054475024249492035 0.037609019817668184 0.042432691782305382 0.043486412971099571 -0.0086416096009183738 0.020210414983574839 0.046024594860722426 0.0078541799001657728 0.029924748092572451 0.049723727576128682 0.047526951862533307 -0.022061283444055418 -0.13054479566360239 0.029416920609117454 0.0085536668013160115 0.047639046865132095 0.049749420910043154 0.047879571924067291 0.050417477485019346 0.05067873786060656
leaf_weight=89.446758016943932 839.53294137120247 809.71054511889815 794.51908095739782 412.26744943438098 1328.754305640934 394.27373562939465 864.06998734734952 132.27851039916277 845.59299411904067 515.3714200060349 57.924661509692669 319.11107456497848 348.13997312821448 203.9909155536443 1567.7761720344424 1676.3042530827224 207.40623328275979 567.06432351330295 383.88137663435191 269.75864451844245 133.810646164231 104.00520848575979 3.9568700566887847 178.29315488412976 48.389566343277693 1232.2300374722108 259.3075696034357 1071.8975940952078 1944.2572444817051 111.96039844304323
leaf_count=14311 1880 4949 4921 27974 623877 2389 18976 363 23997 32773 182 3691 3389 822 5107 14119 1197 7631 2766 3007 1254 5318 17 1173 208 16027 3397 13442 26365 788
internal_value=0.0171555 0.0319063 -0.0051991 -0.0180957 -0.0310373 0.0124582 0.00410132 -0.0103128 -0.00444426 -0.0137869 0.00793348 0.0413309 0.0345632 0.00388636 0.000436905 0.0277195 0.0160747 0.00219173 0.0162886 0.0352372 0.0278371 -0.0462633 0.0385015 0.025944 0.0367887 0.048371 0.0430516 0.0465442 0.0493397 0.0519731
internal_weight=17715.3 10672.8 7042.5 4069.91 2089.27 2972.59 2174.75 996.348 1980.64 1360.96 3011.82 7660.96 3906.05 2659.69 2407.31 2486.01 619.674 656.511 1178.4 797.843 528.084 1432.76 352.135 182.25 252.38 3754.91 578.419 1420.04 3176.49 169.885
internal_count=866310 95556 770754 737078 651137 33676 27026 19339 85941 56770 10177 85379 35899 8017 6987 19068 29171 21942 7687 6650 3643 629195 2160 1190 1030 49480 7088 16831 42392 970
is_linear=0
shrinkage=0.05


Tree=91
num_leaves=31
num_cat=0
split_feature=3 2 2 9 4 5 3 4 2 1 1 4 5 8 2 4 5 1 1 8 2 4 2 8 1 2 5 8 9 2
split_gain=2190.59 942.128 590.288 342.812 297.359 314.894 179.189 153.875 149.795 141.752 141.156 132.43 129.166 125.135 257.19 114.145 110.632 81.5043 72.2216 24.8482 22.1367 18.5398 17.9566 14.5979 13.1884 20.1025 10.1695 3.21455 3.00831 2.21743
threshold=0.32575757801532751 0.51191151142120372 0.77836257219314586 31.500000000000004 0.47395551204681402 1.0000000180025095e-35 0.16397849470376971 0.11586575210094453 0.87585616111755382 0.79008570313453685 0.42724868655204779 0.38651514053344732 1.0000000180025095e-35 11.500000000000002 0.1627137288451195 0.3891009390354157 1.0000000180025095e-35 0.80178570747375499 0.22886905074119571 5.5000000000000009 0.91734972596168529 0.40642170608043676 0.90521115064620983 8.5000000000000018 0.57947367429733287 0.43534001708030706 1.0000000180025095e-35 1.0000000180025095e-35 9.5000000000000018 0.50944742560386669
decision_type=2 2 2 2 2 2 2 2 2 2 2 2 2 2 2 2 2 2 2 2 2 2 2 2 2 2 2 2 2 2
left_child=2 10 3 4 9 -6 7 22 12 -1 13 -9 15 14 -2 -3 17 -5 -15 27 23 -18 -4 -8 25 -12 -21 -10 -14 -26
right_child=1 8 6 16 5 -7 20 11 19 -11 24 -13 28 18 -16 -17 21 -19 -20 26 -22 -23 -24 -25 29 -27 -28 -29 -30 -31
leaf_value=-0.034183763486041276 0.03159305404427433 0.042833573097810246 0.018343168909436301 -0.0017996413893468723 -0.025961541335545693 0.044235137900514941 0.032975881452984836 -0.018008024979159858 0.05013700188097682 0.030288509855920999 0.043444987583838107 0.037542511867011179 0.047289219363782935 0.007030994234669569 -0.017299359307632666 0.019585819396571419 0.068017505479861282 0.048061108362754956 0.033403155841347391 0.0076255682425357789 0.048626552637015354 -0.1130221540649161 0.035768060611112984 -0.010573997408731302 0.048597220974118276 0.0091762942712765201 0.045151240782089465 0.047057912787069126 0.040602216338408152 -0.0095678252052891731
leaf_weight=2427.4152722688159 351.57623529061675 777.78966645058244 324.29939881130122 1629.5898985961685 349.07410359778441 294.58312579290941 307.41367404442281 595.17829296155833 2062.0340035725385 88.359095365740359 96.906129008159041 130.8799001313746 1160.4624952794984 752.67123832181096 1144.8363849576563 1644.1070317495614 69.687755222199485 86.300682261586189 396.2940191347152 52.066466049291193 327.57058402616531 1.4434467181563366 271.7382505312562 20.527228612452745 164.5549601521343 76.641111351549625 27.637945847585797 1439.3137236116454 196.69746854901314 1.6550545375794161
leaf_count=654983 764 4949 1402 86810 4471 3538 2188 8982 29076 748 363 355 14496 2005 4172 14119 1083 363 1076 469 3666 12 2016 137 1390 391 325 19610 2335 16
internal_value=0.0167371 0.0313059 -0.00503014 -0.0142611 -0.0241605 0.00616543 0.0180585 0.00746073 0.0409152 -0.0319194 0.00761318 -0.00799444 0.0339716 0.00371664 -0.00581228 0.0270518 0.00324108 0.000708104 0.0161271 0.0482429 0.039433 0.0643437 0.0262873 0.0302499 0.0379519 0.0283114 0.0206378 0.0488713 0.0463201 0.048018
internal_weight=17269.3 10345.2 6924.06 4946.45 3159.43 643.657 1977.61 1322.1 7360.11 2515.77 2985.14 726.058 3779.06 2645.38 1496.41 2421.9 1787.02 1715.89 1148.97 3581.05 655.511 71.1312 596.038 327.941 339.757 173.547 79.7044 3501.35 1357.16 166.21
internal_count=866310 95556 770754 752008 663740 8009 18746 12755 85379 655731 10177 9337 35899 8017 4936 19068 88268 87173 3081 49480 5991 1095 3418 2325 2160 754 794 48686 16831 1406
is_linear=0
shrinkage=0.05


Tree=92
num_leaves=31
num_cat=0
split_feature=0 3 3 1 1 3 0 0 3 2 5 3 6 1 8 5 0 8 1 8 0 3 1 2 2 5 8 8 8 0
split_gain=2106.81 927.419 824.361 329.057 264.696 193.733 254.013 122.552 228.326 119.656 117.368 80.9965 78.1305 75.6362 72.0721 69.3884 62.7055 57.3547 53.9856 52.1625 45.7632 37.3545 65.4338 22.9296 19.5749 15.193 14.7224 7.89513 4.80721 3.8269
threshold=0.47222222387790685 0.18019481003284457 0.13188406080007556 0.66384181380271923 0.4380482435226441 0.8603896200656892 0.069047622382640853 0.069047622382640853 0.057983193546533592 0.89498746395111095 1.0000000180025095e-35 0.85357144474983226 1.0000000180025095e-35 0.063164893537759795 1.0000000180025095e-35 1.0000000180025095e-35 0.31666667759418493 26.500000000000004 0.91751700639724743 8.5000000000000018 0.16025641560554507 0.057983193546533592 0.48212005198001867 0.65485891699790966 0.81872946023941051 1.0000000180025095e-35 5.5000000000000009 5.5000000000000009 6.5000000000000009 0.86607143282890331
decision_type=2 2 2 2 2 2 2 2 2 2 2 2 2 2 2 2 2 2 2 2 2 2 2 2 2 2 2 2 2 2
left_child=2 12 4 5 16 6 -4 8 -6 10 11 -3 15 -12 -9 18 23 -18 -2 25 -7 22 -14 -1 -21 -5 -23 29 -29 -11
right_child=1 9 3 19 7 20 -8 14 -10 27 13 -13 21 -15 -16 -17 17 -19 -20 24 -22 26 -24 -25 -26 -27 -28 28 -30 -31
leaf_value=-0.048126548110033002 -0.0044557178370617677 0.024338330442784079 0.0059883531491303973 0.033834491372459842 -0.038318459020823134 0.017203015584457193 -0.021918079346385518 0.023868905775874652 0.17627321936153151 0.046742068841319984 -3.7368678339439785 0.046855800026521982 0.4499298490398318 0.047827676280465616 -0.01838390398018298 0.051596282038757352 -0.017196736730508363 0.20989915199447365 0.01696315026544248 -0.055433940023096574 0.043873197414960236 0.042004447480831653 0.047655666223854289 0.03096498687496484 -0.27222978206998322 0.048497678597785275 -0.0010110421266490985 -0.0031906714572335518 0.03903000559749039 0.050301422723142447
leaf_weight=1122.3233622373082 1557.2051991508342 1914.3778119916096 3128.6679966503289 420.14944102242589 24.915171356871724 417.09831975772977 1102.8742832622956 117.38807331048883 24.668648564256728 1229.0540818143636 0.013201160356401398 504.63498392980546 1.5050112847238768 1273.6959456400946 719.59950417047366 66.356584513559937 144.82602508971468 2.8347093295305958 362.71163594443351 6.6227428372949353 261.80071689281613 117.14051815681159 3.0788703709840775 9.2392469749320281 1.2354398779571054 304.81783653330058 23.960255449637771 11.13830280210823 17.080628436990082 1958.5890567218885
leaf_count=589450 23270 15469 35732 3079 5416 1183 10155 5146 743 17336 1 4933 9 16839 79209 195 17883 85 3123 55 1568 324 17 2153 15 3567 88 125 165 28977
internal_value=0.0163165 0.0327485 -0.00270676 0.00735728 -0.02893 0.00269305 -0.00128495 -0.00793327 0.0684439 0.0416447 0.035504 0.0290357 0.00392038 0.0477885 -0.0124579 0.00132812 -0.0434818 -0.0128371 -0.000409255 0.0386109 0.0274877 0.0392634 0.179733 -0.0474808 -0.0895179 0.0399997 0.0347 0.048696 0.0223651 0.048929
internal_weight=16849.6 9040.54 7809.06 5643.27 2165.79 4910.44 4231.54 886.571 49.5838 6908.58 3692.72 2419.01 2131.96 1273.71 836.988 1986.27 1279.22 147.661 1919.92 732.825 678.899 145.685 4.58388 1131.56 7.85818 724.967 141.101 3215.86 28.2189 3187.64
internal_count=866310 110871 755439 55354 700085 48638 45887 90514 6159 83845 37242 20402 27026 16840 84355 26588 609571 17968 26393 6716 2751 438 26 591603 70 6646 412 46603 290 46313
is_linear=0
shrinkage=0.05


Tree=93
num_leaves=31
num_cat=0
split_feature=0 3 3 4 1 4 3 4 4 9 8 3 1 3 9 0 8 0 8 8 1 9 8 0 0 4 8 0 0 4
split_gain=1981.66 905.886 765.118 362.219 311.144 201.944 190.73 135.587 180.397 129.582 122.283 88.2326 80.3783 154.237 80.3518 66.1711 54.6732 50.3145 47.7638 46.5636 42.9647 37.6816 34.3827 27.3469 24.2162 23.0058 15.7282 13.537 8.9247 6.58625
threshold=0.47222222387790685 0.18019481003284457 0.13188406080007556 0.072372794151306166 0.66384181380271923 0.3003759384155274 0.78759399056434642 0.16613588482141498 0.44198286533355718 56.500000000000007 5.5000000000000009 0.84807693958282482 0.556623935699463 0.0745370388031006 15.500000000000002 0.63068181276321422 1.0000000180025095e-35 0.61250001192092907 21.500000000000004 8.5000000000000018 0.82426470518112194 11.500000000000002 10.500000000000002 0.31666667759418493 0.86607143282890331 0.42231801152229315 5.5000000000000009 0.10555555671453477 0.86607143282890331 0.46563534438610082
decision_type=2 2 2 2 2 2 2 2 2 2 2 2 2 2 2 2 2 2 2 2 2 2 2 2 2 2 2 2 2 2
left_child=2 7 3 16 5 22 -7 14 9 -9 15 24 25 -14 26 20 23 -16 -18 27 -3 -21 -4 -1 -12 -5 -2 -6 -17 -10
right_child=1 10 4 12 19 6 -8 8 29 -11 11 -13 13 -15 17 28 18 -19 -20 21 -22 -23 -24 -25 -26 -27 -28 -29 -30 -31
leaf_value=-0.01806151112234634 -0.046484465665058483 0.028907377326156565 0.015453526760710721 -0.048259134321283287 0.050941653948378032 -0.007714793891848034 0.020931078396652317 -0.025992469904682871 0.019202824127973056 0.029931659168283366 0.018037256965961545 0.047695105498971289 -0.045991034755507816 0.040713713797257689 0.010682129282427996 0.045234914240103091 -0.0048589560578889994 0.033161033562191224 0.096271834789576655 -0.029275940761593813 0.045649281241630119 -0.30442839408763211 0.034679842559223267 0.05452206277567434 0.049289639806784746 -0.0093491015957330899 0.0080092156648887951 0.035240293523097974 0.050336765761504247 0.052076376889710708
leaf_weight=16.055323446169496 59.095588156022131 886.29013712611049 607.35390613088384 1200.9400434076088 187.66553713846952 3205.443657157477 709.73716353345662 732.69415138335899 17.885589905083179 120.63749090954661 929.55086145829409 409.36069275345653 140.37537376023829 80.823003200581297 683.31181207112968 1365.9058222370222 548.90160900959745 391.59190403856337 11.929138446226714 6.9944763695821148 675.12529270164669 1.5135490922257302 376.79693827871233 67.681134757120162 66.412504924461246 39.229664601036347 17.064731894060969 511.23078473005444 2301.5730039300397 102.87007770314813
leaf_count=763 2114 8583 6720 645896 1895 34855 3098 18118 68 868 8478 4737 22109 2283 2201 18120 20596 2778 791 52 9279 18 3965 221 627 7426 594 4751 34021 285
internal_value=0.0158735 0.0321468 -0.00260836 -0.0283043 0.00704325 0.00256754 -0.00252192 0.00373685 -0.00999202 -0.0180863 0.0412474 0.0281533 -0.042076 -0.0143102 0.0153549 0.0447666 0.00291899 0.0188713 -0.00270786 0.038041 0.0361462 -0.0782246 0.0228146 0.0406052 0.0201212 -0.0470283 -0.0342744 0.0394564 0.0484366 0.0472073
internal_weight=16472 8759.37 7712.67 2105.94 5606.74 4899.33 3915.18 2125.15 974.087 853.332 6634.22 1405.32 1461.37 221.198 1151.06 5228.89 644.567 1074.9 560.831 707.404 1561.42 8.50803 984.151 83.7365 995.963 1240.17 76.1603 698.896 3667.48 120.756
internal_count=866310 110871 755439 700085 55354 48638 37953 27026 19339 18986 83845 13842 677714 24392 7687 70003 22371 4979 21387 6716 17862 70 10685 984 9105 653322 2708 6646 52141 353
is_linear=0
shrinkage=0.05


Tree=94
num_leaves=31
num_cat=0
split_feature=0 3 3 1 1 3 0 2 5 0 8 3 5 6 0 2 1 0 8 8 3 2 5 1 8 8 0 8 3 8
split_gain=1867.81 876.2 711.268 293.924 255.352 168.584 230.181 126.238 122.897 109.991 183.609 82.499 72.7323 65.3576 63.5608 60.2875 48.5135 46.1137 42.1867 41.6564 27.4378 22.8529 16.5616 12.4397 8.25025 4.73276 4.16625 1.52119 0.821227 0.810285
threshold=0.47222222387790685 0.18019481003284457 0.13188406080007556 0.66384181380271923 0.4380482435226441 0.8603896200656892 0.069047622382640853 0.89498746395111095 1.0000000180025095e-35 0.069047622382640853 12.500000000000002 0.85357144474983226 1.0000000180025095e-35 1.0000000180025095e-35 0.31666667759418493 0.31643131375312811 0.91751700639724743 0.16025641560554507 8.5000000000000018 26.500000000000004 0.057983193546533592 0.65485891699790966 1.0000000180025095e-35 0.7228132188320161 5.5000000000000009 6.5000000000000009 0.86607143282890331 15.500000000000002 0.91833335161209118 8.5000000000000018
decision_type=2 2 2 2 2 2 2 2 2 2 2 2 2 2 2 2 2 2 2 2 2 2 2 2 2 2 2 2 2 2
left_child=2 12 4 5 14 6 -4 8 11 10 -6 -3 13 16 21 -11 -2 -7 22 -16 -15 -1 -5 -20 26 -26 -9 29 -10 -14
right_child=1 7 3 18 9 17 -8 24 28 15 -12 -13 27 20 19 -17 -18 -19 23 -21 -22 -23 -24 -25 25 -27 -28 -29 -30 -31
leaf_value=-0.047925956443909762 -0.0043961321892827046 0.02277345335772674 0.0057420619745031437 0.032296161339223209 0.040287511471822662 0.015748951100907096 -0.020781728285579445 0.046351663072043026 0.046859269216903879 0.15631700722160347 0.43946034206619544 0.046438478216605975 0.050934760983447958 0.1486795384505197 -0.015907724742390779 -0.012657339407494124 0.016143469924213907 0.043174246857321394 -0.045808838274112633 0.16070410685911288 0.031545407355690953 0.031210328235887059 0.048201871567611833 -0.21199981887066266 -0.0045774232933082741 0.038188582795273998 0.050241981761442581 0.075995499046941806 0.050206819323000501 0.033312577904811715
leaf_weight=1025.273416678072 1540.7135714916512 1813.2676116926596 3126.8629797536414 394.55016204994172 47.189416489680298 405.38301887363195 1107.7533363015391 1124.3394922604784 944.88349764607847 5.3132901039207345 3.0680984306382006 462.13793530873954 64.567034872248769 5.2109521068632594 139.90316770598292 810.58565615070984 353.43656245898455 246.4582633972168 7.6446706634014827 3.4203628597315392 123.18098399974406 9.2047361081931722 279.65796812716872 1.3204848095774648 10.862152590416374 15.996581679210065 1774.1332563441247 5.6973682641983023 227.27858976554126 7.2562642693519583
leaf_count=589450 23270 15469 35732 3079 5892 1183 10155 17336 13257 345 267 4933 232 26 17883 84010 3123 1568 59 85 350 2153 3567 11 125 165 28977 4 3583 21
internal_value=0.0154574 0.0316078 -0.00251585 0.00674209 -0.0277431 0.0024473 -0.00119642 0.0408378 0.0343555 -0.00713479 0.064656 0.0275799 0.00359821 0.00177651 -0.0428984 -0.0115569 -0.000563571 0.0261183 0.037461 -0.0116929 0.0362994 -0.0472218 0.0388938 -0.0702872 0.0484773 0.0208932 0.0487329 0.0511271 0.0475083 0.0491544
internal_weight=16086.6 8472.96 7613.59 5569.63 2043.96 4886.46 4234.62 6372.9 3447.57 866.156 50.2575 2275.41 2100.06 2022.54 1177.8 815.899 1894.15 651.841 683.173 143.324 128.392 1034.48 674.208 8.96516 2925.33 26.8587 2898.47 77.5207 1172.16 71.8233
internal_count=866310 110871 755439 55354 700085 48638 45887 83845 37242 90514 6159 20402 27026 26769 609571 84355 26393 2751 6716 17968 376 591603 6646 70 46603 290 46313 257 16840 253
is_linear=0
shrinkage=0.05


Tree=95
num_leaves=31
num_cat=0
split_feature=0 3 3 4 1 4 5 0 5 4 4 3 3 1 3 8 8 0 8 8 8 0 4 5 1 0 4 4 3 3
split_gain=1755 853.75 658.787 352.867 277.432 185.823 176.578 129.168 148.245 127.697 165.831 109.19 95.3936 79.212 142.77 49.2144 41.9808 53.8075 39.0511 38.3052 30.2614 24.1858 23.8674 17.0613 12.2946 10.618 6.66707 3.23825 0.0812398 0.162345
threshold=0.47222222387790685 0.18019481003284457 0.13188406080007556 0.072372794151306166 0.66384181380271923 0.3003759384155274 1.0000000180025095e-35 0.86607143282890331 1.0000000180025095e-35 0.16613588482141498 0.44198286533355718 0.04446640424430371 0.85357144474983226 0.556623935699463 0.0745370388031006 1.0000000180025095e-35 13.500000000000002 0.61250001192092907 21.500000000000004 8.5000000000000018 10.500000000000002 0.31666667759418493 0.42231801152229315 1.0000000180025095e-35 0.32466214895248419 0.41428571939468389 0.46563534438610082 0.35316231846809393 0.23303167521953586 0.22902098298072818
decision_type=2 2 2 2 2 2 2 2 2 2 2 2 2 2 2 2 2 2 2 2 2 2 2 2 2 2 2 2 2 2
left_child=2 9 3 15 5 20 -7 8 12 16 11 -11 -3 22 -15 21 17 -2 -17 23 -4 -1 -5 -6 -18 -21 -12 -10 29 -9
right_child=1 7 4 13 19 6 -8 28 27 10 26 -13 -14 14 -16 18 24 -19 -20 25 -22 -23 -24 -25 -26 -27 -28 -29 -30 -31
leaf_value=-0.016439487551948097 0.0034013412565539825 0.022810748834730856 0.01489525078833002 -0.048101560000324867 0.031575630912240193 -0.012514121773001869 0.0088235044120413067 0.04923152944877561 0.025061670733453452 -0.045283914313995283 0.017801937891502202 -0.0059630032365984046 0.046768420942969506 -0.045651830677894994 0.038194920300819661 -0.003831003262355648 -0.090161737624229174 0.026446170474881681 0.084810138026238033 -0.028356673356555385 0.032981663683023348 0.052344266959942612 -0.0075943289188783632 0.048037126448831902 0.056031493906721901 -0.14389051485789145 0.051362759048733303 0.048149524215884067 0.050308773401328701 0.039490477588246253
leaf_weight=15.749610097380353 651.53343963995576 2005.3035442237742 606.80719365691766 1102.0353785847547 383.6556453993544 2079.1730580520816 1816.8160484414548 73.092677952721715 15.351823609322308 251.39064531354234 17.437847012653947 593.06544184219092 524.09072242304683 133.19459395669401 82.041774236597121 541.30719387030695 1.469896214082836 414.4153195777908 12.717092181090264 6.6931809745728952 373.70164985302836 67.778663870412856 37.60565160959959 266.90846044756472 66.558507764711976 2.8293169662356377 97.760630609467626 1417.8436998077668 2083.8335031140596 4.543132107704877
leaf_count=763 4151 20385 6720 645896 3079 19807 18146 902 155 14970 68 4016 6412 22109 2283 20596 20 3359 791 44 3965 221 7426 3567 157 26 285 22138 33789 64
internal_value=0.0150171 0.0309945 -0.00242186 -0.0270767 0.0064506 0.00233272 -0.00256375 0.0404176 0.0350545 0.00343131 -0.00999185 -0.0176687 0.0277748 -0.0415109 -0.0136919 0.00359766 0.014791 0.0123606 -0.00179633 0.0368721 0.0217885 0.0393748 -0.0467649 0.0383293 0.0528727 -0.062684 0.0462826 0.0479022 0.0502496 0.0486615
internal_weight=15746.7 8217.69 7529.01 1992.43 5536.58 4876.5 3895.99 6124.06 3962.59 2093.63 959.655 844.456 2529.39 1354.88 215.236 637.553 1133.98 1065.95 554.024 660.087 980.509 83.5283 1139.64 650.564 68.0284 9.5225 115.198 1433.2 2161.47 77.6358
internal_count=866310 110871 755439 700085 55354 48638 37953 83845 49090 27026 19339 18986 26797 677714 24392 22371 7687 7510 21387 6716 10685 984 653322 6646 177 70 353 22293 34755 966
is_linear=0
shrinkage=0.05


Tree=96
num_leaves=31
num_cat=0
split_feature=0 3 3 1 1 3 0 2 5 9 0 3 9 3 5 0 9 1 8 0 8 3 9 2 5 8 2 5 0 9
split_gain=1653.08 824.295 611.735 261.76 245.944 156.254 205.535 133.441 125.74 103.583 97.5142 164.163 88.962 82.3303 67.0977 64.1044 57.9078 56.8259 62.0996 45.1842 35.0089 34.1515 24.7102 22.7389 17.5375 8.69499 8.32691 4.79653 4.47879 4.02482
threshold=0.47222222387790685 0.18019481003284457 0.13188406080007556 0.66384181380271923 0.4380482435226441 0.8603896200656892 0.069047622382640853 0.89498746395111095 1.0000000180025095e-35 25.500000000000004 0.069047622382640853 0.057983193546533592 26.500000000000004 0.85357144474983226 1.0000000180025095e-35 0.31666667759418493 32.500000000000007 0.89699381589889537 13.500000000000002 0.16025641560554507 8.5000000000000018 0.070197045803070082 10.500000000000002 0.65485891699790966 1.0000000180025095e-35 5.5000000000000009 0.80229884386062633 1.0000000180025095e-35 0.86607143282890331 38.500000000000007
decision_type=2 2 2 2 2 2 2 2 2 2 2 2 2 2 2 2 2 2 2 2 2 2 2 2 2 2 2 2 2 2
left_child=2 9 4 5 15 6 -4 8 13 14 11 -6 -12 -3 21 23 -17 18 -11 -7 24 -2 -22 -1 -5 28 -19 -27 -9 -10
right_child=1 7 3 20 10 19 -8 25 29 17 12 -13 -14 -15 -16 16 -18 26 -20 -21 22 -23 -24 -25 -26 27 -28 -29 -30 -31
leaf_value=-0.047709753456547231 -0.030728068389216118 0.021340644994408225 0.0053170291025566299 0.030852008925818145 -0.037533586901015534 0.015086091413665148 -0.019712107716256019 0.045969346571671781 0.047495246814408344 0.0033786545064630885 -0.035175839505002575 0.14129068486453578 0.00069056135420594573 0.045976657845720401 0.046839433432377869 -0.048984506945934148 0.016466066555593274 0.053036603735572646 0.050860037956618809 0.042662412708467871 -0.010682995099152605 -0.0073699725134778104 -0.19111644425711344 0.031370085412153172 0.047868088933531866 0.0040744353214115367 0.028799109727489464 0.050501157587257019 0.050185113282791273 0.018763456519485487
leaf_weight=937.24218858883251 250.0507292128168 1729.606077468954 3125.2144400659017 373.28789138514549 23.500638463068753 400.44157372973859 1112.1065976526588 1036.2650285395794 1054.8498962400481 1031.999941021204 253.1780906066997 28.27573564555496 545.18179267388768 421.83314802125096 45.194181365892291 57.648813858162612 81.673273387132213 42.745878353714943 73.785912310704589 236.13981217239052 7.4889924973249418 418.20668960548937 2.5414314735680819 9.1793284481391293 254.76539920270443 17.154324866831303 207.2284484943375 8.2334649115800875 1607.0175777673721 12.331291005015371
leaf_count=589450 15395 15469 35732 3079 5416 1183 10155 17336 16720 7227 66086 743 18269 4933 172 15184 2784 188 292 1568 49 2110 21 2153 3567 179 1642 111 28977 120
internal_value=0.0145976 0.0304447 -0.00233175 0.00616046 -0.0265114 0.00221799 -0.001252 0.0399857 0.0331313 0.00329871 -0.00637102 0.0601246 -0.0106835 0.026171 -0.0121226 -0.0422813 -0.0106161 0.011414 0.00654695 0.0253155 0.0362744 -0.0161102 -0.0563998 -0.0469428 0.0377545 0.0482527 0.0329437 0.019131 0.0485324 0.0471633
internal_weight=15404.4 7956.5 7447.87 5511.99 1935.88 4873.9 4237.32 5887.29 3218.62 2069.21 850.136 51.7764 798.36 2151.44 713.452 1085.74 139.322 1355.76 1105.79 636.581 638.084 668.257 10.0304 946.422 628.053 2668.67 249.974 25.3878 2643.28 1067.18
internal_count=866310 110871 755439 55354 700085 48638 45887 83845 37242 27026 90514 6159 84355 20402 17677 609571 17968 9349 7519 2751 6716 17505 70 591603 6646 46603 1830 290 46313 16840
is_linear=0
shrinkage=0.05


Tree=97
num_leaves=31
num_cat=0
split_feature=0 3 3 4 1 4 3 0 4 3 9 3 8 1 3 0 1 8 4 9 2 8 4 0 9 0 1 3 3 3
split_gain=1553.45 798.185 566.995 335.502 246.68 171.231 156.974 136.577 113.034 210.572 145.727 72.5314 116.772 67.0736 107.595 44.7922 52.1708 40.8838 40.8134 33.7564 33.5295 32.165 25.4873 24.7021 18.8423 15.674 4.46573 0.263499 0.0917949 0.175268
threshold=0.47222222387790685 0.18019481003284457 0.13188406080007556 0.11586575210094453 0.66384181380271923 0.28897570073604589 0.78759399056434642 0.86607143282890331 1.0000000180025095e-35 0.04446640424430371 53.500000000000007 0.89736840128898632 5.5000000000000009 0.556623935699463 0.0745370388031006 0.61250001192092907 0.4555336087942124 1.0000000180025095e-35 0.36406117677688604 58.500000000000007 0.27320574223995214 8.5000000000000018 0.42231801152229315 0.31666667759418493 10.500000000000002 0.10555555671453477 0.40967366099357611 0.94868421554565441 0.23303167521953586 0.22902098298072818
decision_type=2 2 2 2 2 2 2 2 2 2 2 2 2 2 2 2 2 2 2 2 2 2 2 2 2 2 2 2 2 2
left_child=2 8 3 17 5 19 -7 11 15 18 -11 12 -3 22 -15 16 -2 23 -10 -4 -19 25 -5 -1 -23 -6 -17 -13 29 -9
right_child=1 7 4 13 21 6 -8 28 9 10 -12 27 -14 14 -16 26 -18 20 -20 -21 -22 24 -24 -25 -26 -27 -28 -29 -30 -31
leaf_value=-0.019829549673946067 0.033167553194943772 0.036948146060285049 0.017811615618888339 -0.048237966690562316 0.05063391481307207 -0.0069677865323104181 0.019370221843573926 0.049048464271619269 -0.046029961426767463 -0.0051298115909956645 0.047052813710957785 0.047429509998124703 0.015457587280921637 -0.045047644106778445 0.02947403609807972 -0.028845423715146191 -0.00049053570212181951 0.071221218830246666 0.053691394692739917 0.045960573890381773 -0.0041082613577922734 -0.010050931147750337 -0.0053693590834153725 0.048028416363896737 -0.16067361521506285 0.032371946224579971 0.031408656370037411 0.049953375343038578 0.050259006659160388 0.038492767623541667
leaf_weight=16.643914839951321 153.61104347556829 2182.6361033460125 792.73434581840411 980.95820661378093 159.36137942224741 3264.4889055162203 684.30768330954015 66.646090204361826 299.54848945746198 633.5396820041351 169.60906415991485 130.8677458059974 889.77478136215359 120.74818520830013 80.879352316027507 3.1045056879520407 459.58338682167232 15.167547264252788 10.624380892142652 123.03522189706564 566.35215030529071 7.560063445940612 35.942979688406922 69.052809560205787 2.8624807614833117 447.26132353954017 324.66313598304987 492.99787926347926 1894.6814738684334 4.1790918046608558
leaf_count=1379 215 30436 9253 629460 1895 35851 3115 902 18027 4240 583 1889 9087 21582 2250 22 1263 2816 65 419 34851 49 7426 321 21 4751 2611 7678 33789 64
internal_value=0.0141774 0.0298567 -0.00224403 -0.0258932 0.0058916 0.00211398 -0.00240353 0.0395435 0.00315926 -0.00762324 0.00589012 0.0338806 0.0307244 -0.0414992 -0.0151546 0.0159168 0.00794114 0.00260783 -0.0426142 0.0215935 -0.00214347 0.0356731 -0.0467228 0.0348491 -0.0514184 0.0371694 0.0308379 0.0494239 0.0501929 0.0484256
internal_weight=15083.4 7716.07 7367.36 1885.75 5481.61 4864.57 3948.8 5661.78 2054.28 1113.32 803.149 3696.28 3072.41 1218.53 201.628 940.962 613.194 667.216 310.173 915.77 581.52 617.045 1016.9 85.6967 10.4225 606.623 327.768 623.866 1965.51 70.8252
internal_count=866310 110871 755439 700085 55354 48638 38966 83845 27026 22915 4823 49090 39523 660718 23832 4111 1478 39367 18092 9672 37667 6716 636886 1700 70 6646 2633 9567 34755 966
is_linear=0
shrinkage=0.05


Tree=98
num_leaves=31
num_cat=0
split_feature=2 1 5 1 4 4 8 1 2 8 5 8 6 4 9 5 2 2 1 1 2 8 9 8 4 9 9 4 4 2
split_gain=1479.41 433.376 290.984 500.581 189.244 163.976 115.465 182.456 177.98 105.507 80.0088 96.7548 58.4703 36.0983 35.5109 32.0432 36.7927 14.5739 9.94352 7.33943 12.6035 17.2839 7.17131 5.96676 7.98389 5.05521 2.00306 1.93519 13.4774 1.33994
threshold=0.82574188709259044 0.82426470518112194 1.0000000180025095e-35 0.3483316451311112 0.47395551204681402 0.37544326484203344 11.500000000000002 0.30707196891307836 0.17712418735027316 8.5000000000000018 1.0000000180025095e-35 11.500000000000002 1.0000000180025095e-35 0.21631706506013873 8.5000000000000018 1.0000000180025095e-35 0.90999102592468273 0.90999102592468273 0.37965516746044164 0.89009663462638866 0.77836257219314586 2.5000000000000004 9.5000000000000018 4.5000000000000009 0.32444286346435552 68.500000000000014 39.500000000000007 0.28310234844684606 0.29102416336536413 0.65485891699790966
decision_type=2 2 2 2 2 2 2 2 2 2 2 2 2 2 2 2 2 2 2 2 2 2 2 2 2 2 2 2 2 2
left_child=1 2 6 4 -4 12 8 -8 -1 15 11 -11 13 17 -15 16 -7 -2 -5 20 25 -22 -12 26 -25 -3 -14 29 -29 -21
right_child=5 19 3 18 -6 9 7 -9 -10 10 22 -13 23 14 -16 -17 -18 -19 -20 27 21 -23 -24 24 -26 -27 -28 28 -30 -31
leaf_value=0.022072537331842369 0.018150089027845717 0.04089537373240671 -0.033637460058413476 0.024675319898841933 0.0068837598756000054 0.030321601038575299 -0.010583508734191666 0.021798925789976799 -0.011763628355603177 -0.13697782680864576 0.045044455793620097 0.046240594051516481 0.045024646194174789 0.021463037241226321 -0.0057407631092929595 0.049598980964448987 0.045860942049520688 0.03151595729564468 0.044607577875773199 0.05139765121770358 -0.033378853557067788 0.045841730343611442 -0.027974949757547652 0.036632688203487911 -0.030641630486049468 0.086542707948308484 0.05499771727834453 0.16627478001191731 0.050517096378627502 0.039521410009396504
leaf_weight=424.10117037594318 368.58945665275678 140.19336406607181 369.71405429986771 67.281253515160643 1305.8228433630429 645.69765471573919 849.94957326212898 890.97673079522792 4648.1878339215182 21.518105423077941 27.800226483494047 10.83339120261371 129.38213516492397 248.02034918637946 232.33840201236308 1560.3239215416834 928.93940387060866 456.59179689921439 893.59098891739268 36.227701863273978 13.849441639147701 13.691547603346406 3.8251563413068643 28.952306328341365 5.202679297886788 6.3395186066627494 82.419646229594946 2.5373082086443892 279.31605097372085 68.956644523888826
leaf_count=4617 3519 1485 125858 1543 6375 7693 124314 51393 459900 225 463 93 2112 3440 2998 29747 16647 5470 12468 211 225 151 63 280 58 25 653 18 3684 582
internal_value=0.0137758 0.0028718 0.000336751 0.0144416 -0.00205741 0.0367542 -0.00512118 0.00598928 -0.00893454 0.0432237 -0.0203405 -0.0756243 0.0234153 0.0192023 0.00830519 0.0445208 0.0394889 0.0255457 0.0432119 0.0455643 0.0370375 0.00600435 0.0362126 0.0457782 0.0263851 0.0428702 0.0489055 0.0493993 0.0515592 0.0436118
internal_weight=14761.2 10010.7 9449.62 2636.41 1675.54 4750.43 6813.22 1740.93 5072.29 3198.94 63.9769 32.3515 1551.5 1305.54 480.359 3134.96 1574.64 825.181 960.872 561.112 174.074 27.541 31.6254 245.957 34.155 146.533 211.802 387.038 281.853 105.184
internal_count=866310 792849 786468 146244 132233 73461 640224 175707 464517 54931 844 318 18530 15427 6438 54087 24340 8989 14011 6381 1886 376 526 3103 338 1510 2765 4495 3702 793
is_linear=0
shrinkage=0.05


Tree=99
num_leaves=31
num_cat=0
split_feature=2 3 3 1 9 3 5 2 4 4 9 6 4 4 2 3 5 2 5 4 3 1 2 9 2 4 2 5 9 9
split_gain=1402.03 724.263 371.295 334.796 281.208 260.847 123.575 123.123 108.928 112.967 132.671 105.94 104.385 101.828 94.586 83.335 89.3835 65.9943 45.139 42.3908 30.884 29.532 10.0238 8.64486 7.51395 7.05894 3.74046 4.48294 1.84664 0.88834
threshold=0.82574188709259044 0.36038962006568914 0.15075758099555972 0.26365442574024206 29.500000000000004 0.082207206636667265 1.0000000180025095e-35 0.18808962404727939 0.085960593074560179 0.36406117677688604 41.500000000000007 1.0000000180025095e-35 0.18910679221153262 1.0000000180025095e-35 0.45035210251808172 0.89736840128898632 1.0000000180025095e-35 0.90521115064620983 1.0000000180025095e-35 0.20701970905065539 0.8603896200656892 0.04124149680137635 0.50944742560386669 15.500000000000002 0.90521115064620983 0.47395551204681402 0.99599999189376842 1.0000000180025095e-35 9.5000000000000018 2.5000000000000004
decision_type=2 2 2 2 2 2 2 2 2 2 2 2 2 2 2 2 2 2 2 2 2 2 2 2 2 2 2 2 2 2
left_child=1 4 8 7 5 13 -7 21 23 10 -10 12 -6 -1 -9 16 -5 18 20 -13 -4 -3 -17 29 -25 -11 27 -19 -20 -2
right_child=2 3 17 15 11 6 -8 14 9 25 -12 19 -14 -15 -16 22 -18 26 28 -21 -22 -23 -24 24 -26 -27 -28 -29 -30 -31
leaf_value=0.0044101801439952312 -0.053372483827045125 -0.017242083327249698 0.023334653622333376 0.016457706134583541 0.0072793265880421844 -0.018822881958615485 0.0063319932585745899 -0.01074070397424211 -0.03873054026076185 0.025444321638996473 0.023471786410397544 0.069989294915688158 -0.019288690925830208 -0.049090317324733262 0.034072138345246174 0.031048723002652098 0.037421719251588569 0.043482512885959751 0.048520923508414013 0.022265054754983818 0.049045591210023026 0.027053641383934502 0.048013565431122708 0.020136677510418782 0.034184937264865982 0.050170590740970349 0.050208852867276291 0.049755194313967521 0.040280191361852985 -0.12496408653925557
leaf_weight=100.53338536596857 1.1610344853252161 41.355039123445749 717.50505534280092 1538.9356852471828 1236.6276638043346 1503.7247691287193 722.96466902643442 1304.4649008139968 281.85430066962726 71.230916036292911 123.19235295848921 57.116393086966127 527.37478859187104 771.13884661940392 129.433837948367 107.45549995824695 759.32355487020686 650.32495129248127 371.31793643394485 251.04442468611524 139.50863911677152 417.50072271004319 458.99521937547252 166.20461089536548 222.75183097738773 48.529710866510868 1206.4623808613978 506.8194657145068 83.217158122453839 0.69130747206509102
leaf_count=2758 22 120 8136 11416 39749 102847 111910 3925 4757 178 554 245 57985 442037 426 670 9773 11420 6955 1564 2026 964 6460 848 1930 158 24927 10092 1449 9
internal_value=0.0133231 0.00275743 0.0361724 0.0168363 -0.0101967 -0.0197326 -0.0106556 0.000518337 0.00768398 -0.00719814 -0.0198121 0.0040617 -0.000663578 -0.0429199 -0.00669558 0.0276178 0.023384 0.0432699 0.0342753 0.0311106 0.02752 0.0230614 0.0447953 0.0276688 0.028182 0.035464 0.0482609 0.0462299 0.0470122 -0.080091
internal_weight=14518.8 9927.99 4590.77 4757.46 5170.52 3098.36 2226.69 1892.75 915.616 524.807 405.047 2072.16 1764 871.672 1433.9 2864.71 2298.26 3675.16 1311.55 308.161 857.014 458.856 566.451 390.809 388.956 119.761 2363.61 1157.14 454.535 1.85234
internal_count=866310 792849 73461 33754 759095 659552 214757 5435 8456 5647 5311 99543 97734 444795 4351 28319 21189 65005 18566 1809 10162 1084 7130 2809 2778 336 46439 21512 8404 31
is_linear=0
shrinkage=0.05


Tree=100
num_leaves=31
num_cat=0
split_feature=2 3 3 1 1 3 4 4 8 2 8 4 4 5 4 6 5 8 8 2 1 5 1 2 2 1 8 3 4 4
split_gain=1332.03 664.527 361.592 314.94 196.743 163.373 477.605 194.339 117.356 107.775 109.523 101.033 104.565 82.8881 156.923 65.622 46.7829 60.6994 44.9385 38.5922 32.3283 28.583 11.0844 14.5431 7.21065 18.8395 5.47869 5.00196 4.88367 3.57814
threshold=0.82574188709259044 0.36038962006568914 0.15075758099555972 0.27823315560817724 0.82426470518112194 0.10762548446655275 0.072372794151306166 0.29280610382556921 8.5000000000000018 0.2014492750167847 11.500000000000002 0.085960593074560179 0.3824808150529862 1.0000000180025095e-35 0.45027472078800207 1.0000000180025095e-35 1.0000000180025095e-35 11.500000000000002 5.5000000000000009 0.90521115064620983 0.39559109508991247 1.0000000180025095e-35 0.88303694128990184 0.70659971237182628 0.90521115064620983 0.53923079371452343 1.0000000180025095e-35 0.054804805666208274 0.37850958108901983 0.47395551204681402
decision_type=2 2 2 2 2 2 2 2 2 2 2 2 2 2 2 2 2 2 2 2 2 2 2 2 2 2 2 2 2 2
left_child=1 4 11 9 5 6 -1 -7 19 18 -11 24 15 14 -5 -13 17 -10 -3 21 -15 -4 23 -6 25 -2 -21 -24 -18 -14
right_child=2 3 8 13 22 7 -8 -9 16 10 -12 12 29 20 -16 -17 28 -19 -20 26 -22 -23 27 -25 -26 -27 -28 -29 -30 -31
leaf_value=0.0028524430756255059 -0.072300462987737013 0.034845904738450929 0.031468345804592644 0.03949152810247876 0.044811817964089708 0.017151232932822478 -0.042114362855727054 -0.012439018536117787 -0.083596021864457387 -0.017926044891965105 0.0097603389832999227 -0.024063107627650512 0.030634518272781543 0.021386941451418267 0.0091968172377054208 0.043170867816992399 -0.22609641857513996 0.037305198942894524 0.0051601601916090485 0.049944731334866238 0.044371476833172691 0.047815571231668824 0.033296246206382822 -0.0036068137462280884 0.032990473744901674 0.022236070779807673 0.044752129426729681 0.053641395546116015 0.034642062187282302 0.049817460784096053
leaf_weight=1104.1064716798719 5.4511110391467801 269.05140407010913 785.37823605630547 702.66100227274001 32.158141720108688 816.04526497900952 1269.4349483151454 1733.8373290041927 34.492687629535794 822.87569448910654 631.19992044195533 382.10237625846639 50.959904134273529 193.86191006656736 1091.3938529388979 40.100832944735885 0.18072244524956005 14.851574267260728 242.29344349727035 1479.8678192691877 725.55932361260056 405.44049398321658 45.068852974101901 29.954362250864506 216.65083593130112 158.60137323755771 773.48689463920891 91.636020872741938 28.599818796850741 46.481906302273273
leaf_count=23050 28 621 9697 4458 195 29983 645018 59628 321 2840 1648 5263 131 1103 10180 95 3 147 595 31149 12309 7880 293 321 1946 835 15284 607 524 158
internal_value=0.012934 0.00265563 0.035712 0.0162778 -0.0097875 -0.0117567 -0.021197 -0.00296918 0.0429402 0.00103562 -0.00590766 0.00743415 -0.0069021 0.027318 0.0210621 -0.0176772 -0.0176578 -0.0472073 0.0207797 0.0443148 0.0395251 0.0370341 0.0389761 0.0214615 0.0270026 0.0190948 0.0481623 0.046934 0.0330048 0.0397852
internal_weight=14223.8 9801.14 4422.65 4678.9 5122.24 4923.42 2373.54 2549.88 3522.3 1965.42 1454.08 900.348 519.645 2713.48 1794.05 422.203 78.1248 49.3443 511.345 3444.17 919.421 1190.82 198.817 62.1125 380.703 164.052 2253.35 136.705 28.7805 97.4418
internal_count=866310 792849 73461 33754 759095 757679 668068 89611 65005 5704 4488 8456 5647 28050 14638 5358 995 468 1216 64010 13412 17577 1416 516 2809 863 46433 900 527 289
is_linear=0
shrinkage=0.05


Tree=101
num_leaves=31
num_cat=0
split_feature=0 3 3 4 1 4 5 0 5 3 4 4 3 1 3 9 3 1 0 2 3 4 3 5 3 1 4 2 3 3
split_gain=1266.61 698.321 447.628 314.52 196.944 158.315 151.079 147.871 157.458 99.3362 90.7383 139.669 94.6418 64.2049 97.1581 57.105 43.2609 42.6758 32.4505 62.4141 62.1749 24.0045 19.8293 16.8747 13.7125 6.23732 3.78289 2.09891 0.112675 0.206774
threshold=0.47222222387790685 0.18019481003284457 0.11651583760976793 0.11586575210094453 0.680425524711609 0.28897570073604589 1.0000000180025095e-35 0.86607143282890331 1.0000000180025095e-35 0.85357144474983226 0.16613588482141498 0.46563534438610082 0.04446640424430371 0.556623935699463 0.0745370388031006 15.500000000000002 0.048199767246842391 0.48863048851490026 0.19090909510850909 0.27320574223995214 0.057983193546533592 0.58995378017425548 0.13188406080007556 1.0000000180025095e-35 0.0745370388031006 0.51925924420356762 0.35316231846809393 0.85880398750305187 0.23303167521953586 0.22902098298072818
decision_type=2 2 2 2 2 2 2 2 2 2 2 2 2 2 2 2 2 2 2 2 2 2 2 2 2 2 2 2 2 2
left_child=2 10 3 18 5 17 -7 8 9 -3 15 12 -12 21 -15 24 -17 -4 20 -20 -1 -5 27 -24 -2 -13 -10 -6 29 -9
right_child=1 7 4 13 22 6 -8 28 26 -11 11 25 -14 14 -16 16 -18 -19 19 -21 -22 -23 23 -25 -26 -27 -28 -29 -30 -31
leaf_value=-0.037603198513736266 -0.052170963587031709 0.018661528552009837 0.014508017637057183 -0.047920958620374966 -0.0582591876791832 -0.011782386577110211 0.0079446007541867317 0.048700301483618758 0.020238886694330327 0.045718638036147383 -0.0441101910319881 0.077058975923266049 -0.0053716756809933548 -0.044249222494272565 0.031561763980314128 0.012804675472442276 0.055798551665290554 0.040330167751271462 0.12963096316957379 0.0047035825634373606 0.092598443341667169 0.08047472757979568 0.028112417084279057 0.04698970603951106 -0.0078340759787401126 0.04403097142551636 0.047370139114078752 -0.14592246195324488 0.050174391503801555 0.036227970357023347
leaf_weight=88.502782226074487 36.917579061817378 1752.488952640444 729.92765048111323 861.88324279768858 2.9585789032280441 2116.4658900771756 1792.6177573003806 56.328187149483711 13.000042441301046 420.64534309413284 214.79211533023044 17.993785738945007 592.81326180370525 107.04939873528201 69.831473900703713 930.99346403870732 62.43259500246495 204.92813148070127 10.182305333903058 551.9440284317825 10.228717605234122 3.6557007487863293 303.51708610588685 194.08742574555799 33.052528459578753 69.533852653577924 1096.0756071922369 0.88767188787460316 1584.0329788415693 3.5314202653244129
leaf_count=22304 2552 20385 13064 627606 44 23146 21549 902 155 6412 14973 24 4081 21582 2018 4791 188 962 357 11643 4881 31 2870 3378 156 261 22138 4 33789 64
internal_value=0.0125586 0.0278124 -0.00234025 -0.0246617 0.00477234 0.00168441 -0.00273603 0.0378532 0.0317225 0.0238989 0.00255756 -0.0091726 -0.0156746 -0.0417691 -0.0143195 0.0124316 0.0155067 0.0201684 0.00232309 0.00696651 -0.0241141 -0.0473787 0.0346012 0.0354754 -0.0312271 0.0508208 0.0470521 -0.0784909 0.0500939 0.0479645
internal_weight=13933.3 6884.63 7048.67 1703.28 5345.39 4843.94 3909.08 4926.1 3282.21 2173.13 1958.53 895.133 807.605 1042.42 176.881 1063.4 993.426 934.856 660.858 562.126 98.7315 865.539 501.451 497.605 69.9701 87.5276 1109.08 3.84625 1643.89 59.8596
internal_count=866310 110871 755439 690422 65017 58721 44695 83845 49090 26797 27026 19339 19054 651237 23600 7687 4979 14026 39185 12000 27185 627637 6296 6248 2708 285 22293 48 34755 966
is_linear=0
shrinkage=0.05


Tree=102
num_leaves=31
num_cat=0
split_feature=2 3 3 1 5 4 4 1 3 3 2 0 3 4 4 1 4 2 5 0 3 3 0 4 2 1 0 5 0 4
split_gain=1216.18 597.299 319.063 243.106 199.157 245.442 235.758 225.995 209.941 124.848 114.813 117.332 94.4204 86.369 92.5315 82.6466 58.2173 46.2966 30.4907 36.6609 25.6153 18.9116 13.7822 6.1743 5.22806 19.6845 5.02006 5.49471 3.87019 2.13502
threshold=0.84273937344551098 0.42481203377246862 0.15075758099555972 0.24417344480752948 1.0000000180025095e-35 0.53178024291992199 0.18731725215911868 0.3740671575069428 0.082207206636667265 0.089572194963693633 0.2014492750167847 0.19090909510850909 0.89736840128898632 0.11586575210094453 0.36406117677688604 0.81016731262207042 0.24695076793432238 0.90521115064620983 1.0000000180025095e-35 0.78888890147209179 0.30602006614208227 0.58578431606292736 0.31666667759418493 0.41206791996955877 0.90521115064620983 0.52679425477981578 0.86607143282890331 1.0000000180025095e-35 0.72077924013137828 0.3891009390354157
decision_type=2 2 2 2 2 2 2 2 2 2 2 2 2 2 2 2 2 2 2 2 2 2 2 2 2 2 2 2 2 2
left_child=1 4 13 10 6 7 9 -6 -8 -1 21 -12 15 24 16 -5 -15 18 19 -4 -7 -3 -14 -16 25 -2 27 -19 -26 -20
right_child=2 3 17 12 5 20 8 -9 -10 -11 11 -13 22 14 23 -17 -18 26 29 -21 -22 -23 -24 -25 28 -27 -28 -29 -30 -31
leaf_value=-0.004648159460982809 -0.10193976374662186 0.0074003871856871788 0.033036523222401783 0.017425560530388424 -0.026456059520866621 0.055231424241950544 -0.046917657734083087 0.045860214387804722 -0.01393569919670171 0.028199516928985265 -0.012684900208111548 0.045009313250656914 0.030391297057791884 -0.0049165687920510225 0.016257093262594492 0.046681269692586257 -0.049084069684478759 0.041460423932418868 0.016998076324628172 -0.0014577226582368806 0.030291638381369453 0.030184832648933482 0.048312746119344489 0.042717975451426735 0.040642817668883779 0.021932359386426542 0.049961737448115363 0.049613081643394751 0.026614529054987762 0.047496094595197137
leaf_weight=1499.0962410067441 3.2981195654720059 132.4293096140027 525.30509425839409 1898.8904639501125 433.84850167063996 194.32175489235669 621.75513634772506 143.85904154356103 2154.02694874804 358.44320439291187 996.26158263534307 96.674756417050958 142.41116222646087 227.20971879409626 31.820051102899015 276.56249154638499 111.08462674915791 483.76469111908227 5.8441919963806859 90.263996275141835 218.97504286374897 291.63269646093249 434.85905080055818 71.766296587884426 75.868642506189644 116.24957216344774 1215.6017884793691 360.82683811616153 139.69063972774893 317.31379979476333
leaf_count=174210 22 265 6982 17545 129103 1380 344199 2112 86283 24636 2556 442 916 3175 77 4308 1140 9275 64 1225 1645 792 6951 237 480 712 28999 8165 1535 6879
internal_value=0.0121715 0.00295829 0.0363128 0.0170581 -0.00774564 0.0125986 -0.012097 -0.00844807 -0.0213234 0.00169035 0.000986618 -0.00758161 0.025915 0.00775838 -0.00675876 0.0211448 -0.0194197 0.0437109 0.0345076 0.0279785 0.0420177 0.0230695 0.0438916 0.0345896 0.0269011 0.0185149 0.0479044 0.0449434 0.031552 0.0469445
internal_weight=13670 9894.05 3775.91 4269.72 5624.33 991.004 4633.32 577.708 2775.78 1857.54 1517 1092.94 2752.72 776.988 441.881 2175.45 338.294 2998.92 938.727 615.569 413.297 424.062 577.27 103.586 335.107 119.548 2060.19 844.592 215.559 323.158
internal_count=866310 797343 68967 33775 763568 134240 629328 131215 430482 198846 4055 2998 29720 7378 4629 21853 4315 61589 15150 8207 3025 1057 7867 314 2749 734 46439 17440 2015 6943
is_linear=0
shrinkage=0.05


Tree=103
num_leaves=31
num_cat=0
split_feature=2 3 3 1 0 5 3 1 8 0 2 3 0 0 0 0 0 8 5 8 8 6 3 0 0 8 3 3 8 3
split_gain=1154.14 548.484 312.734 229.841 184.351 175.91 171.992 105.153 98.9243 92.4658 129.738 83.6591 99.6348 69.2157 151.511 38.1807 32.2509 29.7054 23.8495 23.0492 19.964 19.1845 22.7424 14.331 10.6033 8.53322 8.05019 7.27484 2.21853 0.193027
threshold=0.84273937344551098 0.42481203377246862 0.16397849470376971 0.29061582684516912 0.61250001192092907 1.0000000180025095e-35 0.12310606241226198 0.87026646733284008 8.5000000000000018 0.19090909510850909 0.27812939882278448 0.89736840128898632 0.080128207802772536 0.78888890147209179 0.81666666269302379 0.84523808956146251 0.58571431040763866 5.5000000000000009 1.0000000180025095e-35 8.5000000000000018 6.5000000000000009 1.0000000180025095e-35 1.0000000180025095e-35 0.86607143282890331 0.31666667759418493 1.0000000180025095e-35 0.082207206636667265 0.81101191043853771 4.5000000000000009 0.089572194963693633
decision_type=2 2 2 2 2 2 2 2 2 2 2 2 2 2 2 2 2 2 2 2 2 2 2 2 2 2 2 2 2 2
left_child=1 4 18 9 5 7 -7 -1 17 10 -3 12 -5 16 -15 19 -10 23 21 -6 -19 22 -2 -4 -13 -23 -17 -11 29 -20
right_child=2 3 8 11 15 6 -8 -9 13 27 -12 24 -14 14 -16 26 -18 20 28 -21 -22 25 -24 -25 -26 -27 -28 -29 -30 -31
leaf_value=-0.015455338514645074 0.011653990858228417 0.012678668377782757 0.042631420167450682 0.044428149423677503 0.02056726511378416 -0.038014898319117585 0.01957372887376858 0.050601378928010379 -0.15020430351515682 0.027435518995914895 -0.015926861936087937 0.029974351593180668 0.016047488730680359 -0.29505356912648778 0.0016257366726489285 0.024711612924138739 0.040279914158043315 -0.015409262202610512 0.059426998788882801 -0.010837214999213744 0.03171348233527458 0.056067816760400679 -0.0065218863754929364 0.05001911190783806 0.048119180535420601 0.011557663188862333 0.050900284877095185 0.049118031513033421 0.0079177954406431782 0.050406916323878129
leaf_weight=4138.0348236437421 410.11142844357528 830.39781352877617 1465.7807396808639 385.65457731951028 240.7676814077422 156.43187404947821 757.29178754112218 61.136112775653601 2.4506188831292119 70.478842837736011 758.37113526463509 100.52169787231833 1560.882426245138 6.6492561721242991 12.19771610572934 40.418485433794558 23.829963516443968 27.300625448580831 7.97150990366936 77.148476193659008 127.19429835863411 26.320618562400341 296.54691688204184 1188.8801152268425 404.53923118300736 18.223318228498101 107.09647125937045 85.755553973838687 3.0328251868486396 23.172301396727562
leaf_count=625610 6067 1932 29083 2564 2250 114252 19037 235 27 358 2048 816 18737 112 144 392 279 425 10 828 1697 70 1135 29734 6844 61 964 476 13 110
internal_value=0.0117971 0.0028479 0.0358317 0.0165031 -0.00742498 -0.0101674 0.00971441 -0.0144936 0.0435198 0.0026336 -0.000975682 0.0263752 0.0216704 -0.0299214 -0.103043 0.0227013 0.0225176 0.0446996 0.00789113 0.0129464 0.0233865 0.00603266 0.00402654 0.04594 0.0445078 0.0378583 0.0437247 0.0393368 0.0487403 0.0527157
internal_weight=13414.6 9774.93 3639.66 4196.6 5578.33 5112.89 913.724 4199.17 2854.28 1745 1588.77 2451.6 1946.54 45.1276 18.847 465.431 26.2806 2809.16 785.379 317.916 154.495 751.202 706.658 2654.66 505.061 44.5439 147.515 156.234 34.1766 31.1438
internal_count=866310 797343 68967 33775 763568 759134 133289 625845 61501 4814 3980 28961 21301 562 256 4434 306 60939 7466 3078 2122 7333 7202 58817 7660 131 1356 834 133 120
is_linear=0
shrinkage=0.05


Tree=104
num_leaves=31
num_cat=0
split_feature=2 3 3 9 3 1 1 0 2 6 8 3 0 9 0 0 0 9 8 8 0 8 0 0 2 1 9 1 3 0
split_gain=1092.39 502.821 309.147 235.026 263.316 217.21 111.976 102.156 115.95 96.0173 93.9265 82.6714 104.939 61.8134 54.983 96.7229 50.1895 48.1116 30.6226 30.0807 26.9723 18.752 14.9318 14.3695 14.1258 21.9334 9.53495 9.50665 7.31382 6.62492
threshold=0.84273937344551098 0.42481203377246862 0.16397849470376971 29.500000000000004 0.082207206636667265 0.31866537034511572 0.59417229890823375 0.19090909510850909 0.2014492750167847 1.0000000180025095e-35 8.5000000000000018 0.89736840128898632 0.095454547554254546 25.500000000000004 0.78888890147209179 0.84523808956146251 0.70714285969734203 34.500000000000007 16.500000000000004 5.5000000000000009 0.58571431040763866 6.5000000000000009 0.86607143282890331 0.13809524476528171 0.90999102592468273 0.52679425477981578 1.0000000180025095e-35 0.28464819490909582 0.057983193546533592 0.31666667759418493
decision_type=2 2 2 2 2 2 2 2 2 2 2 2 2 2 2 2 2 2 2 2 2 2 2 2 2 2 2 2 2 2
left_child=1 3 17 4 13 7 -6 8 -3 16 19 12 -7 -1 20 -16 -5 23 -11 22 -12 -21 -4 -2 25 -19 -9 -25 -26 -13
right_child=2 5 10 9 6 11 -8 26 -10 18 14 29 -14 -15 15 -17 -18 24 -20 21 -22 -23 -24 27 28 -27 -28 -29 -30 -31
leaf_value=-0.047199300682941758 -0.17251584890812877 0.02211338800253855 0.042276362150475998 -0.00062674551322992606 -0.013084050019084468 0.047266979941690962 0.012448801355889721 0.050442524200725924 -0.0085297381968025953 0.03347630690175659 -0.12473600735424235 0.032472992310059123 0.015874374711081524 -0.0071938121554788572 -0.17433525020481871 0.044832188563230048 0.038339258725283272 -0.078577643674501013 -0.038192058777434416 -0.014413830827803027 0.039831508889969086 0.031101370478211845 0.049993073944777471 -0.083808911325508814 0.024010939014997807 0.01430353594119404 0.028051669811021307 -0.0019303931436012957 0.04477199065191545 0.047934698639187562
leaf_weight=647.09509833529592 1.2474080915562797 411.46017675474286 1405.7112870602868 1736.2442110719858 2080.4249430985656 323.76037930976599 541.08262575371191 80.956151440739632 1236.1674129366875 324.1037813234143 2.7933183824643519 84.791041770018637 1497.5433197361417 113.49176127958344 12.645442516542973 8.3634802196174842 86.768075005151331 6.6844325708225361 15.623331642709671 27.715664261486381 22.916557210497558 123.31221241224557 1131.4720232537948 3.5734230289235702 130.24485252145678 129.39872755575925 115.21075072139502 447.14953149203211 62.912410056218505 378.70831476803869
leaf_count=427033 22 1044 29083 97710 213000 2473 4821 461 3082 1814 27 769 18472 18430 165 91 565 64 195 425 279 1697 29734 103 1300 779 723 5031 167 6751
internal_value=0.0114149 0.00273953 0.035282 -0.00709703 -0.0153288 0.0159503 -0.00781404 0.0031837 -0.000877265 0.0057758 0.0432057 0.0262528 0.0214548 -0.0412298 -0.0270816 -0.0870865 0.00122788 0.00754185 0.0301804 0.0444272 0.0219516 0.0227487 0.0457177 -0.00304856 0.02208 0.00974119 0.0372922 -0.00257954 0.0307729 0.0451062
internal_weight=13189.6 9673.43 3516.14 5544.83 3382.09 4128.6 2621.51 1843.79 1647.63 2162.74 2734.93 2284.8 1821.3 760.587 46.7188 21.0089 1823.01 781.211 339.727 2688.21 25.7099 151.028 2537.18 451.97 329.24 136.083 196.167 450.723 193.157 463.499
internal_count=866310 797343 68967 763568 663284 33775 217821 5310 4126 100284 61501 28465 20945 445463 562 256 98275 7466 2009 60939 306 2122 58817 5156 2310 843 1184 5134 1467 7520
is_linear=0
shrinkage=0.05


Tree=105
num_leaves=31
num_cat=0
split_feature=2 0 5 2 5 1 8 2 8 8 5 8 0 0 2 2 8 6 0 0 5 1 1 8 9 1 0 6 0 1
split_gain=1032.91 387.496 174.741 363.731 134.37 117.527 118.843 114.521 103.74 169.376 136.698 94.9277 71.64 96.2767 44.7344 27.9704 26.0767 24.9846 21.924 21.0798 19.4477 9.09425 4.3632 3.29777 6.50864 2.73023 2.72057 2.57825 0.604211 1.04815
threshold=0.84273937344551098 0.61250001192092907 1.0000000180025095e-35 0.423303171992302 1.0000000180025095e-35 0.87652438879013073 12.500000000000002 0.28743545711040502 8.5000000000000018 11.500000000000002 1.0000000180025095e-35 8.5000000000000018 0.78888890147209179 0.84523808956146251 0.92390406131744396 0.57712131738662731 3.5000000000000004 1.0000000180025095e-35 0.86607143282890331 0.58571431040763866 1.0000000180025095e-35 0.41742423176765447 0.89699381589889537 5.5000000000000009 23.500000000000004 0.34549072384834295 0.41428571939468389 1.0000000180025095e-35 0.27922078967094427 0.81934732198715221
decision_type=2 2 2 2 2 2 2 2 2 2 2 2 2 2 2 2 2 2 2 2 2 2 2 2 2 2 2 2 2 2
left_child=1 2 5 7 11 6 -1 -4 18 10 -10 14 19 -14 16 -5 -2 -16 20 -13 -3 -11 -7 28 26 -20 -25 -26 29 -6
right_child=4 8 3 15 23 22 -8 -9 9 21 -12 12 13 -15 17 -17 -18 -19 25 -21 -22 -23 -24 24 27 -27 -28 -29 -30 -31
leaf_value=-0.01022850585036833 0.011424783940615075 0.026708381827717221 0.0091584191945142564 0.026465307331125509 0.027919315237360499 0.024796172652712434 0.0068205498130418998 -0.018778369145439344 -0.099821375827841924 -0.029988315249249799 0.032617713376826903 -0.11248214810276341 -0.20388553991533553 0.041949060101539953 0.030872022829542423 0.044906891906988905 0.027811610048979758 0.046429138309582341 0.076442397323036052 0.035807713025783339 0.049010476415680571 0.032724238741960912 0.053691250968319587 -0.04509280827895059 0.00096688034675989807 0.046624868118665092 0.041650520783948652 -0.11575329294643073 0.049737908513434952 0.050392587037161166
leaf_weight=4661.4861818290083 400.44470440177247 469.47676832042634 754.54953210568056 363.96244489384117 8.7314056656323391 15.568066691048442 1309.2276773593621 713.91788010031451 57.988126062788069 5.994382972829043 29.342416941188276 2.7897026566788581 12.085567317903044 5.9402152439579359 861.32438115449622 472.57502031890908 616.59086735406891 368.49139707209542 7.8602857869118443 17.004608740098774 123.45475559961051 162.34964458085597 81.244720953516662 0.92207150347530742 0.99509327113628276 329.35433715675026 45.906333620660007 0.90196742583066225 1042.3479473236948 12.786018423736094
leaf_count=485993 5666 5034 46106 10839 153 122 150319 79293 786 83 591 22 122 47 16027 7817 8813 9032 38 139 2578 2153 586 11 9 5005 928 15 27721 262
internal_value=0.0110537 0.0026369 -0.00115183 0.0105677 0.0347346 -0.00560397 -0.00649008 -0.00442348 0.0293874 0.00117976 -0.0553228 0.0277953 -0.0507609 -0.122873 0.0291176 0.0368833 0.0213595 0.0355334 0.0371409 0.0149085 0.0313519 0.0304912 0.0490448 0.0489841 0.0362644 0.0473199 0.0399425 -0.0545283 0.0495667 0.0412733
internal_weight=12955.6 9558.35 8372.53 2305 3397.26 6067.53 5970.71 1468.47 1185.82 255.675 87.3305 2284.67 37.8201 18.0258 2246.85 836.537 1017.04 1229.82 930.146 19.7943 592.932 168.344 96.8128 1112.59 48.7255 337.215 46.8284 1.89706 1063.87 21.5174
internal_count=866310 797343 781075 144055 68967 637020 636312 125399 16268 3613 1377 39868 330 169 39538 18656 14479 25059 12655 161 7612 2236 708 29099 963 5043 939 24 28136 415
is_linear=0
shrinkage=0.05


Tree=106
num_leaves=31
num_cat=0
split_feature=2 0 5 2 4 4 0 0 8 8 5 8 8 5 0 6 2 5 0 4 0 5 8 8 4 1 0 4 1 4
split_gain=974.101 360.258 158.993 339.551 151.591 119.51 169.595 111.465 99.0055 150.054 111.927 77.2523 51.3833 42.7944 50.3155 42.212 28.8387 26.2562 33.4148 24.3168 22.0575 19.7399 16.9002 13.9765 11.6177 8.46122 7.86869 5.61074 3.09402 2.9023
threshold=0.84273937344551098 0.61250001192092907 1.0000000180025095e-35 0.423303171992302 0.40108695626258856 0.18929156661033633 1.0000000180025095e-35 0.19090909510850909 8.5000000000000018 11.500000000000002 1.0000000180025095e-35 8.5000000000000018 10.500000000000002 1.0000000180025095e-35 0.78888890147209179 1.0000000180025095e-35 0.57712131738662731 1.0000000180025095e-35 0.86607143282890331 0.20052909851074222 0.86607143282890331 1.0000000180025095e-35 8.5000000000000018 5.5000000000000009 0.32444286346435552 0.41742423176765447 0.13809524476528171 0.12135372683405878 0.62622550129890453 0.25979138910770422
decision_type=2 2 2 2 2 2 2 2 2 2 2 2 2 2 2 2 2 2 2 2 2 2 2 2 2 2 2 2 2 2
left_child=1 2 5 7 15 12 -7 -4 20 10 -10 17 -1 14 -13 19 -5 18 -6 26 21 -3 -21 29 -25 -11 -2 -22 -15 -17
right_child=4 8 3 16 11 6 -8 -9 9 25 -12 13 -14 28 -16 23 -18 -19 -20 22 27 -23 -24 24 -26 -27 -28 -29 -30 -31
leaf_value=0.00050600804763522732 -0.094353267431840554 0.025947002712867196 -0.0075263534517155568 0.025489235742210237 0.030681965481342784 0.00052248697013459848 -0.019854809395669467 0.05310407012834837 -0.087615719424177965 -0.027827569509944746 0.032004035315439487 0.001330506120053043 0.020002905058722466 -0.047380898196835497 -0.15010142268193991 0.051730402930887813 0.044451001305117199 0.049286164265609167 0.049161919211330361 0.0089954559798418165 0.026218494051137894 0.048897421561063178 -0.066185897481822298 0.019584083563073052 -0.09107672863342825 0.032031695860934864 0.023450316360993203 0.049035378482429962 0.042994641598400982 0.038024483937243642
leaf_weight=1534.2258568133111 1.4210563916712988 459.35192568786442 1385.7883206158294 359.13076577498578 622.55248896311969 1941.7765477086068 2153.5000501280883 80.191520035092253 62.633058088831604 6.1331219002604476 28.43309440696612 11.041449263691904 433.39416087337304 1.0182645749300707 10.900990314781664 102.08222314668819 454.02242471964564 1015.2146946485154 402.92975250585005 460.97221918567084 29.665210409089923 117.69855049066246 7.5982249062508336 9.5599088827148062 3.1543492088094345 157.68644672818482 567.78455138159916 293.62234276626259 13.536555105820296 62.13448212435469
leaf_count=145680 22 5034 123958 10839 11633 193953 232209 1441 786 83 591 91 65178 17 91 1817 7817 28479 10710 7291 289 2578 78 98 38 2153 7176 4754 262 1164
internal_value=0.0106532 0.00252907 -0.00109482 0.0101636 0.0340915 -0.00532704 -0.0101929 -0.00420977 0.0286977 0.00118731 -0.0502675 0.0422966 0.00480046 -0.0298053 -0.0739008 0.0200606 0.0360765 0.0435861 0.0379431 0.016212 0.0364859 0.0306281 0.00777633 0.0426343 -0.00787036 0.0297907 0.0231562 0.0469417 0.0366719 0.0465445
internal_weight=12789.2 9497.25 8342.03 2279.13 3291.9 6062.9 4095.28 1465.98 1155.22 254.886 91.0662 2077.19 1967.62 36.4973 21.9424 1214.71 813.153 2040.7 1025.48 1037.78 900.338 577.05 468.57 176.931 12.7143 163.82 569.206 323.288 14.5548 164.217
internal_count=866310 797343 781075 144055 68967 637020 426162 125399 16268 3613 1377 51283 210858 461 182 17684 18656 50822 22343 14567 12655 7612 7369 3117 136 2236 7198 5043 279 2981
is_linear=0
shrinkage=0.05


Tree=107
num_leaves=31
num_cat=0
split_feature=2 0 4 8 1 0 2 2 8 8 5 4 8 1 6 5 0 5 0 4 0 5 8 8 4 1 2 4 4 1
split_gain=919.196 334.695 152.478 145.832 246.222 191.549 171.096 178.261 94.4541 133.351 92.7159 77.2421 73.4978 67.171 41.2309 36.1066 37.6123 27.1521 34.0054 22.784 22.182 19.9943 14.6933 13.5889 9.70154 7.8767 7.68851 5.71351 2.94054 2.88735
threshold=0.84273937344551098 0.61250001192092907 0.40108695626258856 12.500000000000002 0.27823315560817724 1.0000000180025095e-35 0.17712418735027316 0.56992483139038097 8.5000000000000018 11.500000000000002 1.0000000180025095e-35 0.66807910799980175 8.5000000000000018 0.063164893537759795 1.0000000180025095e-35 1.0000000180025095e-35 0.72077924013137828 1.0000000180025095e-35 0.86607143282890331 0.20052909851074222 0.86607143282890331 1.0000000180025095e-35 8.5000000000000018 5.5000000000000009 0.32444286346435552 0.41742423176765447 0.84889996051788341 0.22943299263715747 0.25979138910770422 0.62622550129890453
decision_type=2 2 2 2 2 2 2 2 2 2 2 2 2 2 2 2 2 2 2 2 2 2 2 2 2 2 2 2 2 2
left_child=1 3 14 6 11 -6 13 -8 20 10 -10 -5 17 -1 19 16 -14 18 -4 26 21 -3 -21 28 -25 -11 -2 -22 -16 -17
right_child=2 8 12 4 5 -7 7 -9 9 25 -12 -13 15 -15 23 29 -18 -19 -20 22 27 -23 -24 24 -26 -27 -28 -29 -30 -31
leaf_value=-0.0021123436262808827 -0.007971064304113545 0.02518917335813995 0.030047028703529152 -0.014228637712298042 0.061676021139953886 0.012962659608727604 -0.015421251816994351 0.0021968518807198296 -0.077526338105427153 -0.025862607110461139 0.031383054770104404 0.012764756703563107 0.0070994635410968707 0.035456318565743668 0.0515367044667778 -0.042942949505539604 -0.1203873001305299 0.049224107044706977 0.049075595886377422 0.0085879186065942296 0.032967078865031446 0.048780899942972411 -0.059914306988600854 0.018968668158632046 -0.079227331701535147 0.031332905717275421 0.02351016835903956 0.049950513600082784 0.037464621646476959 0.042658966772246835
leaf_weight=181.63430364336818 20.117488688090816 449.76119655650109 604.38846384407952 738.10963048815029 317.19491764402483 554.70931855443632 3105.3762481841259 2670.3701955992146 67.120091643184423 6.2655959604308 27.568084497470409 413.48251140676439 10.211229357868435 344.91423666989431 97.459487756714225 1.0660150330513705 13.348489652387796 966.88925162982196 383.93603975279257 458.76310610421933 61.870274390093982 112.21909816050902 7.9639001786708823 9.3811919596046192 3.4368066843599072 153.25680327182636 539.66922648251057 248.11012118309736 59.965222959406674 12.975161468610166
leaf_count=2932 214 5034 11633 131143 14745 43259 484864 98954 786 83 591 1056 82 4122 1817 17 100 28479 10710 7291 724 2578 78 98 38 2153 6984 4319 1164 262
internal_value=0.0102539 0.00242178 0.0334636 -0.0010386 0.0106398 0.0306844 -0.0047882 -0.00727566 0.0280044 0.00118615 -0.0458178 -0.00453658 0.0419354 0.0224969 0.0193565 -0.0273069 -0.0651321 0.043267 0.0374391 0.015577 0.0358229 0.0299001 0.00741904 0.0421456 -0.00735999 0.0290864 0.0223788 0.0465607 0.0461765 0.03616
internal_weight=12641.5 9451.96 3189.57 8325.79 2023.5 871.904 6302.29 5775.75 1126.17 254.211 94.6882 1151.59 1992.81 526.549 1196.76 37.6009 23.5597 1955.21 988.325 1026.51 871.961 561.98 466.727 170.243 12.818 159.522 559.787 309.98 157.425 14.0412
internal_count=866310 797343 68967 781075 190203 58004 590872 583818 16268 3613 1377 132199 51283 7054 17684 461 182 50822 22343 14567 12655 7612 7369 3117 136 2236 7198 5043 2981 279
is_linear=0
shrinkage=0.05


Tree=108
num_leaves=31
num_cat=0
split_feature=3 2 9 3 2 0 2 0 2 1 3 6 0 1 0 8 1 2 8 3 8 9 0 9 1 8 3 2 8 1
split_gain=875.139 528.306 231.24 252.592 177.093 166.21 126.007 112.935 105.397 142.142 103.692 101.441 85.8228 57.2243 49.724 37.7619 35.2166 32.623 31.6952 25.1747 23.2689 21.1823 19.0626 14.0157 10.9282 8.90401 6.74702 5.16594 5.09639 4.92341
threshold=0.36038962006568914 0.44920890033245092 29.500000000000004 0.10762548446655275 0.89498746395111095 0.61250001192092907 0.57932874560356151 0.19090909510850909 0.27812939882278448 0.27823315560817724 0.89736840128898632 1.0000000180025095e-35 0.074175827205181136 0.85857143998146068 0.70714285969734203 5.5000000000000009 0.0745370388031006 0.13873296231031421 16.500000000000004 0.070197045803070082 15.500000000000002 69.500000000000014 0.58571431040763866 44.500000000000007 0.2314560413360596 5.5000000000000009 0.81101191043853771 0.60107529163360607 6.5000000000000009 0.22886905074119571
decision_type=2 2 2 2 2 2 2 2 2 2 2 2 2 2 2 2 2 2 2 2 2 2 2 2 2 2 2 2 2 2
left_child=2 7 3 6 10 13 22 8 17 -10 12 14 -3 -5 16 -7 -4 -2 20 -8 -13 -20 -1 -16 29 -6 -26 -12 -27 -9
right_child=1 4 11 5 25 15 19 24 9 -11 27 18 -14 -15 23 -17 -18 -19 21 -21 -22 -23 -24 -25 26 28 -28 -29 -30 -31
leaf_value=-0.048050216046496154 0.023877901785139183 0.04467167281741044 -0.040930535762754336 -0.00976151091089867 0.047592624162884616 0.035853540839300875 -0.023099244232191167 0.049343293436036488 -0.024564179768752761 0.018536208263687706 0.036612460154394427 0.031478041786747513 0.017213181188150056 0.036097373031745317 0.011059198715689422 -0.0067638078244747482 0.0018303577451810769 0.0040895375623654223 -0.08612377602636169 -0.0034394735776813756 0.087395767659610157 0.044644661903815809 0.0058432054996899385 0.034204183769781626 0.022344652681758618 -0.022442070858123261 0.044065812909676677 0.048683570998219107 0.034370059732567425 0.10176008865702862
leaf_weight=582.98890643951017 305.36770169436932 332.13057259609923 49.444552468601614 1803.0785473642172 1424.6957957446575 307.31370415678248 395.86002354108496 57.895353373140097 711.04270521551371 261.69913198426366 113.99159905314445 343.46336093032733 1987.249697833322 70.692823179066181 118.3142777569592 62.559326463378966 1838.7265346398344 655.08226439356804 9.2601373789366317 276.62203246937133 19.66994495340623 4.652711098548024 16.883008317090571 146.27870852034539 117.37494453135878 6.8557695932686356 51.409439280629158 398.41781609598547 9.3055214341729862 4.8555815666913977
leaf_count=513690 794 2506 2113 83558 42944 5730 60599 221 2422 901 1349 2434 29057 839 1331 558 96906 1565 164 5451 63 25 561 1264 528 111 335 8135 146 10
internal_value=0.00987807 0.0227078 -0.00378263 -0.0120772 0.0329034 -0.00198507 -0.0298734 0.00258425 -0.00136807 -0.0129688 0.0256423 0.00774539 0.0211452 -0.00803137 0.00355522 0.0286454 0.000710601 0.0103811 0.0316694 -0.0150123 0.034507 -0.0423924 -0.0465334 0.0238548 0.035584 0.047174 0.0289606 0.0459982 0.0102698 0.0533992
internal_weight=12483.2 6437.37 6045.81 3516 4272.65 2243.64 1272.35 2164.73 1933.19 972.742 2831.79 2529.81 2319.38 1873.77 2152.76 369.873 1888.17 960.45 377.046 672.482 363.133 13.9128 599.872 264.593 231.535 1440.86 168.784 512.409 16.1613 62.7509
internal_count=866310 91024 775286 670986 84248 90685 580301 6776 5682 3323 41047 104300 31563 84397 101614 6288 99019 2359 2686 66050 2497 189 514251 2595 1094 43201 863 9484 257 231
is_linear=0
shrinkage=0.05


Tree=109
num_leaves=31
num_cat=0
split_feature=2 3 3 9 5 1 1 1 3 8 3 2 2 1 9 0 1 9 0 0 5 0 5 0 2 1 0 0 3 8
split_gain=823.227 394.769 319.561 198.999 218.296 170.422 158.555 122.113 91.3491 90.4474 90.1898 83.7069 95.4805 81.5526 73.3348 53.7951 44.3179 43.0387 28.3075 49.3968 22.1516 17.6406 18.5089 15.0251 13.8871 22.2663 11.3911 10.9952 7.52317 0.987762
threshold=0.84273937344551098 0.42481203377246862 0.16397849470376971 32.500000000000007 1.0000000180025095e-35 0.24417344480752948 0.3740671575069428 0.88303694128990184 0.89736840128898632 5.5000000000000009 0.098387096077203764 0.29679679870605474 0.42933948338031774 0.81016731262207042 64.500000000000014 0.2264957278966904 0.20156250149011615 33.500000000000007 0.78888890147209179 0.84523808956146251 1.0000000180025095e-35 0.86607143282890331 1.0000000180025095e-35 0.31666667759418493 0.90999102592468273 0.52679425477981578 0.13809524476528171 0.58571431040763866 0.082207206636667265 3.5000000000000004
decision_type=2 2 2 2 2 2 2 2 2 2 2 2 2 2 2 2 2 2 2 2 2 2 2 2 2 2 2 2 2 2
left_child=1 3 17 4 7 11 -6 -1 13 21 15 16 -13 -7 -12 -5 -3 20 27 -20 26 22 -4 -10 25 -19 -2 -11 -26 -22
right_child=2 5 9 10 6 8 -8 -9 23 18 14 12 -14 -15 -16 -17 -18 24 19 -21 29 -23 -24 -25 28 -27 -28 -29 -30 -31
leaf_value=-0.022817759451141187 -0.15856893950877862 0.013022183222502559 0.035630520638217186 -0.030201888891786779 -0.0049251955175782999 0.013975791985374832 0.043685254613828738 0.044309475876695807 0.027494672827224776 -0.01751190148052081 0.010311764781279369 -0.024434215244672805 0.028523497446712127 0.045796237767519593 0.045631284735534933 0.0017933920583879286 -0.031494049791700729 -0.081527032532677485 -0.042085102910620564 0.046210344613604293 0.052924122183881539 0.049876273313629121 0.048559833240968311 0.04764393053727272 0.021147117473496319 0.010252167376065005 -0.0087058566547064606 0.030451271602259807 0.045300742874187692 0.028065031318524586
leaf_weight=2523.7768027407583 1.2720105352345843 861.5934901162982 722.75970007525757 150.5152419609949 624.54413067060523 1731.5175660680979 229.35140975931427 69.618203409947455 126.62150614149868 13.676291718147693 536.44628665642813 450.82967632263899 104.92143564671278 227.85323775419965 202.42445925250649 1033.0675265355967 59.788839038461447 6.9691830836236468 52.65377616789192 22.656043609604239 13.655677415430548 905.0069921577815 448.61253819381818 343.54777669953182 141.43430397566408 127.67154589667916 401.32218402018771 94.60393198672682 41.756655745208263 5.6489896848797789
leaf_count=543982 22 2099 15339 60426 129585 17545 3621 555 916 172 5849 1437 343 4308 1044 18506 176 69 735 332 68 29734 13744 6951 1413 821 4901 1445 144 28
internal_value=0.00955273 0.00218985 0.0323221 -0.00660804 -0.013796 0.0142826 0.00813129 -0.0210158 0.0224255 0.0416588 0.00628127 0.000889488 -0.0144362 0.0176762 0.0199881 -0.00227542 0.0101335 0.00379728 0.00801959 -0.0155225 -0.00667056 0.0446331 0.0405822 0.0422175 0.0176926 0.00550155 -0.00917935 0.0243933 0.0266527 0.0456498
internal_weight=12276.1 9276.42 2999.7 5369.74 3447.29 3906.67 853.896 2593.4 2429.54 2259.97 1922.45 1477.13 555.751 1959.37 738.871 1183.58 921.382 739.731 183.59 75.3098 421.899 2076.38 1171.37 470.169 317.832 134.641 402.594 108.28 183.191 19.3047
internal_count=866310 797343 68967 763568 677743 33775 133206 544537 29720 61501 85825 4055 1780 21853 6893 78932 2275 7466 2684 1067 5019 58817 29083 7867 2447 890 4923 1617 1557 96
is_linear=0
shrinkage=0.05


Tree=110
num_leaves=31
num_cat=0
split_feature=0 3 9 3 2 3 8 3 8 5 6 2 5 0 5 9 0 5 6 9 5 9 9 2 3 8 3 3 2 8
split_gain=782.753 374.638 233.192 226.625 212.319 198.377 195.938 132.996 132.709 116.52 87.9605 71.2483 65.7518 64.479 56.6853 47.9446 40.3204 31.4955 26.5475 23.772 19.3823 16.907 12.4424 10.6084 8.74973 8.57278 7.08825 3.79495 2.54731 1.54274
threshold=0.61250001192092907 0.26969698071479803 26.500000000000004 0.16397849470376971 0.84889996051788341 0.0745370388031006 8.5000000000000018 0.86811593174934398 11.500000000000002 1.0000000180025095e-35 1.0000000180025095e-35 0.4246212244033814 1.0000000180025095e-35 0.16025641560554507 1.0000000180025095e-35 29.500000000000004 0.86607143282890331 1.0000000180025095e-35 1.0000000180025095e-35 75.500000000000014 1.0000000180025095e-35 6.5000000000000009 78.500000000000014 0.89498746395111095 0.64495798945426952 8.5000000000000018 0.93933823704719555 0.054804805666208274 0.97182539105415355 3.5000000000000004
decision_type=2 2 2 2 2 2 2 2 2 2 2 2 2 2 2 2 2 2 2 2 2 2 2 2 2 2 2 2 2 2
left_child=1 2 5 15 7 18 16 14 9 -8 12 -7 -4 -9 -3 20 17 -5 -1 -12 21 -2 25 24 -6 -17 -10 -24 -25 -22
right_child=3 4 10 6 23 11 8 13 26 -11 19 -13 -14 -15 -16 22 -18 -19 -20 -21 29 -23 27 28 -26 -27 -28 -29 -30 -31
leaf_value=-0.047280621182701953 0.0025051507922588191 -0.0011785141990072366 -0.0025041803854775353 0.030109535471122648 0.017923354023607851 -0.024550316050920885 -0.079017727858375839 0.012677835375307707 0.022837519069935724 0.034681429141819042 0.023003194666063168 -0.0023276160818963641 0.070652454991014316 0.042480532227493963 0.011668802535520884 0.017756118803570729 0.049910605307764262 0.048614300514061209 0.131928394702924 0.062055641077501382 0.053989385806823054 -0.019540443418303979 0.031120383526547297 0.047018325020332569 0.041079741161146731 -0.015283030573157975 0.050290029756398152 0.057397745124110326 0.027522781413596764 0.023684692921258972
leaf_weight=560.44044221349759 165.3885160619393 2289.6569920675829 1785.0658339677029 702.44175936141983 73.733926413115114 625.21236131287878 76.31734518148005 376.27235556580126 101.93028087541461 31.973973105661571 190.55649294424802 852.44694912602426 31.251978669315577 350.58616512548178 1373.7120528328232 252.00353609584272 1091.4016936104745 341.84638714534231 2.0741923487512386 48.985549895558506 12.054360933601858 183.41881284629926 39.787236399948597 340.19589067716151 91.313243907410651 21.292726134881377 30.563897171989083 20.987595684826374 17.623223606264219 6.4450481981039038
leaf_count=413721 1851 13034 111128 12273 1449 188359 693 1459 1344 732 1582 37399 2429 5189 9690 2276 34550 10468 391 177 59 2406 367 9804 1917 128 798 59 544 34
internal_value=0.0092299 0.00179276 -0.00937407 0.030999 0.0111025 -0.02135 0.0383697 0.00751546 -0.00438825 -0.045447 0.00251045 -0.0117303 -0.00124543 0.0270526 0.00363905 0.00602488 0.0431904 0.036167 -0.0466198 0.0309893 -0.00644231 -0.00908743 0.0197324 0.0412212 0.0307348 0.015182 0.0291703 0.0401948 0.0460581 0.0434315
internal_weight=12087 9009.13 4096.03 3077.85 4913.09 2040.17 2376.48 4390.23 240.785 108.291 2055.86 1477.66 1816.32 726.859 3663.37 701.378 2135.69 1044.29 562.515 239.542 367.307 348.807 334.071 522.866 165.047 273.296 132.494 60.7748 357.819 18.4994
internal_count=866310 798272 755186 68038 43086 639870 60858 29372 3567 1425 115316 225758 113557 6648 22724 7180 57291 22741 414112 1759 4350 4257 2830 13714 3366 2404 2142 426 10348 93
is_linear=0
shrinkage=0.05


Tree=111
num_leaves=31
num_cat=0
split_feature=0 3 3 8 1 5 4 4 3 1 8 3 0 4 5 4 4 0 1 0 4 4 5 8 3 3 1 8 8 3
split_gain=736.359 344.02 220.554 190.786 165.363 146.943 224.18 211.033 205.564 119.25 117.202 112.203 106.055 85.1759 109.468 66.3604 69.9164 65.899 83.7786 41.5088 35.5167 35.2994 31.9658 14.1774 7.1017 7.08862 5.26754 3.63806 1.86282 0.144064
threshold=0.61250001192092907 0.42481203377246862 0.16397849470376971 8.5000000000000018 0.2336879447102547 1.0000000180025095e-35 0.18731725215911868 0.45738498866558081 0.054804805666208274 0.45049019157886511 11.500000000000002 0.057983193546533592 0.72077924013137828 0.41206791996955877 1.0000000180025095e-35 0.10597148165106775 0.35316231846809393 0.19090909510850909 0.18257576227188113 0.86607143282890331 0.53178024291992199 0.23345498740673068 1.0000000180025095e-35 5.5000000000000009 0.93933823704719555 0.43167701363563543 0.40967366099357611 11.500000000000002 12.500000000000002 0.23303167521953586
decision_type=2 2 2 2 2 2 2 2 2 2 2 2 2 2 2 2 2 2 2 2 2 2 2 2 2 2 2 2 2 2
left_child=1 5 15 19 17 6 11 9 -8 -7 12 -1 -5 25 -15 26 21 18 -3 22 -9 -17 -4 -18 -12 -6 -2 -28 -19 -21
right_child=2 4 3 10 13 7 8 20 -10 -11 24 -13 -14 14 -16 16 23 28 -20 29 -22 -23 -24 -25 -26 -27 27 -29 -30 -31
leaf_value=-0.0031370316260425665 -0.041991483068918117 0.004182229443357448 0.029484961955559021 0.0094262997546257481 0.022980195490596746 -0.030159001337756591 -0.050356514480790739 0.011924717420650842 -0.013192733316679559 0.047146184290959174 0.02219411073335071 0.027522254399351093 -0.087490152554120612 0.0054904091706335298 0.03092688716055016 -0.0041227984564929749 0.035819081780717521 0.036283403321033185 -0.0260663635780383 0.047171859863762933 0.039876543337817622 -0.037694128941387038 0.048524277376614855 -0.022335544671165997 0.050275854306567225 0.041758910512401388 0.024610889369913697 0.051773709249253508 0.05186581156985344 0.050010991146565334
leaf_weight=1434.6370940974448 2.8852980807423583 1029.2094740979373 681.9802632778883 54.022989808116108 56.369238209445029 305.67500779067632 451.59277387993643 161.60702911322005 2113.5482345733908 59.615433106431738 99.698599342722446 376.78991500427946 59.117223465349525 966.74789445195347 751.98616289161146 190.03446054970846 92.051127072423697 34.771767454221845 294.38352660089731 46.788721550721675 382.92938680015504 133.1745847533457 325.76260490925051 11.826673830859361 29.081268459558487 463.22606119932607 253.54376719892025 12.957022678107021 42.772583656013012 991.94273210922256
leaf_count=163247 27 2604 12273 678 402 126543 317871 4041 112828 627 1344 35648 747 11974 14247 2647 323 266 864 1060 3129 1445 10468 43 798 3790 2638 57 191 33490
internal_value=0.00890884 0.0017196 0.0304073 0.0379054 0.0135499 -0.00642512 -0.0102259 0.0118581 -0.0197354 -0.0175428 -0.00408453 0.00324032 -0.0412138 0.0219823 0.0166195 0.00577089 -0.0064866 7.91892e-05 -0.00254543 0.0428692 0.031581 -0.0179555 0.0356396 0.0291981 0.0285356 0.0397217 0.025204 0.0259315 0.0448785 0.0498831
internal_weight=11910.7 8925.86 2984.87 2288.39 3639.47 5286.39 4376.57 909.827 2565.14 365.29 241.92 1811.43 113.14 2238.33 1718.73 696.473 427.087 1401.14 1323.59 2046.47 544.536 323.209 1007.74 103.878 128.78 519.595 269.386 266.501 77.5444 1038.73
internal_count=866310 798272 68038 60858 34338 763934 629594 134340 430699 127170 3567 198895 1425 30413 26221 7180 4458 3925 3468 57291 7170 4092 22741 366 2142 4192 2722 2695 457 34550
is_linear=0
shrinkage=0.05


Tree=112
num_leaves=31
num_cat=0
split_feature=2 3 3 9 0 0 1 0 5 0 8 1 3 0 1 1 9 3 9 0 5 5 2 1 0 0 3 1 8 8
split_gain=701.544 312.47 293.155 274.148 223.526 130.109 534.751 355.147 124.13 95.7126 91.0029 56.5297 57.3381 54.5089 81.2608 61.1373 36.3684 27.384 29.5444 19.0361 19.3906 18.6793 12.3386 17.9384 10.3013 10.2664 7.56355 4.57827 1.03726 0.27953
threshold=0.84273937344551098 0.10762548446655275 0.16397849470376971 25.500000000000004 0.47222222387790685 0.069047622382640853 0.27823315560817724 0.16025641560554507 1.0000000180025095e-35 0.86607143282890331 5.5000000000000009 0.54631218314170849 0.082207206636667265 0.2264957278966904 0.41742423176765447 0.4555336087942124 34.500000000000007 0.86515152454376232 1.0000000180025095e-35 0.86607143282890331 1.0000000180025095e-35 1.0000000180025095e-35 0.90999102592468273 0.52679425477981578 0.13809524476528171 0.47222222387790685 0.082207206636667265 0.063164893537759795 3.5000000000000004 8.5000000000000018
decision_type=2 2 2 2 2 2 2 2 2 2 2 2 2 2 2 2 2 2 2 2 2 2 2 2 2 2 2 2 2 2
left_child=1 3 16 11 5 6 -3 -7 9 -6 19 25 -13 14 -5 -15 21 18 -12 20 -4 24 23 -18 -2 -1 -24 -10 -23 -19
right_child=2 4 10 13 8 7 -8 -9 27 -11 17 12 -14 15 -16 -17 22 29 -20 -21 -22 28 26 -25 -26 -27 -28 -29 -30 -31
leaf_value=-0.049308827349580094 -0.14996593602635427 -0.0039734640535942023 0.034284032854295148 -0.050122804890759334 0.0099066677762184082 -0.08085349234521863 0.042715243686862324 -0.0022177469010879421 -0.20449540550990328 0.050749919656830692 -0.10983116921608382 -0.038571464088268607 0.011808603964621181 0.020658736461039131 0.019174933930962573 -0.0043505841989827888 -0.07481665824899883 0.050326390977348028 0.001629852708975391 0.049794360929417747 0.048296447017618538 0.052719395388914882 0.020153629293818788 0.0096941090070118349 -0.0074586286499765371 -0.025624248492823073 0.045408903219361391 0.044475406976576939 0.026281194032029512 0.04005121649020138
leaf_weight=495.10300877643749 1.2720277071930457 2661.979459215072 663.65430863993242 124.69350535847479 1267.354272743687 162.07612199883442 796.8879622380482 1258.5039864970604 0.1847219318151464 161.74580871872604 6.2150171110406509 136.22939529223368 96.469317071489058 330.9858778557973 64.025872796773911 933.76990963541903 6.6253617862239471 23.595255136489868 136.96691327821463 780.09934008657001 393.15023032086901 12.264605931937696 129.21640001609921 120.15590676944703 412.03148749656975 50.412525756750256 38.472247190773487 460.47735231043771 5.318814141675829 9.1996823977678996
leaf_count=522053 22 68566 15339 76939 12241 6742 9059 16396 1 2723 99 27180 1748 10964 10846 15053 64 505 1949 29734 13744 68 1325 779 5038 5014 142 11818 28 131
internal_value=0.00859771 0.00185597 0.0307586 -0.014369 0.00720505 0.00155069 0.00678314 -0.0111894 0.0218049 0.0145293 0.0405795 -0.0383187 -0.0176855 -0.00154594 -0.0266125 0.00219434 0.00350544 0.00623125 -0.00320827 0.04387 0.0394969 -0.00574996 0.0170485 0.00527773 -0.00789722 -0.0471201 0.0259479 0.0443756 0.0447221 0.047444
internal_weight=11739.1 9000.9 2738.24 2231.69 6769.21 4879.45 3458.87 1420.58 1889.76 1429.1 2012.88 778.214 232.699 1453.48 188.719 1264.76 725.357 175.977 143.182 1836.9 1056.8 430.887 294.47 126.781 413.304 545.516 167.689 460.662 17.5834 32.7949
internal_count=866310 797343 68967 669797 127546 100763 77625 23138 26783 14964 61501 555995 28928 113802 87785 26017 7466 2684 2048 58817 29083 5156 2310 843 5060 527067 1467 11819 96 636
is_linear=0
shrinkage=0.05


Tree=113
num_leaves=31
num_cat=0
split_feature=0 1 5 8 8 8 1 0 0 8 5 4 4 0 6 6 1 4 8 1 5 8 9 1 5 1 8 8 9 8
split_gain=653.423 262.197 156.911 170.377 148.975 125.16 197.408 176.297 113.619 112.867 75.3436 59.2846 51.8328 51.801 33.8894 32.7303 29.2934 36.152 26.7086 9.92866 6.55583 5.14386 4.2088 3.03374 2.10085 2.22936 1.17317 0.418216 6.93461 0.304653
threshold=0.61250001192092907 0.82426470518112194 1.0000000180025095e-35 8.5000000000000018 11.500000000000002 12.500000000000002 0.27823315560817724 1.0000000180025095e-35 0.94444444775581371 3.5000000000000004 1.0000000180025095e-35 0.73557159304618847 0.35316231846809393 0.86607143282890331 1.0000000180025095e-35 1.0000000180025095e-35 0.90121948719024669 0.41206791996955877 2.5000000000000004 0.41742423176765447 1.0000000180025095e-35 7.5000000000000009 7.5000000000000009 0.68819445371627819 1.0000000180025095e-35 0.93405798077583324 11.500000000000002 5.5000000000000009 23.500000000000004 1.0000000180025095e-35
decision_type=2 2 2 2 2 2 2 2 2 2 2 2 2 2 2 2 2 2 2 2 2 2 2 2 2 2 2 2 2 2
left_child=1 5 3 12 8 9 11 -8 -5 15 -11 -7 14 -14 -2 -1 17 18 -3 -6 -19 27 26 -24 25 -18 -23 -4 -29 -26
right_child=2 16 21 4 19 6 7 -9 -10 10 -12 -13 13 -15 -16 -17 24 20 -20 -21 -22 22 23 -25 29 -27 -28 28 -30 -31
leaf_value=-0.00040041254201757693 0.014344089801227962 -0.0086099769232264988 0.049873947649678486 -0.089862087935939042 -0.051527960233737471 -0.011092202211676044 0.0601975817245744 0.011480546165270713 0.046051126902481324 -0.015004268474080687 0.0018965709025458638 0.014192749966450063 0.024103398412695591 0.047783751492319171 0.043641904066793226 0.011579612292667648 0.033373613719668675 0.029875514752214411 0.031112942482201568 0.023113012850675147 0.049550763761824108 0.03735352698920387 0.034801933789283972 0.00080090382612263769 0.050273300986563255 0.043547263729807426 0.050425909150790621 0.047082976649048563 -0.13287718687531475 0.043538971781315161
leaf_weight=1971.6386181354173 767.02191003551707 115.81153065431863 665.20746380113997 82.251124022528529 4.6551726264879099 772.09264034719672 290.55547699390445 514.61576084099943 18.91263269726187 2494.1593460814911 896.44282972684596 331.29668998531997 499.78679833421484 429.32279817992821 113.2811632854864 802.05991487263236 86.186985199805349 107.9433204876259 66.680918679106981 103.76092059211805 69.659825626062229 34.782964456360787 15.567994865588846 11.33863282157108 70.196555083617568 143.50781595660374 33.880539778620005 31.62149385176599 0.544533078558742 22.075550907524303
leaf_count=203696 12261 1553 25523 859 62 131332 14745 43264 122 313955 68394 867 9074 13206 2447 8083 1339 2467 728 1142 2307 903 346 221 2375 2370 977 885 10 797
internal_value=0.00829773 0.00156275 0.029267 0.021865 -0.0208128 -0.000952349 0.0102363 0.0290607 -0.064453 -0.00441653 -0.0105358 -0.0035003 0.0268083 0.0350456 0.0181143 0.00306381 0.0313314 0.0215334 0.00590438 0.0199081 0.0375926 0.0481139 0.0372355 0.0204737 0.0422898 0.0397299 0.0438038 0.0496047 0.0440365 0.0486622
internal_weight=11566.9 8754.92 2811.94 2018.99 209.58 8072.86 1908.56 805.171 101.164 6164.3 3390.6 1103.39 1809.41 929.11 880.303 2773.7 682.063 360.096 182.492 108.416 177.603 792.944 95.5701 26.9066 321.967 229.695 68.6635 697.373 32.166 92.2721
internal_count=866310 798272 68038 39173 2185 784336 190208 58009 981 594128 382349 132199 36988 22280 14708 211779 13936 7055 2281 1204 4774 28865 2447 567 6881 3709 1880 26418 895 3172
is_linear=0
shrinkage=0.05


Tree=114
num_leaves=31
num_cat=0
split_feature=0 3 3 8 9 5 4 4 1 3 8 0 4 3 4 4 4 4 9 0 5 1 1 8 3 9 3 5 4 0
split_gain=612.179 285.348 207.246 183.215 170.567 179.758 313.909 147.98 146.141 107.078 93.5126 88.9743 88.8722 82.1079 119.165 99.5614 63.8673 61.2643 68.457 44.4826 32.4594 28.0495 19.4067 13.1225 10.3632 8.16925 7.32169 6.19294 5.38451 2.67378
threshold=0.61250001192092907 0.42481203377246862 0.16397849470376971 8.5000000000000018 32.500000000000007 1.0000000180025095e-35 0.45738498866558081 0.46563534438610082 0.81016731262207042 0.86811593174934398 11.500000000000002 0.72077924013137828 0.11872797459363939 0.098387096077203764 0.19063283503055575 0.18731725215911868 0.10597148165106775 0.35316231846809393 42.500000000000007 0.86607143282890331 1.0000000180025095e-35 0.2336879447102547 0.18090909719467166 5.5000000000000009 0.43167701363563543 6.5000000000000009 0.93933823704719555 1.0000000180025095e-35 1.0000000180025095e-35 0.70714285969734203
decision_type=2 2 2 2 2 2 2 2 2 2 2 2 2 2 2 2 2 2 2 2 2 2 2 2 2 2 2 2 2 2
left_child=1 4 16 19 5 12 -7 21 9 -9 11 -5 -1 14 -6 -15 25 18 -18 20 -4 22 -3 -19 -23 29 -12 -10 -27 -2
right_child=2 7 3 10 13 6 -8 8 27 -11 26 -13 -14 15 -16 -17 17 23 -20 -21 -22 24 -24 -25 -26 28 -28 -29 -30 -31
leaf_value=0.0055624354516581147 0.010555111899820951 0.024550245722214738 0.027881122584957702 0.010614970254227828 0.0035127345867376754 -0.035121868084711613 0.030092008605631018 -0.0029694825881206727 0.033862879410969361 0.022024153132642079 0.020198436817835973 -0.075755774526562236 -0.023330980804424462 0.061727930330367789 -0.045646420238990432 0.011052373005300271 -0.031548633938947836 0.033766112568298999 0.021453496285351717 0.049803247570396086 0.048242338977265632 0.017956135429237959 -0.0084544901260981895 -0.022494215625146533 0.039586124543939817 0.024142823331122047 0.050248903886488686 0.048645836033027474 0.069019781797343124 -0.067500652483858739
leaf_weight=303.97651728795609 1.6845388524234284 208.02202239632607 634.32482368382625 55.476822216063738 1061.4253820035374 282.97387139301281 530.41519153059926 1861.0378366983496 155.28489090921357 556.72084964998066 93.28063447214663 64.467072955798358 2138.0843691583723 115.27941619977355 139.47472411306808 608.74530913576018 238.7781313857995 86.797741159796715 81.789193911477923 901.43609196972102 283.09294048394077 62.22414397681132 56.672851406037807 11.770072908140717 503.15863137040287 247.96080569922924 25.897193022072315 130.28687259997241 6.8692130371928206 3.1462282184511423
leaf_count=26923 20 456 12273 678 35737 126155 7158 13746 4168 6056 1344 747 517637 702 43375 6247 3754 323 338 34550 10468 452 190 43 4384 2633 798 4886 13 56
internal_value=0.00797445 0.00149539 0.0286035 0.0365057 -0.00597718 -0.0129537 0.00740444 0.012451 0.006781 0.00278563 -0.00463964 -0.0358073 -0.0197345 0.00582154 -0.0021967 0.0191209 0.00464587 -0.00742576 -0.0180257 0.041915 0.0341641 0.0309167 0.0174837 0.027048 0.0372056 0.0241315 0.0267284 0.0406073 0.0253525 -0.0402818
internal_weight=11450.6 8713.78 2736.77 2057.98 5180.37 3255.45 813.389 3533.41 2703.33 2417.76 239.122 119.944 2442.06 1924.92 1200.9 724.025 678.796 419.135 320.567 1818.85 917.418 830.078 264.695 98.5678 565.383 259.661 119.178 285.572 254.83 4.83077
internal_count=866310 798272 68038 60858 763934 677873 133313 34338 28856 19802 3567 1425 544560 86061 79112 6949 7180 4458 4092 57291 22741 5482 646 366 4836 2722 2142 9054 2646 76
is_linear=0
shrinkage=0.05


Tree=115
num_leaves=31
num_cat=0
split_feature=2 0 4 8 1 0 2 2 8 8 8 0 4 8 6 4 9 0 1 1 0 4 0 8 8 4 1 4 2 2
split_gain=595.789 245.37 126.112 113.728 179.479 165.852 147.715 138.96 111.105 103.332 75.5246 70.6656 52.0782 40.1362 27.8023 23.6789 23.4754 21.8161 18.5288 15.2813 15.1662 13.8055 13.4543 8.70165 8.67924 8.89913 8.60077 8.00469 3.18596 2.67736
threshold=0.86706829071044933 0.63068181276321422 0.40108695626258856 12.500000000000002 0.27823315560817724 1.0000000180025095e-35 0.1627137288451195 0.56992483139038097 8.5000000000000018 11.500000000000002 6.5000000000000009 0.84523808956146251 0.73557159304618847 5.5000000000000009 1.0000000180025095e-35 0.21631706506013873 8.5000000000000018 0.86607143282890331 0.23769168555736545 0.66987180709838878 0.94444444775581371 0.21575680375099185 0.86607143282890331 6.5000000000000009 5.5000000000000009 0.32620137929916387 0.4236596822738648 0.22943299263715747 0.91734972596168529 0.88273492455482494
decision_type=2 2 2 2 2 2 2 2 2 2 2 2 2 2 2 2 2 2 2 2 2 2 2 2 2 2 2 2 2 2
left_child=1 3 14 6 12 -6 10 -8 17 11 -1 -10 -5 22 15 21 -17 18 -3 20 -15 -2 29 -21 28 -26 -11 -19 -16 -4
right_child=2 8 13 4 5 -7 7 -9 9 26 -12 -13 -14 19 24 16 -18 27 -20 23 -22 -23 -24 -25 25 -27 -28 -29 -30 -31
leaf_value=0.03247284019925812 0.019914587930125162 -0.23798902961349425 0.030754514534741068 -0.010531217915646519 0.058740216419748227 0.010903466882694841 -0.014017635997721441 0.0016912715370876099 -0.054612430997501495 -0.032607037347011661 -0.017518244076278857 0.046268664969461665 0.013324735945130135 -0.25549385486300541 0.029748643847466068 0.015861969762464959 -0.011986220665139284 0.027896363260272672 0.027415504363223195 -0.033108733990216126 0.0051828261189593742 0.11464972869010866 0.049317339724445006 0.016077643718792983 0.015552447876224562 -0.13162134102094511 0.027328127208999249 0.049358568953024963 0.049325529493001077 0.040001383525876483
leaf_weight=379.73872827703599 463.47815010556951 0.65827890019863744 91.25445137382485 763.0550834069727 281.16414879047079 509.58611427340657 2954.412302636134 2689.2091538585373 104.44075559824705 6.2658003447577348 94.31641402625246 20.819572773762047 326.72814016789198 1.1381363673135629 28.786908524576575 160.96522403834388 142.82283159159124 56.026696682907641 649.70741919893771 11.375119010917841 1.09459856338799 3.8778320951387277 554.97896117088385 42.918717350345105 4.2540619969367972 1.3540698979049919 133.89359781844541 193.45356070995331 74.738688964396715 550.62626721500419
leaf_count=3412 7110 20 2456 131332 14745 43337 486080 101342 1358 89 2426 201 867 19 603 3193 2412 782 11111 236 16 77 24504 736 48 15 2169 4692 2189 18733
internal_value=0.0076888 0.0021481 0.0314845 -0.000974867 0.00977891 0.0279126 -0.00428051 -0.00653228 0.0235836 -0.00484409 0.0225268 -0.0378449 -0.00337896 0.0416717 0.0169796 0.0136367 0.00276943 0.0319687 0.0271469 0.000500691 -0.127697 0.0207006 0.0436161 0.00577259 0.0406 -0.0199823 0.0246487 0.0445387 0.0438819 0.0386868
internal_weight=11297.1 9163.48 2133.66 7998.21 1880.53 790.75 6117.68 5643.62 1165.27 265.42 474.055 125.26 1089.78 1253.39 880.278 771.144 303.788 899.846 650.366 56.5266 2.23273 467.356 1196.86 54.2938 109.134 5.60813 140.159 249.48 103.526 641.881
internal_count=866310 803963 62347 783541 190281 58082 593260 587422 20422 3817 5838 1559 132199 46700 15647 12792 5605 16605 11131 1007 35 7187 45693 972 2855 63 2258 5474 2792 21189
is_linear=0
shrinkage=0.05


Tree=116
num_leaves=31
num_cat=0
split_feature=2 0 5 1 8 0 8 1 0 5 0 5 0 6 2 9 1 9 0 1 8 0 0 8 0 2 8 9 9 9
split_gain=560.738 253.75 115.666 287.873 110.52 99.8353 94.4972 90.2898 92.3578 73.0806 71.1863 38.175 24.6519 23.0654 15.7539 12.4646 11.0903 10.002 9.55487 7.97511 6.37249 6.18365 3.77441 0.958724 0.191091 11.6753 0.179484 1.75243 0.0648135 0.000202782
threshold=0.89498746395111095 0.63068181276321422 1.0000000180025095e-35 0.36700680851936346 8.5000000000000018 0.2264957278966904 11.500000000000002 0.89699381589889537 1.0000000180025095e-35 1.0000000180025095e-35 0.72077924013137828 1.0000000180025095e-35 0.86607143282890331 1.0000000180025095e-35 0.94804319739341747 15.500000000000002 0.75255101919174205 50.500000000000007 0.70714285969734203 0.4236596822738648 1.5000000000000002 0.087121214717626586 0.38750000298023229 5.5000000000000009 0.36931818723678594 0.96824595332145702 5.5000000000000009 18.500000000000004 38.500000000000007 19.500000000000004
decision_type=2 2 2 2 2 2 2 2 2 2 2 2 2 2 2 2 2 2 2 2 2 2 2 2 2 2 2 2 2 2
left_child=1 2 7 5 11 -4 10 8 -1 13 -6 12 -3 15 18 16 -2 -17 -15 -8 -9 -5 -16 -13 25 29 28 -28 -26 -11
right_child=9 4 3 21 6 -7 19 20 -10 24 -12 23 -14 14 22 17 -18 -19 -20 -21 -22 -23 -24 -25 26 -27 27 -29 -30 -31
leaf_value=0.0031718785883107972 0.045408588610584055 0.020404794326864206 -0.0051266226094237866 0.047553764294012438 0.0049640744936950872 0.049852862585669538 -0.030172669537827997 0.045738987521861306 -0.0097845809271880756 0.050206888212388091 -0.065596580971553617 0.049660528005113079 0.040546554143279782 0.036312927802797317 -0.0487607455663428 0.0090476536736393172 0.024582119617360895 0.02834381144768516 0.00760431002528712 0.026857909542868909 0.10030656874069029 0.035807025658478243 0.048813185483769644 0.041423518461725178 0.049688312816194513 -0.24756979077092583 0.050298736237895297 -0.048202615823930914 0.053483389533635219 0.051013848799250389
leaf_weight=2188.4283496588469 73.990237372461706 665.90277275070548 1476.7240353672532 149.35857291508 65.378413429483771 87.460430398758035 6.4283961979672304 70.140371970832348 3702.4356592973345 15.488019235432152 78.860464036930352 182.63343074219301 196.81248620990664 73.296879798639566 0.99662134889513154 220.01167253311723 469.77915841713548 96.660985918715596 47.938435069052503 132.06337643228471 5.7921472415328017 448.31930516724242 179.16882194392383 43.797556112986058 489.37862583831884 0.33586363447829981 4.3794488273560992 0.50344848260283459 11.515034174546598 0.81971374154090959
leaf_count=290197 1948 9835 132091 2372 825 1137 89 613 349686 579 876 6998 3533 2092 20 3353 13435 1023 1581 2187 41 10252 7357 1349 22518 15 107 7 182 12
internal_value=0.00738782 0.00267406 -0.000682908 0.00922588 0.0225648 -0.00205248 -0.00528931 -0.00427302 -0.00497132 0.033977 -0.0336139 0.0297954 0.0249998 0.026993 0.0388963 0.0228235 0.027416 0.0149376 0.0249611 0.0242107 0.0499014 0.0387425 0.0482734 0.0480673 0.0495091 0.0442376 0.0496826 0.0401428 0.0497756 0.0502475
internal_weight=11184.8 9500.54 8128.66 2161.86 1371.88 1564.18 282.731 5966.8 5890.86 1684.26 144.239 1089.15 862.715 1161.84 301.401 860.442 543.769 316.673 121.235 138.492 75.9325 597.678 180.165 226.431 522.42 16.6436 505.777 4.8829 500.894 16.3077
internal_count=866310 812081 786389 145852 25692 133228 3977 640537 639883 54229 1701 21715 13368 30809 11050 19759 15383 4376 3673 2276 654 12624 7377 8347 23420 606 22814 114 22700 591
is_linear=0
shrinkage=0.05


Tree=117
num_leaves=31
num_cat=0
split_feature=2 3 3 2 9 5 4 3 5 4 4 2 3 4 4 4 4 1 1 8 1 5 8 9 4 4 3 1 2 2
split_gain=526.918 305.104 215.903 156.526 151.404 167.73 294.801 101.305 107.443 90.3787 73.9111 70.8926 64.4825 132.019 131.581 59.6583 42.845 29.7384 22.8778 14.5736 14.1028 12.6215 13.1301 5.94528 3.42936 3.07374 0.939777 1.19627 0.88909 0.277747
threshold=0.89498746395111095 0.42481203377246862 0.12701612710952762 0.42776885628700262 32.500000000000007 1.0000000180025095e-35 0.45738498866558081 0.89736840128898632 1.0000000180025095e-35 0.13655789196491244 0.51869320869445812 0.23606811463832858 0.057983193546533592 0.19063283503055575 0.072372794151306166 0.085960593074560179 0.40108695626258856 0.81934732198715221 0.2336879447102547 1.0000000180025095e-35 0.056349206715822227 1.0000000180025095e-35 4.5000000000000009 17.500000000000004 0.072372794151306166 0.42919799685478216 0.26201373338699346 0.19538705796003344 0.96824595332145702 0.93419912457466137
decision_type=2 2 2 2 2 2 2 2 2 2 2 2 2 2 2 2 2 2 2 2 2 2 2 2 2 2 2 2 2 2
left_child=1 4 15 10 5 9 -7 8 -5 -1 18 -12 14 -14 -6 23 17 -17 -3 26 -9 22 -21 -2 -25 -18 27 -4 -23 -28
right_child=2 3 19 7 12 6 -8 20 -10 -11 11 -13 13 -15 -16 16 25 -19 -20 21 -22 28 -24 24 -26 -27 29 -29 -30 -31
leaf_value=0.0046026061018809156 -0.092080599383039724 0.012405102035025772 -0.022788049634450958 0.0090750900321010606 0.0053629247037098454 -0.034015302067117233 0.0294901555525947 -0.31736701997999212 0.035537181641895774 -0.021609537851663502 0.012868658556306124 -0.012223185363158889 0.058704633746566384 0.0069978577877707789 -0.040988327930148387 0.016912505243816975 0.012096081928619377 -0.028622390907332141 0.038363389022021022 0.034702421277555642 0.043928500307133425 0.049521582346272991 -0.0020305363472112202 0.025898668290309179 0.09351416047343733 0.045425672942205543 0.045837592367312566 0.044249943891924944 0.038800099319277331 0.049889558763541779
leaf_weight=385.87698805058608 1.0611831322312344 282.7783815599978 0.67157335765659709 1357.5232371580787 1000.4083501617424 274.98165567219257 544.8135758661665 0.27027140930294891 534.67135176085867 2225.3008432631032 411.80477478727698 889.61261104047298 151.2375852605328 671.81087757652858 180.78103436081437 44.60699205333367 9.0687656290829164 182.78499482292682 121.28451629728079 274.57831392809749 419.78301372146234 157.23496459703892 26.692461356986314 175.63452028576285 1.8954948186874379 29.160620100796223 45.5610819645226 73.208672502776608 22.047810202464461 589.41154443728738
leaf_count=46382 16 721 10 15899 16118 126194 7845 4 13532 500678 1110 2908 2875 13589 54311 361 31 2375 318 8935 9597 7103 637 2054 1 156 1679 1815 1071 27985
internal_value=0.00709121 0.00255978 0.0333123 0.0130077 -0.00516334 -0.0115415 0.00818869 0.0214834 0.0165524 -0.0177359 0.00151644 -0.00428343 0.0057552 0.0164991 -0.00173113 0.00356868 -0.0114561 -0.0196899 0.0201968 0.0444208 0.043696 0.0376988 0.0314479 0.0259153 0.0266206 0.0375192 0.0489778 0.0436406 0.0482031 0.0495988
internal_weight=11086.6 9452.94 1633.62 4017.73 5435.21 3430.97 819.795 2312.25 1892.19 2611.18 1705.48 1301.42 2004.24 823.048 1181.19 444.213 265.621 227.392 404.063 1189.41 420.053 480.554 301.271 178.591 177.53 38.2294 708.853 73.8802 179.283 634.973
internal_count=866310 812081 54229 44089 767992 681099 134039 39032 29431 547060 5057 4018 86893 16464 70429 4994 2923 2736 1039 49235 9601 17746 9572 2071 2055 187 31489 1825 8174 29664
is_linear=0
shrinkage=0.05


Tree=118
num_leaves=31
num_cat=0
split_feature=0 3 3 4 4 0 0 1 0 3 8 1 3 4 4 9 3 8 3 3 0 1 0 9 3 8 4 3 3 3
split_gain=485.022 405.501 203.885 294.463 163.012 152.391 116.725 321.447 262.163 85.126 85.9327 80.3061 83.9226 65.4552 99.3522 84.6473 56.9168 38.6821 37.6391 843.252 48.3337 31.5061 67.6705 27.0467 15.0529 11.3305 7.76526 0.482805 0.279748 0.349545
threshold=0.47222222387790685 0.21807064861059192 0.10762548446655275 0.1003144644200802 0.29280610382556921 0.86607143282890331 0.069047622382640853 0.3551971316337586 0.16025641560554507 0.89736840128898632 5.5000000000000009 0.48863048851490026 0.11882352828979494 0.16613588482141498 0.46563534438610082 56.500000000000007 0.15075758099555972 7.5000000000000009 0.057983193546533592 0.061553031206130988 0.19090909510850909 0.52223318815231334 0.087121214717626586 11.500000000000002 0.16397849470376971 13.500000000000002 0.45027472078800207 0.94868421554565441 0.23303167521953586 0.22902098298072818
decision_type=2 2 2 2 2 2 2 2 2 2 2 2 2 2 2 2 2 2 2 2 2 2 2 2 2 2 2 2 2 2
left_child=2 13 3 18 11 9 7 -6 -8 10 -3 16 -13 17 15 -15 -4 23 20 -20 -1 26 -23 -2 -16 -19 -5 -11 29 -7
right_child=1 5 4 21 6 28 8 -9 -10 27 -12 12 -14 14 24 -17 -18 25 19 -21 -22 22 -24 -25 -26 -27 -28 -29 -30 -31
leaf_value=-0.034347640503297909 -0.029275201097303024 0.027565210528223923 -0.03242878678592747 -0.049333538174955033 -0.0035511082705018283 0.045680604809819281 -0.086158471291783903 0.046726384221045261 -0.0076800875811839017 0.044425569846616775 0.0049322845071357703 0.1626789368826452 0.03613522743796195 -0.02182712186229287 0.053139906000028318 0.025452642833212503 0.015624966641743994 0.020951359585095568 5.8109988585413959 0.061424124290627026 0.0092143054494836923 0.068953074091921349 -0.035041756463319869 0.0068304935839505259 0.009194844020386039 0.046420773262384946 0.003618764006110177 0.049197893492027911 0.04984778430527817 0.021622251135624909
leaf_weight=72.247369554650504 55.960403117816895 1194.0595401332248 68.089284423855133 519.94208150019404 2417.7236139933812 11.004055678145956 119.2634588505025 366.03990546485875 987.95800174539909 68.272529292851686 646.43627184955403 13.738559544086455 282.77748667844571 672.16248556203209 63.993610454723239 110.1866063401103 648.62169081461616 151.87843699706718 0.064992296160198193 3.3947233744547702 536.72116978891427 17.797963896417059 129.18673503876198 709.33812831388786 28.018846144434065 61.287322989199311 7.0169437284348524 236.86724572139792 747.4942690115422 1.749855074100197
leaf_count=17823 2255 29932 21349 585140 50731 404 4423 3879 14252 1889 8909 436 1712 18670 236 1032 7520 872 16 1897 9504 1381 33969 4488 475 178 1407 7678 33789 64
internal_value=0.00682932 0.018832 -0.00239718 -0.0201145 0.00225007 0.0304867 -0.00240172 0.00305993 -0.0161333 0.023671 0.0196159 0.0201138 0.0419984 0.0005534 -0.00938809 -0.0151682 0.0110597 0.00943718 0.00498046 0.169432 0.00404616 -0.0429189 -0.0224493 0.00419036 0.0397581 0.0282741 -0.0486284 0.0481301 0.0497225 0.0423798
internal_weight=10949.3 4758.71 6190.58 1286.37 4904.21 2905.88 3890.98 2783.76 1107.22 2145.64 1840.5 1013.23 296.516 1852.83 874.362 782.349 716.711 978.464 612.428 3.45972 608.969 673.944 146.985 765.299 92.0125 213.166 526.959 305.14 760.248 12.7539
internal_count=866310 110871 755439 651137 104302 82665 73285 54610 18675 48408 38841 31017 2148 28206 20413 19702 28869 7793 29240 1913 27327 621897 35350 6743 711 1050 586547 9567 34257 468
is_linear=0
shrinkage=0.05


Tree=119
num_leaves=31
num_cat=0
split_feature=1 3 3 4 5 3 0 9 4 3 5 4 4 4 9 9 3 1 8 1 8 5 3 1 0 0 8 3 9 0
split_gain=459.82 263.806 226.577 194.601 172.365 304.383 252.356 165.852 196.35 114.902 70.0326 79.8599 52.9358 53.1835 49.4059 41.4273 25.0133 24.7127 22.7238 22.499 22.4399 20.5007 22.4473 7.56199 15.9162 6.28698 2.66853 2.16778 1.88975 1.87656
threshold=0.82426470518112194 0.26969698071479803 0.16397849470376971 0.41206791996955877 1.0000000180025095e-35 0.65942031145095836 0.2264957278966904 26.500000000000004 0.56021979451179515 0.0745370388031006 1.0000000180025095e-35 0.19063283503055575 1.0000000180025095e-35 0.40108695626258856 8.5000000000000018 48.500000000000007 0.43874999880790716 0.20722186565399173 26.500000000000004 0.89699381589889537 2.5000000000000004 1.0000000180025095e-35 0.45804196596145635 0.90121948719024669 0.38750000298023229 0.94444444775581371 3.5000000000000004 0.36038962006568914 6.5000000000000009 0.84523808956146251
decision_type=2 2 2 2 2 2 2 2 2 2 2 2 2 2 2 2 2 2 2 2 2 2 2 2 2 2 2 2 2 2
left_child=1 7 12 16 5 -5 -6 8 9 -1 11 -9 23 15 -10 -14 20 -18 -12 21 -3 22 -4 24 -2 -25 29 -28 -15 -21
right_child=2 3 19 4 6 -7 -8 10 14 -11 18 -13 13 28 -16 -17 17 -19 -20 26 -22 -23 -24 25 -26 -27 27 -29 -30 -31
leaf_value=-0.044506459517205117 -0.052857130139391167 0.035522929841426916 0.0036794691931727481 -0.025161787061816002 0.0022523907270265891 0.013145230147649243 0.041987989653382983 0.0073116432707002483 0.016251228617503163 -0.015691203838910112 0.050336867406098308 -0.014515379636253784 -0.026032748104088649 0.046893218738549403 0.081254226811272257 0.026511014134208772 0.016226110946303156 0.03870111030369925 0.25337764243051841 0.044396662115687976 0.013245116827695365 0.048687579919840782 0.035253388832077334 0.04459495454669582 0.018603153103126904 0.021951641884642839 -0.049617638890560339 0.028969411455817502 0.026012093589488857 0.049766423564511594
leaf_weight=480.80236327438615 8.7064344361424428 153.58086436521262 84.978847590042278 1025.8629557020031 1215.6316499609966 1048.6519754650071 595.2134592437651 1385.0985029610456 182.84866978880018 1233.5397149590426 59.777365145389922 600.85170064592967 231.8384775640443 31.106138909235597 34.793974441476166 44.754883266985416 161.01432143524289 508.82001509959809 1.4105303618707683 235.13516681245528 428.16468851873651 135.9948944512289 166.75436229561456 48.870152061805129 74.189928179606795 82.245873944833875 1.0016646524891237 7.0797013093251735 16.626748433336616 528.16914977505803
leaf_count=414882 36 1055 1967 9089 5286 12407 18888 45368 1632 224493 2483 67970 3203 143 227 246 389 5113 74 8111 2630 6329 5329 326 623 1233 37 311 73 26357
internal_value=0.00652785 0.00207871 0.0304217 0.00956472 0.00404136 -0.00579787 0.0153132 -0.00758552 -0.0180932 -0.0237727 0.00233114 0.00070785 0.00361674 -0.00911962 0.0266431 -0.0175308 0.0267113 0.0332986 0.0550175 0.0428709 0.0191265 0.0330453 0.0245948 0.0229181 0.0110978 0.0303914 0.0478097 0.0192287 0.0396197 0.0481123
internal_weight=10813.5 9116.06 1697.45 5136.94 3885.36 2074.51 1810.85 3979.12 1931.98 1714.34 2047.14 1985.95 538.339 324.326 217.643 276.593 1251.58 669.834 61.1879 1159.11 581.746 387.728 251.733 214.012 82.8964 131.116 771.386 8.08137 47.7329 763.304
internal_count=866310 811986 54324 54857 45670 21496 24174 757129 641234 639375 115895 113338 5883 3665 1859 3449 9187 5502 2557 48441 3685 13625 7296 2218 659 1559 34816 348 216 34468
is_linear=0
shrinkage=0.05


Tree=120
num_leaves=31
num_cat=0
split_feature=2 0 8 8 1 0 2 2 4 8 0 8 0 4 8 6 0 2 8 4 1 8 4 8 8 0 2 4 2 2
split_gain=460.86 209.542 108.108 98.4775 149.537 148.469 130.157 122.334 98.3498 87.881 69.9198 69.7645 48.6113 25.605 25.3254 24.1983 13.726 11.0344 10.542 10.1484 7.38193 7.16407 7.10861 6.22246 6.60425 5.79949 2.08402 1.59949 2.72375 0.979821
threshold=0.89498746395111095 0.63068181276321422 8.5000000000000018 12.500000000000002 0.27823315560817724 1.0000000180025095e-35 0.1627137288451195 0.56992483139038097 0.41206791996955877 11.500000000000002 0.94444444775581371 4.5000000000000009 0.16025641560554507 0.35316231846809393 5.5000000000000009 1.0000000180025095e-35 0.63068181276321422 0.9759001135826112 1.0000000180025095e-35 0.21406109631061557 0.4236596822738648 7.5000000000000009 0.20052909851074222 5.5000000000000009 6.5000000000000009 0.36931818723678594 0.91734972596168529 0.42919799685478216 0.92031747102737438 0.93788579106330883
decision_type=2 2 2 2 2 2 2 2 2 2 2 2 2 2 2 2 2 2 2 2 2 2 2 2 2 2 2 2 2 2
left_child=1 3 13 6 12 -6 11 -8 15 10 -4 -1 -5 19 -15 16 22 -18 27 -3 -11 26 -2 25 -25 -20 -17 28 -10 -29
right_child=8 2 9 4 5 -7 7 -9 18 20 -12 -13 -14 14 -16 21 17 -19 23 -21 -22 -23 -24 24 -26 -27 -28 29 -30 -31
leaf_value=0.034968350694747449 0.034401685667169016 0.024733184041369788 -0.049352286571926508 -0.0064568727137695493 0.056276092188822027 0.0098590381628431249 -0.013299241703408149 0.0014528637846217454 -0.081025032661572752 -0.029706976912245872 0.046702325783529175 -0.0065063821884461656 0.028053846905308495 0.041562993178737365 0.020073646786719811 0.026336285559326655 -0.0027942089003426228 0.014820872207540093 -0.0029659362446564355 0.0080551918766998878 0.025336688308651448 -0.13995478799387778 0.014041373429190793 -0.045184484321157271 0.033845794939317997 0.03898594602431954 0.048988687079055439 0.041466669006609926 0.03499418650260306 0.049270525265248916
leaf_weight=312.46068923047278 101.70039351424202 233.25057783769444 120.08326627267525 952.94591840513749 267.18197089148453 484.97930889920099 2872.5604931178386 2751.3773096666555 0.53071282245218654 6.4064530604518941 22.494304629042745 150.09988390572835 114.27616822882555 424.32951293792576 202.54897998506203 12.078751189401371 131.7918028915301 273.19391083531082 8.4587995067704451 149.78369646286592 123.73794951895252 0.52504199091344972 74.110233375104144 4.7066363859921676 6.0305286655202508 315.73435523733497 63.699967584572732 44.252467180369422 10.811419183388351 441.66992827109061
leaf_count=2508 1131 3088 1478 113196 14745 43337 486080 104190 8 89 223 3330 19003 12341 4025 313 2723 5877 315 2261 2187 9 1271 99 126 14131 2248 1730 267 23981
internal_value=0.00628908 0.0021071 0.020853 -0.000934197 0.00927249 0.0263473 -0.00398519 -0.00608213 0.0320906 -0.00708067 -0.0341979 0.0215099 -0.00276153 0.0283964 0.0346196 0.0176308 0.014153 0.00908851 0.0435081 0.0182113 0.0226271 0.0441027 0.0258191 0.0366511 -0.000797129 0.0378913 0.045378 0.0481266 0.0295655 0.0485598
internal_weight=10677.8 9188.52 1282.63 7905.88 1819.38 752.161 6086.5 5623.94 1489.29 272.722 142.578 462.561 1067.22 1009.91 626.878 657.1 580.796 404.986 832.195 383.034 130.144 76.3038 175.811 334.93 10.7372 324.193 75.7787 497.265 11.3421 485.922
internal_count=866310 812081 25692 786389 190281 58082 596108 590270 54229 3977 1701 5838 132199 21715 16366 13572 11002 8600 40657 5349 2276 2570 2402 14671 225 14446 2561 25986 275 25711
is_linear=0
shrinkage=0.05


Tree=121
num_leaves=31
num_cat=0
split_feature=1 3 4 3 4 5 3 1 3 1 1 3 4 4 9 3 9 4 1 1 5 3 4 1 8 8 1 1 9 8
split_gain=407.781 242.568 333.926 221.104 190.746 184.445 299.835 287.567 104.997 91.5029 53.1762 53.2977 49.4703 48.1026 36.9762 33.2079 55.5937 31.591 30.5689 23.4051 20.9523 21.791 16.7474 7.26957 8.39436 2.79275 2.42974 2.07403 1.94484 1.23159
threshold=0.82426470518112194 0.10762548446655275 0.072372794151306166 0.16397849470376971 0.29280610382556921 1.0000000180025095e-35 0.79057019948959362 0.37965516746044164 0.040833333507180221 0.3551971316337586 0.40682870149612432 0.1490740776062012 1.0000000180025095e-35 0.40108695626258856 48.500000000000007 0.098387096077203764 112.50000000000001 0.17787194252014163 0.556623935699463 0.89699381589889537 1.0000000180025095e-35 0.45804196596145635 0.39408509433269506 0.90121948719024669 1.5000000000000002 3.5000000000000004 0.99206349253654491 0.91751700639724743 6.5000000000000009 1.0000000180025095e-35
decision_type=2 2 2 2 2 2 2 2 2 2 2 2 2 2 2 2 2 2 2 2 2 2 2 2 2 2 2 2 2 2
left_child=1 2 15 12 10 6 -6 -7 22 -10 11 -3 23 14 -14 18 -17 -12 -1 20 21 -5 -4 24 -2 29 -25 -27 -15 -21
right_child=3 4 8 19 5 7 -8 -9 9 -11 17 -13 13 28 -16 16 -18 -19 -20 25 -22 -23 -24 26 -26 27 -28 -29 -30 -31
leaf_value=0.012755729750629666 -0.012565604748662421 -0.032382767476717055 -0.050014369627316882 0.0026696799574388117 -0.013121860825516075 0.0008283450713617278 0.025800273278742458 0.039695541023268208 -0.046373989794854499 0.0001335819447353159 0.045255075953270545 0.016682270079338261 -0.025351955462785139 0.046084860052385601 0.024740559700976175 -0.050360758896936843 0.63697921623936693 0.024154605414220209 -0.0032169974175923553 0.048954851018954117 0.048556568335672116 0.034319376481315021 0.039177820307156677 0.03604643888841471 0.021556967792884889 0.022984312082301891 0.02210659271577857 -0.1076593653944717 0.024296899140278841 0.043694241201633607
leaf_weight=610.68829736462794 27.058987422846258 60.844513399992138 527.54261038737604 83.182928538881242 2542.7686529653729 1475.096240246552 614.34574402216822 702.55480661371257 164.75520599354059 295.36597434221767 269.88070798339322 612.71777188335545 231.6189310932532 29.112730046734214 43.807487240061164 0.63107084715738782 0.55108547210693359 517.57762965990696 587.92340532236267 562.39527505473234 125.68807078152895 157.08918372541666 5.3160499260411589 65.37733916984871 53.977608566172421 7.3597780345007768 59.900751695036888 0.31687322235666204 15.801111686974762 138.6968538837973
leaf_count=20929 159 20291 432191 1967 39839 36501 8114 20662 182042 32339 2522 7666 3203 143 246 270 1 5108 2683 28408 6329 5329 828 600 500 331 959 17 73 6060
internal_value=0.00603278 0.00189146 -0.0125684 0.029278 0.00655718 0.00217341 -0.00554797 0.0133677 -0.0340161 -0.0165193 0.0225641 0.0122501 0.00273767 -0.00956045 -0.0173846 0.00518229 0.270056 0.0313862 0.00492105 0.0422837 0.0320151 0.0233622 -0.0491245 0.0218327 0.0101631 0.0475857 0.0293812 0.0175917 0.0384197 0.0479141
internal_weight=10589.9 8988.56 2192.77 1601.38 6795.79 5334.77 3157.11 2177.65 992.98 460.121 1461.02 673.562 526.655 320.34 275.426 1199.79 1.18216 787.458 1198.61 1074.73 365.96 240.272 532.859 206.315 81.0366 708.769 125.278 7.67665 44.9138 701.092
internal_count=866310 811986 671283 54324 140703 105116 47953 57163 647400 214381 35587 27957 5883 3665 3449 23883 271 7630 23612 48441 13625 7296 433019 2218 659 34816 1559 348 216 34468
is_linear=0
shrinkage=0.05


Tree=122
num_leaves=31
num_cat=0
split_feature=2 3 3 0 9 3 5 0 0 2 3 6 2 5 9 9 9 8 5 3 5 8 3 3 2 9 3 2 9 2
split_gain=413.074 228.88 192.017 157.553 146.691 172.752 97.3739 77.2383 278.549 223.673 74.0151 64.4499 53.0875 52.6033 22.18 20.3132 18.1998 16.545 13.6392 13.6817 12.9558 13.2194 6.97346 6.25077 1.97712 1.86442 1.10625 1.08965 1.0528 0.569662
threshold=0.89498746395111095 0.26969698071479803 0.12701612710952762 0.47222222387790685 26.500000000000004 0.082207206636667265 1.0000000180025095e-35 0.069047622382640853 0.16025641560554507 0.45748709142208105 0.89736840128898632 1.0000000180025095e-35 0.41897973418235784 1.0000000180025095e-35 20.500000000000004 75.500000000000014 44.500000000000007 1.0000000180025095e-35 1.0000000180025095e-35 0.68585526943206798 1.0000000180025095e-35 5.5000000000000009 0.057983193546533592 1.0000000180025095e-35 0.97182539105415355 9.5000000000000018 0.26201373338699346 0.96824595332145702 16.500000000000004 0.91476997733116161
decision_type=2 2 2 2 2 2 2 2 2 2 2 2 2 2 2 2 2 2 2 2 2 2 2 2 2 2 2 2 2 2
left_child=1 4 16 7 5 14 10 9 -9 -3 -5 13 -7 -6 -1 -13 20 26 19 -19 21 -2 23 -18 -24 -8 28 -20 -4 -22
right_child=2 3 17 6 11 12 25 8 -10 -11 -12 15 -14 -15 -16 -17 22 18 27 -21 29 -23 24 -25 -26 -27 -28 -29 -30 -31
leaf_value=-0.047756048507428872 -0.0061797057139814249 0.0011966118625122359 0.037029193910792776 0.010003080920738618 -0.0021367878991088089 -0.020844430206882664 0.044158405405383148 -0.09789197766881419 -0.00089149681382098996 0.043624991014028523 0.047064433407610545 0.019229745918519926 -0.00095255527958648461 0.065551687834367017 -0.017820453543692369 0.055636509075533538 0.016605138856268045 0.019347397116838715 0.049351557222754909 0.042605524496448735 0.021654265022442918 0.064931424820386385 0.026432924417485723 -0.063381200180603475 0.05459669470825515 0.034965770270364981 0.04943488798161555 0.03620714000565519 0.050108599247204004 0.053678551992425973
leaf_weight=403.30464924371336 308.37758357916027 2218.0792248379439 37.235404354520142 1080.444605440367 1808.1554678384564 536.31371563306311 346.47147177928127 81.909069896675646 767.51201396458782 361.21309696999379 153.90534420311451 192.06707672867924 895.40624923893483 29.165737912990153 73.090214961383026 47.861028411891311 67.156673486344516 157.42392545589246 128.26178333139978 105.67803638405167 1.6138676665723313 6.6769682792946687 10.069046050310137 2.5347329527139655 16.350277177989483 65.600927158491686 508.886837790953 17.976691992254928 26.21887562982738 9.951698534190653
leaf_count=398473 4003 8641 1376 15351 111881 171779 13796 531 6423 3182 3840 1670 36860 2443 34571 194 813 5198 7103 4374 6 22 28 21 39 2446 29664 1071 449 62
internal_value=0.00580536 0.00189437 0.031037 0.00893656 -0.00707348 -0.0170822 0.0216498 0.00283186 -0.0102452 0.00713843 0.0146241 0.00212032 -0.00840393 -0.0010623 -0.0431632 0.0264922 0.0028631 0.0431692 0.0354937 0.0286893 -0.00276467 -0.00467264 0.0219884 0.013696 0.0438628 0.042695 0.0486587 0.0477358 0.0424335 0.0492099
internal_weight=10464.9 9060.5 1404.41 5075.14 3985.36 1908.11 1646.42 3428.71 849.421 2579.29 1234.35 2077.25 1431.72 1837.32 476.395 239.928 422.731 981.682 409.34 263.102 326.62 315.055 96.1107 69.6914 26.4193 412.072 572.341 146.238 63.4543 11.5656
internal_count=866310 812081 54229 54210 757871 641683 35433 18777 6954 11823 19191 116188 208639 114324 433044 1864 4994 49235 17746 9572 4093 4025 901 834 67 16242 31489 8174 1825 68
is_linear=0
shrinkage=0.05


Tree=123
num_leaves=31
num_cat=0
split_feature=2 0 8 4 8 2 2 8 0 8 2 0 4 5 0 6 0 5 8 0 2 4 8 4 8 2 8 0 2 4
split_gain=387.673 177.442 104.857 94.3324 93.2826 121.991 124.225 80.2763 66.5676 52.2715 48.6336 40.493 38.8163 34.0678 22.9636 22.5986 13.1535 13.0293 20.4557 12.0058 10.1773 6.96891 6.31353 5.95222 5.17224 2.1872 1.21602 0.260029 10.5181 0.149528
threshold=0.89498746395111095 0.63068181276321422 8.5000000000000018 0.41206791996955877 11.500000000000002 0.17712418735027316 0.55036231875419628 11.500000000000002 0.72077924013137828 4.5000000000000009 0.10596491396427156 0.43650794029235845 0.17667067050933841 1.0000000180025095e-35 0.86607143282890331 1.0000000180025095e-35 0.63068181276321422 1.0000000180025095e-35 4.5000000000000009 0.86607143282890331 0.9759001135826112 0.20052909851074222 7.5000000000000009 0.18616051226854327 6.5000000000000009 0.91734972596168529 5.5000000000000009 0.36931818723678594 0.96824595332145702 0.45738498866558081
decision_type=2 2 2 2 2 2 2 2 2 2 2 2 2 2 2 2 2 2 2 2 2 2 2 2 2 2 2 2 2 2
left_child=1 4 13 15 5 9 -7 8 -4 -1 12 -12 -6 14 -3 16 21 18 19 -5 -18 -2 25 -9 -20 -17 -15 28 -19 -29
right_child=3 2 7 17 10 6 -8 23 -10 -11 11 -13 -14 26 -16 22 20 27 24 -21 -22 -23 -24 -25 -26 -27 -28 29 -30 -31
leaf_value=0.031966188694021763 0.03332505021025494 0.018324777994779891 0.0042954196037289913 0.02929805503720603 0.10262680224233617 -0.014557894429855642 0.00087104518322295198 0.045013594945336355 -0.064422736679030396 -0.0037709217646350103 0.0065810329571225545 0.026945763653618421 -0.047283742686868496 0.049453150147523411 0.039132396291011499 0.024568917140465732 -0.0036851352591007048 0.050166454882524497 -0.040992387095662053 0.047683453474676916 0.013492354511516189 0.01270595014503457 -0.12022328262362965 0.0161903359093158 0.025688358253812271 0.048663782493929435 0.039011998600933961 0.041096854515512947 -0.22072085920988319 0.049677243248072864
leaf_weight=312.77825094148284 96.582415515556931 613.24334542779252 63.607569295912981 180.25715208752081 4.6759051687549791 2483.3731909400085 2748.4454435239313 21.721732378937304 79.027095684781671 152.06845695711672 1719.9839556904626 284.46809207217302 56.425597850291524 138.03223848645575 169.17804591543972 11.290645704604684 128.56098316702992 12.263016187585887 10.403659623349084 174.99819301953539 261.87835225462914 71.181176817743108 0.58550871536135574 102.11223040777259 4.0364825017750254 56.799731500679627 34.945836436934769 5.1527860716450951 0.36912909802049476 347.37740184972063
leaf_count=2960 1131 9835 825 6878 216 442953 116342 207 876 3582 213960 4524 1852 6998 3533 313 2723 587 337 10254 5877 1271 9 2069 74 2248 1349 145 15 22367
internal_value=0.00558504 0.00181688 0.0195278 0.0304456 -0.000971041 -0.00427158 -0.00645257 -0.00820703 -0.033778 0.0202753 0.00813164 0.00947116 -0.0358116 0.0272633 0.0228239 0.0161973 0.0128674 0.0426003 0.0359835 0.0383547 0.00783628 0.0245765 0.0432626 0.0212462 -0.022353 0.0446684 0.0473438 0.0492993 0.0422507 0.0495518
internal_weight=10345.8 8984.09 1221.87 1361.74 7762.22 5696.67 5231.82 266.469 142.635 464.847 2065.55 2004.45 61.1015 955.399 782.421 626.879 558.203 734.858 369.695 355.255 390.439 167.764 68.6759 123.834 14.4401 68.0904 172.978 365.162 12.6321 352.53
internal_count=866310 812081 25692 54229 786389 565837 559295 3977 1701 6542 220552 218484 2068 21715 13368 13572 11002 40657 17543 17132 8600 2402 2570 2276 411 2561 8347 23114 602 22512
is_linear=0
shrinkage=0.05


Tree=124
num_leaves=31
num_cat=0
split_feature=2 3 3 0 5 2 4 0 4 5 2 4 3 4 3 5 8 5 3 2 2 9 4 0 9 3 4 2 0 2
split_gain=362.719 214.447 188.799 156.429 147.929 210.895 161.768 79.5645 46.387 37.5735 36.7638 31.2808 21.7622 71.0857 20.3497 18.1865 17.3952 13.7697 13.7222 9.24722 7.31454 5.32003 4.98493 4.50511 3.348 1.22225 1.60847 1.1725 0.388227 0.348461
threshold=0.89498746395111095 0.82971012592315685 0.12701612710952762 0.84523808956146251 1.0000000180025095e-35 0.44920890033245092 0.45738498866558081 0.19090909510850909 0.085960593074560179 1.0000000180025095e-35 0.22361110895872119 0.42919799685478216 0.89736840128898632 0.95030865073204052 0.10435571894049646 1.0000000180025095e-35 1.0000000180025095e-35 1.0000000180025095e-35 0.68585526943206798 0.50944742560386669 0.83424907922744762 17.500000000000004 0.1003144644200802 0.63068181276321422 1.0000000180025095e-35 0.26201373338699346 0.762799233198166 0.96824595332145702 0.61250001192092907 0.91734972596168529
decision_type=2 2 2 2 2 2 2 2 2 2 2 2 2 2 2 2 2 2 2 2 2 2 2 2 2 2 2 2 2 2
left_child=1 3 8 4 6 -6 -1 9 21 19 -11 15 13 -9 20 -10 25 18 -18 -3 -5 -2 -16 -23 -14 26 -4 -19 -27 -13
right_child=2 7 16 14 5 -7 -8 12 11 10 -12 29 24 -15 22 -17 17 27 -20 -21 -22 23 -24 -25 -26 28 -28 -29 -30 -31
leaf_value=-0.00079097663235551646 -0.095306866891262554 0.018411180192878948 0.043199503306777937 0.022826548274979885 -0.0018493395271425021 0.03349287443880667 -0.019197679904832531 0.02996956471452384 -0.019744031968923322 0.028680188290716002 -0.021000636642692722 0.054355604084290771 0.047954186823499285 -0.12705801978219328 -0.074556036147443883 0.05015558087332983 0.018122626034617631 0.049260199663166977 0.042070604553835843 0.049605725368774396 -0.026458036225956907 0.035580766292864836 0.050535088954759333 0.017763930846665152 0.037338623882965487 0.046538511307904262 -0.0043861071172722364 0.035061760055682831 0.05009979640765512 0.040127239894360053
leaf_weight=4256.5520775995101 0.94458680599927802 211.71323582902551 57.210674312431365 47.007086662575603 1244.5581055133953 638.7347368207993 1658.84563445393 140.58888726634905 223.1160663892515 50.65771471336484 140.56426367815584 5.6561849527061012 246.36314837750979 7.5967053356580427 0.80039121257141133 9.710502013564108 151.53240693709813 116.34699150361121 98.830313327489421 26.759974803775549 8.9640830988064391 53.225590601563454 160.80087171588093 106.41829401021823 106.33151128608733 96.605961750028655 1.832723663188516 16.616841522045434 368.18687262013555 17.988314010202885
leaf_count=628000 16 661 1728 407 129064 18505 17293 2618 2740 160 703 18 6707 151 26 27 5198 7103 4374 325 135 422 4667 1633 2659 4762 97 1071 24902 138
internal_value=0.00535177 0.0017369 0.0297749 -0.000900559 -0.00206719 0.0101373 -0.00595274 0.0244568 0.00193085 0.0086719 -0.0078394 -0.0112641 0.0379983 0.0219196 0.0409163 -0.0168287 0.042576 0.0344821 0.0275761 0.0219116 0.0149334 0.0230041 0.0499155 0.0237041 0.0447538 0.0484988 0.0417224 0.0474858 0.0493596 0.0435309
internal_weight=10271.1 8946.84 1324.22 8016.26 7798.69 1883.29 5915.4 930.575 417.06 429.695 191.222 256.471 500.88 148.186 217.572 232.827 907.163 383.327 250.363 238.473 55.9712 160.588 161.601 159.644 352.695 523.836 59.0434 132.964 464.793 23.6445
internal_count=866310 812081 54229 798097 792862 147569 645293 13984 4994 1849 863 2923 12135 2769 5235 2767 49235 17746 9572 986 542 2071 4693 2055 9366 31489 1825 8174 29664 156
is_linear=0
shrinkage=0.05


Tree=125
num_leaves=31
num_cat=0
split_feature=2 3 4 4 3 3 3 0 2 0 9 3 4 1 0 4 1 1 8 1 4 8 8 3 9 0 3 1 0 1
split_gain=341.288 208.71 208.452 201.704 182.41 162.249 147.441 121.449 88.2552 75.4603 47.8412 66.1691 42.6356 38.2541 35.8987 28.8969 22.1301 21.6408 17.8254 17.2146 16.6239 10.5263 8.94311 8.08368 5.06253 4.37926 1.29131 1.86555 0.407452 0.360407
threshold=0.89498746395111095 0.18019481003284457 0.33215962350368505 0.14644659310579303 0.12701612710952762 0.040833333507180221 0.82971012592315685 0.84523808956146251 0.43792808055877691 0.19090909510850909 11.500000000000002 0.082207206636667265 0.085960593074560179 0.40682870149612432 0.095454547554254546 0.42919799685478216 0.81934732198715221 0.048199767246842391 1.0000000180025095e-35 0.60922586917877208 0.39408509433269506 5.5000000000000009 6.5000000000000009 0.44949495792388922 17.500000000000004 0.63068181276321422 0.26201373338699346 0.14174107462167743 0.61250001192092907 0.8473193645477296
decision_type=2 2 2 2 2 2 2 2 2 2 2 2 2 2 2 2 2 2 2 2 2 2 2 2 2 2 2 2 2 2
left_child=1 3 13 10 12 20 7 -4 -7 -8 19 -12 24 17 -15 16 -14 -3 26 -1 -5 23 -23 -20 -2 -26 27 -6 -28 -17
right_child=4 2 6 5 18 8 9 -9 -10 -11 11 -13 15 14 -16 29 -18 -19 21 -21 -22 22 -24 -25 25 -27 28 -29 -30 -31
leaf_value=-0.049926654039103791 -0.096987626802462285 -0.025635708011699107 -0.0034796718527609532 -0.049603030729327834 -0.061086798005402426 -0.03555337697704903 0.0052081361814459697 0.049852981829123802 -0.0018867233613001763 0.03611420937997363 0.0043319714327707919 0.082330859678921231 0.016205153477570049 0.059728263640758485 0.027552316736130136 0.052651397011211944 -0.023374619339976883 0.017424762019939127 0.024878966263538419 0.003303115210932218 0.039496798498038777 -0.052513954006562585 0.026437908825310105 0.040916579934185175 0.034991342123059342 0.017175487292857124 0.04635975669052942 0.042106278463759611 0.050094919355765467 0.03894236184956773
leaf_weight=54.170716541761067 0.88333312794566055 30.599077525548637 3890.036004274385 430.14457064302405 0.44140728004276653 274.02626090042759 372.69721118640155 109.75684978719801 672.11804840312107 420.14938128460199 1278.379675772856 27.781472052680328 43.415500896517187 101.35731674544513 598.936077139806 6.8750742003321674 189.31579408980906 628.27349967206828 117.11973780929111 21.107173421652988 5.2995290228282093 6.312300080433487 8.3069301871582848 238.72902548103593 51.461153918877244 104.60798185924068 92.239944540895522 56.280449114972726 350.26342157647014 15.840084061026571
leaf_count=48919 16 222 48978 389841 5 205495 1687 3891 55015 11083 30395 1083 363 484 5741 36 2404 7081 4651 1338 828 128 167 12800 422 1633 4762 1820 24902 120
internal_value=0.00513154 0.00166258 0.00678974 -0.00975288 0.0292524 -0.0232615 0.00188833 -0.00201619 -0.0116374 0.021586 0.00375719 0.00599097 0.0018645 0.0240729 0.0322093 -0.0107373 -0.0159911 0.015425 0.0422394 -0.0350016 -0.0485187 0.0339299 -0.00765197 0.0356382 0.0223744 0.02305 0.0484059 0.0413032 0.0493163 0.0430916
internal_weight=10196.9 8914.83 6151.81 2763.03 1282.09 1381.59 4792.64 3999.79 946.144 792.847 1381.44 1306.16 412.399 1359.17 700.293 255.446 232.731 658.873 869.693 75.2779 435.444 370.468 14.6192 355.849 156.952 156.069 499.225 56.7219 442.503 22.7152
internal_count=866310 812081 79167 732914 54229 651179 65639 52869 260510 12770 81735 31478 4994 13528 6225 2923 2767 7303 49235 50257 390669 17746 295 17451 2071 2055 31489 1825 29664 156
is_linear=0
shrinkage=0.05


Tree=126
num_leaves=28
num_cat=0
split_feature=2 1 5 1 4 4 4 8 8 6 5 8 1 4 2 1 4 9 1 8 2 1 4 2 8 2 4
split_gain=320.57 144.734 113.12 271.334 101.296 88.7007 87.1845 60.0126 29.3644 21.2278 14.4825 20.0312 12.7443 16.6521 10.646 10.0546 9.86217 6.44129 6.08278 5.7848 4.9538 5.87478 3.3593 2.30192 0.180057 1.31348 0.000179144
threshold=0.89498746395111095 0.89699381589889537 1.0000000180025095e-35 0.37965516746044164 0.47395551204681402 0.41206791996955877 0.19367341697216037 4.5000000000000009 10.500000000000002 1.0000000180025095e-35 1.0000000180025095e-35 4.5000000000000009 0.81934732198715221 0.21631706506013873 0.94804319739341747 0.27622890472412115 0.40108695626258856 101.50000000000001 0.81016731262207042 7.5000000000000009 0.85880398750305187 0.91010102629661571 0.28136573731899267 0.91734972596168529 1.0000000180025095e-35 0.96824595332145702 0.45027472078800207
decision_type=2 2 2 2 2 2 2 2 2 2 2 2 2 2 2 2 2 2 2 2 2 2 2 2 2 2 2
left_child=1 2 6 4 -4 9 8 -8 -1 12 11 14 15 -14 -7 -2 -5 20 -13 23 22 -22 -3 -11 26 -26 -12
right_child=5 17 3 16 -6 10 7 -9 -10 19 24 18 13 -15 -16 -17 -18 -19 -20 -21 21 -23 -24 -25 25 -27 -28
leaf_value=0.0026998055757010107 -0.038866534425720189 0.037489371068223767 -0.028604799563581969 0.01625047858932531 0.0049988929283660988 0.025913018056032935 8.3157231953034271e-05 -0.011775574584515358 0.017422501696667963 0.022767761109714485 0.050535960676187291 -0.22676504405126177 0.016000123728362636 -0.0037935043424540287 0.04455678208831064 0.032678960990804869 0.03942953765696678 -0.07674581327977141 -0.018793187434525703 -0.1084193966466382 -0.10143301769279101 0.023685277047297802 0.051691228630403076 0.048417006420117835 0.049647481148505319 0.034111999606131947 0.050091507738531764
leaf_weight=1682.3334765342297 5.208017300348728 63.770635049790144 272.54036573524354 49.712592797644902 1266.0728814103641 131.12066661799327 1858.7870662196074 2504.0821490692324 424.04353885614546 10.562673351494594 2.2940307464450589 0.36082145199179549 265.16104942653328 177.31011330732144 184.04954575200099 86.005762158427387 596.84643291559769 1.0940330252051342 13.738252764800562 0.62880592606961627 1.0515313777141262 8.7039904086850566 119.97824013140053 50.900357982842252 105.56770891300403 15.618319321190937 193.84899601899087
leaf_count=158796 154 846 127009 1490 6844 5572 147942 276278 70122 313 78 12 5241 4113 11560 1494 18383 11 399 9 20 328 4012 2248 7014 1063 14959
internal_value=0.00493025 0.00159111 0.00063224 0.0104679 -0.000953456 0.0287138 -0.00269004 -0.0067232 0.00566369 0.0147956 0.0415381 0.034192 0.0115764 0.00806828 0.0368004 0.0285939 0.0376473 0.0442351 -0.0241156 0.0424654 0.0449191 0.010199 0.0467624 0.0440091 0.0491605 0.0476453 0.0500967
internal_weight=10091.4 8849.02 8654.42 2185.17 1538.61 1242.38 6469.25 4362.87 2106.38 595.777 646.598 329.269 533.685 442.471 315.17 91.2138 646.559 194.598 14.0991 62.0918 193.504 9.75552 183.749 61.463 317.329 121.186 196.143
internal_count=866310 812081 806864 153726 133853 54229 653138 424220 228918 13572 40657 17543 11002 9354 17132 1648 19873 5217 411 2570 5206 348 4858 2561 23114 8077 15037
is_linear=0
shrinkage=0.05


Tree=127
num_leaves=31
num_cat=0
split_feature=3 1 4 5 3 2 9 4 1 3 6 4 3 5 5 9 3 5 1 4 5 1 1 4 9 2 3 1 2 2
split_gain=306.348 308.883 176.483 148.431 235.503 160.237 128.757 190.255 74.9125 75.2082 68.6643 120.66 104.135 66.5417 51.8251 62.3547 54.6197 43.5817 43.5402 41.8484 31.5044 30.8701 38.2796 26.4933 26.2938 24.9644 10.7405 1.7396 2.49 1.39349
threshold=0.26969698071479803 0.76253134012222301 0.45027472078800207 1.0000000180025095e-35 0.65942031145095836 0.44920890033245092 26.500000000000004 0.47395551204681402 0.54631218314170849 0.15075758099555972 1.0000000180025095e-35 0.19063283503055575 0.061553031206130988 1.0000000180025095e-35 1.0000000180025095e-35 9.5000000000000018 0.1863425895571709 1.0000000180025095e-35 0.89699381589889537 0.35563012957572943 1.0000000180025095e-35 0.069366481155157103 0.11814556270837785 0.58995378017425548 28.500000000000004 0.55036231875419628 0.36038962006568914 0.97100839018821727 0.96824595332145702 0.85880398750305187
decision_type=2 2 2 2 2 2 2 2 2 2 2 2 2 2 2 2 2 2 2 2 2 2 2 2 2 2 2 2 2 2
left_child=6 2 21 4 -4 -5 7 8 9 -1 11 12 -8 -13 16 -16 -9 -10 20 24 23 26 -23 -3 -12 -21 -2 28 -20 -22
right_child=1 18 3 5 -6 -7 10 14 17 -11 19 13 -14 -15 15 -17 -18 -19 27 25 29 22 -24 -25 -26 -27 -28 -29 -30 -31
leaf_value=-0.044681827294476187 -0.028407030595338324 0.032882647245956624 -0.028392298074445533 0.00067640609339323688 0.0088014357723337818 0.034909480948329609 0.0029057100735079711 0.033026041404271254 -0.012662439088197686 -0.016179093496999929 0.18261566802232998 -0.026460552934648274 0.050753432689517902 0.0562737505681754 0.019572534601444962 0.090817497122095123 -0.015273639766321862 0.045625503947149822 0.045923603454572491 0.011505978732819989 0.037030047526993619 0.047674626464274825 0.02109418350778099 0.0076339822396356023 0.034675778302798381 -0.065373294485520136 0.0079594580259486 0.050086291143139262 0.029913179242786487 0.04714130455029264
leaf_weight=501.22525527194375 34.023752712644637 197.04529069107957 846.13988017197698 1068.7211675811559 856.30296181957237 502.58171729720198 1426.275347234623 84.470294311409816 663.00683553511044 429.97352734301239 3.0475021195597938 452.29574462154415 123.56619951181347 25.683191845135298 163.85306837549433 37.795652670552954 190.62489937269129 33.699113349663094 224.03279068996198 29.778017584700137 45.611227887449786 156.01550169102848 1027.6286424314603 219.77923063375056 207.8748677810654 16.361300570191815 50.34585696645081 248.79153665713966 27.237229087622836 134.72263328835834
leaf_count=580083 130 5272 6985 3543 9948 15846 44758 1568 34922 22350 61 66874 2858 2416 3676 592 3049 332 11389 345 1928 421 8276 6499 1674 160 128 19692 1788 8747
internal_value=0.00471951 0.0124298 0.00667798 0.000543902 -0.00968441 0.0116259 -0.0051854 -0.0141079 -0.0222433 -0.0315209 0.00303334 -5.27436e-05 0.00672053 -0.022015 0.0136713 0.0329262 -0.000442816 -0.0098431 0.0362383 0.0273778 0.0271237 0.0225149 0.0245977 0.0195698 0.0368133 -0.0157559 -0.00670606 0.0471226 0.0441881 0.0445839
internal_weight=10028.5 5638.98 4541.76 3273.75 1702.44 1571.3 4389.53 2104.65 1627.9 931.199 2284.88 2027.82 1549.84 477.979 476.744 201.649 275.095 696.706 1097.22 257.062 597.158 1268.01 1183.64 416.825 210.922 46.1393 84.3696 500.062 251.27 180.334
internal_count=866310 100592 45277 36322 16933 19389 765718 646572 637687 602433 119146 116906 47616 69290 8885 4268 4617 35254 55315 2240 22446 8955 8697 11771 1735 505 258 32869 13177 10675
is_linear=0
shrinkage=0.05


Tree=128
num_leaves=31
num_cat=0
split_feature=2 3 9 3 0 3 9 0 2 3 0 1 1 0 9 1 5 0 0 0 1 2 2 3 3 9 1 3 2 3
split_gain=286.664 178.788 177.437 170.715 131.609 129.246 92.7038 75.3552 59.9454 50.7031 41.9898 77.8207 53.7263 15.8215 14.5206 14.5932 14.3937 21.7582 14.1036 13.5676 11.4645 3.17529 2.67982 2.12258 2.0239 1.79683 1.06676 0.488105 0.404782 0.33671
threshold=0.89498746395111095 0.10762548446655275 25.500000000000004 0.12701612710952762 0.86607143282890331 0.86811593174934398 56.500000000000007 0.19090909510850909 0.57932874560356151 0.082207206636667265 0.2264957278966904 0.44562648236751562 0.4555336087942124 0.86607143282890331 75.500000000000014 0.81934732198715221 1.0000000180025095e-35 0.70714285969734203 0.63068181276321422 0.94444444775581371 0.27823315560817724 0.90070420503616344 0.97182539105415355 0.057983193546533592 0.16397849470376971 48.500000000000007 0.34549072384834295 0.12310606241226198 0.90070420503616344 0.11651583760976793
decision_type=2 2 2 2 2 2 2 2 2 2 2 2 2 2 2 2 2 2 2 2 2 2 2 2 2 2 2 2 2 2
left_child=1 2 8 14 5 6 -3 -7 19 -10 11 -4 -12 16 15 20 17 -5 -17 -1 -2 -16 -18 -23 25 -15 27 -6 -26 -28
right_child=3 4 10 13 26 7 -8 -9 9 -11 12 -13 -14 24 21 18 22 -19 -20 -21 -22 23 -24 -25 28 -27 29 -29 -30 -31
leaf_value=-0.049006249613907121 -0.068585414869995961 0.00046969255947169349 -0.048666547832744211 0.037148217761450823 0.082516955183195947 0.0086610052489520042 0.029955451760261584 0.041565979167260139 -0.034534742766748006 0.0069597807913626929 0.018790814611093689 0.023379468722623836 -0.004500314076706642 0.0078824434794501057 -0.038237968639929149 0.011121027380507806 0.049310957194051652 0.0061103589914956388 -0.012612811563663071 0.028265413341899071 0.026809521957510647 0.028063497897062913 0.013579322958801468 0.056956765657332799 0.028029501378972338 0.050861940054088228 0.037336914061814462 0.052957342572551969 0.04928105232265792 0.049961410312128772
leaf_weight=331.60523630105308 3.3416473264805964 5461.8334614902851 114.7642500801594 183.47406529914588 3.6376720666885367 356.55146765243262 280.24878401134629 339.81970752333291 174.30947382625891 127.44633621204412 328.13585100707132 55.659396895207465 1008.7811287160148 5.6799694839864951 1.5171235408633936 86.911513743922114 126.13374682841823 81.56812524353154 223.7126779537648 5.7797335730865589 54.781346842180938 23.843553078826517 5.4751220114994785 8.6668739020824415 2.2543172501027575 4.2523496299982071 5.4765198528766623 2.2667999481782317 370.4509906534804 148.41143835987896
leaf_count=497324 88 121846 80185 7428 2 1532 1580 9327 56289 3623 11019 7605 15915 37 14 822 9014 3232 3293 49 454 295 371 28 111 43 19 40 28999 5726
internal_value=0.00453449 0.00141057 -0.0111242 0.0276448 0.00548827 0.0043758 0.00190878 0.0247182 -0.033201 -0.0170096 -0.00176323 -0.0251367 0.00121631 0.0413053 0.00121441 -0.00166951 0.0343079 0.0275962 -0.00597217 -0.0476825 0.021325 0.0324666 0.0478245 0.0357661 0.0485589 0.0262834 0.0503124 0.0711687 0.0491525 0.0495121
internal_weight=9926.79 8744.73 2146.48 1182.06 6598.25 6438.45 5742.08 696.371 639.141 301.756 1507.34 170.424 1336.92 779.289 402.775 368.747 396.651 265.042 310.624 337.385 58.123 34.0276 131.609 32.5104 382.638 9.93232 159.792 5.90447 372.705 153.888
internal_count=866310 812081 672009 54229 140072 134285 123426 10859 557285 59912 114724 87790 26934 49235 4994 4657 20045 10660 4115 497373 542 337 9385 323 29190 80 5787 42 29110 5745
is_linear=0
shrinkage=0.05


Tree=129
num_leaves=31
num_cat=0
split_feature=0 5 1 8 8 8 8 0 1 0 1 0 4 0 0 6 4 8 9 4 5 1 1 1 9 8 0 0 1 4
split_gain=263.146 136.122 122.68 114.071 80.4463 79.3248 100.823 69.8763 62.0104 122.679 54.9782 45.6285 34.1846 46.5092 30.0136 25.3426 9.1365 6.98415 6.49634 6.25768 2.17785 2.66825 3.51445 2.6585 1.03512 0.563976 2.65154 0.152761 0.990544 0.0318736
threshold=0.61250001192092907 1.0000000180025095e-35 0.90121948719024669 8.5000000000000018 11.500000000000002 11.500000000000002 4.5000000000000009 0.94444444775581371 0.24417344480752948 1.0000000180025095e-35 0.1742581129074097 1.0000000180025095e-35 0.35316231846809393 0.86607143282890331 0.31666667759418493 1.0000000180025095e-35 0.18616051226854327 5.5000000000000009 7.5000000000000009 0.88924965262413036 1.0000000180025095e-35 0.93405798077583324 0.92403846979141246 0.96490147709846508 2.5000000000000004 1.0000000180025095e-35 0.36931818723678594 0.72077924013137828 0.83503401279449474 0.37850958108901983
decision_type=2 2 2 2 2 2 2 2 2 2 2 2 2 2 2 2 2 2 2 2 2 2 2 2 2 2 2 2 2 2
left_child=2 3 5 12 7 6 14 -5 10 -10 -7 -8 15 -14 -1 -2 -6 27 24 -20 21 22 -4 -23 -19 -22 -27 28 -3 -29
right_child=1 17 20 4 16 8 11 -9 9 -11 -12 -13 13 -15 -16 -17 -18 18 19 -21 25 23 -24 -25 -26 26 -28 29 -30 -31
leaf_value=-0.0036270882258433099 0.0084315022949147458 0.050114886439389231 0.035628163707184086 -0.064976812922755076 0.043773632415489705 0.0082917726966517911 -0.0045442633356192249 0.045430251023971469 0.04050601212202537 0.0032219687470541472 -0.015249577361086446 -0.018719714005252335 0.017233616228597027 0.045287347013741347 0.0058429682261024627 0.039308016425189732 0.0057350361619355186 0.03577919714135349 0.015337692109925897 -0.17333403185491505 0.050165414851405132 0.04381342732625125 0.010710650737054267 0.021264937009756731 0.048728468336813692 -0.032471621816399537 0.045604619925974775 0.05298706499161579 0.034999793473867453 0.049891851895285506
leaf_weight=1495.5680570141703 633.97023900179192 60.679167920723557 41.178349666995928 97.470310857752338 20.278394617605954 662.69312402835931 1089.1421411548217 16.801254655700177 351.53002553200349 592.50176068363362 396.33534081539256 1185.6669008015597 397.48841999610886 235.1362715534633 1899.0601796770352 74.237980182282627 71.256256526801735 31.238099551992491 24.53446742659435 0.44749655947089095 37.302417949773371 82.930610071634874 21.560248074121773 15.51799631025642 30.501276227878407 1.2104957543779153 10.695809374563394 8.6069195987656695 13.196329404250717 247.29854401003104
leaf_count=221663 12261 3635 899 859 211 50273 155385 122 34180 64518 71501 140021 9074 13206 53850 2447 993 1475 763 26 2375 1889 440 481 1078 67 730 190 963 20735
internal_value=0.00434648 0.0207261 0.000267315 0.0138938 -0.0207657 -0.000765598 -0.00378752 -0.0487438 0.00778761 0.0171055 -0.000518443 -0.0119327 0.0192137 0.0276607 0.00167075 0.0116681 0.014162 0.0460975 0.0334715 0.0119581 0.0379345 0.0351237 0.0270652 0.0402592 0.0421766 0.0471413 0.0376667 0.0494178 0.0474149 0.049996
internal_weight=9846.03 1963.14 7882.89 1546.64 205.806 7672.5 5669.44 114.272 2003.06 944.032 1059.03 2274.81 1340.83 632.625 3394.63 708.208 91.5347 416.502 86.7213 24.982 210.396 161.187 62.7386 98.4486 61.7394 49.2087 11.9063 329.781 73.8755 255.905
internal_count=866310 68038 798272 39173 2185 791391 570919 981 220472 98698 121774 295406 36988 22280 275513 14708 1204 28865 3342 789 6881 3709 1339 2370 2553 3172 797 25523 4598 20925
is_linear=0
shrinkage=0.05


Tree=130
num_leaves=31
num_cat=0
split_feature=3 0 0 9 3 5 0 0 0 2 6 9 2 5 0 2 6 0 8 8 9 8 2 0 3 8 8 8 2 9
split_gain=257.357 275.561 120.951 112.635 128.114 105.794 105.586 64.4185 252.927 200.17 59.4841 57.5279 63.9239 49.5239 54.1208 40.5869 56.1715 27.2268 19.6162 35.994 16.5295 5.65036 2.48604 1.63118 0.276133 1.18048 1.9079 0.0734211 2.10384 0.0439044
threshold=0.26969698071479803 0.86607143282890331 0.47222222387790685 26.500000000000004 0.070197045803070082 1.0000000180025095e-35 0.78888890147209179 0.069047622382640853 0.16025641560554507 0.45748709142208105 1.0000000180025095e-35 15.500000000000002 0.41897973418235784 1.0000000180025095e-35 0.2264957278966904 0.66323024034500133 1.0000000180025095e-35 0.064583335071802153 16.500000000000004 15.500000000000002 35.500000000000007 26.500000000000004 0.87585616111755382 0.94444444775581371 0.27429467439651495 1.5000000000000002 3.5000000000000004 5.5000000000000009 0.91476997733116161 10.500000000000002
decision_type=2 2 2 2 2 2 2 2 2 2 2 2 2 2 2 2 2 2 2 2 2 2 2 2 2 2 2 2 2 2
left_child=3 2 7 4 15 6 -4 9 -9 -2 13 12 -6 14 -5 23 -17 -13 19 -12 -15 -20 -7 -1 25 -3 -27 29 -29 -26
right_child=1 24 5 10 11 22 -8 8 -10 -11 18 17 -14 20 -16 16 -18 -19 21 -21 -22 -23 -24 -25 27 26 -28 28 -30 -31
leaf_value=-0.050656941625800769 0.0011553217982728 0.050111200597322131 0.016200684119541994 -0.020585739547674842 -0.018780337013222653 0.039136232018622673 -0.038955093016556835 -0.093377217437102672 -0.00044368763201995548 0.042496614135494382 0.023696044577699648 -0.006369476585188486 0.0037616700396911323 -0.026988356236204155 0.0023385689848384977 -0.021329182333099744 0.37901753529040982 -0.047692702966659693 -0.069034702226290087 0.10654387240686931 0.073984710186359479 0.010518853676378325 0.047687199359423886 -0.014759536937748917 0.050091499825293352 -0.11915545324046938 0.050479799123609108 0.048909724460298815 -0.059216432375269357 0.048736945420299368
leaf_weight=253.58401790019707 2192.4990322962403 2.6852079890668388 1168.5664428398013 304.23052705434384 466.93481926285313 266.32672103517689 93.728701781015843 80.776620114222169 781.93670530198142 337.92997133405879 227.8740945996251 60.208514987607487 963.35028929347754 4.710502194473519 1674.7646141138393 182.37562218186213 0.88038950553163786 117.94865971832769 6.7472690526628849 13.910465781344099 29.042923516361043 3.3353593510109931 124.84444114845246 3.204578877426683 326.95496407430619 0.29530137835536141 0.37783445417881012 30.593526024371389 0.45658821612596412 73.217348071280867
leaf_count=382715 8641 189 23061 85187 168718 11852 2167 532 8625 3221 1987 23720 38344 1912 29230 25313 32 7657 157 55 577 41 9636 73 26490 15 10 685 13 5455
internal_value=0.00415731 0.011347 0.00805713 -0.0049795 -0.0134751 0.0191458 0.0121052 0.00265367 -0.00914514 0.00667631 0.00270528 -0.00693477 -0.00359746 -0.000161299 -0.00118558 -0.037381 -0.0194059 -0.0337274 0.025613 0.0284625 0.0598933 -0.0427182 0.0418653 -0.050209 0.0495507 0.0352689 -0.0239384 0.0496619 0.0473197 0.0498437
internal_weight=9794.29 5481.19 5046.61 4313.1 2048.49 1653.47 1262.3 3393.14 862.713 2530.43 2264.62 1608.44 1430.29 2012.75 1979 440.045 183.256 178.157 251.867 241.785 33.7534 10.0826 391.171 256.789 434.581 3.35834 0.673136 431.222 31.0501 400.172
internal_count=866310 100592 67735 765718 646572 46716 25228 21019 9157 11862 119146 238439 207062 116906 114417 408133 25345 31377 2240 2042 2489 198 21488 382788 32857 214 25 32643 698 31945
is_linear=0
shrinkage=0.05


Tree=131
num_leaves=31
num_cat=0
split_feature=2 3 3 0 3 4 4 0 4 2 2 4 3 8 9 8 3 3 4 8 8 2 9 0 0 3 4 4 6 0
split_gain=239.773 161.527 160.92 120 95.5605 286.649 188.455 71.175 39.1138 27.3099 26.4081 24.6532 20.2887 19.941 15.0602 10.0948 9.06325 9.03369 21.2078 8.988 8.78638 6.24901 4.77318 4.52326 4.03695 1.49423 1.88684 1.36379 0.913833 0.499874
threshold=0.89498746395111095 0.12701612710952762 0.8603896200656892 0.86607143282890331 0.10762548446655275 0.072372794151306166 0.29280610382556921 0.16025641560554507 0.085960593074560179 0.17712418735027316 0.4654348641633988 0.42919799685478216 0.10435571894049646 1.0000000180025095e-35 3.5000000000000004 5.5000000000000009 0.55902779102325451 0.93933823704719555 0.9689110815525056 6.5000000000000009 8.5000000000000018 0.83424907922744762 17.500000000000004 0.2264957278966904 0.63068181276321422 0.26201373338699346 0.762799233198166 0.1003144644200802 1.0000000180025095e-35 0.61250001192092907
decision_type=2 2 2 2 2 2 2 2 2 2 2 2 2 2 2 2 2 2 2 2 2 2 2 2 2 2 2 2 2 2
left_child=2 8 3 4 5 -1 -6 9 22 20 -11 14 21 25 -10 16 -15 18 -9 -17 -4 -5 -2 -19 -24 26 -3 -14 -13 -27
right_child=1 13 7 12 6 -7 -8 17 11 10 -12 28 27 15 -16 19 -18 23 -20 -21 -22 -23 24 -25 -26 29 -28 -29 -30 -31
leaf_value=0.0044747392410179523 -0.10030341844054227 0.041490343991739356 0.045957503776629341 0.02107930284537134 0.0183886286981766 -0.033600111404268863 -0.003389425590513986 0.031456879970797595 0.0051654999448456189 -0.0059472742164201715 0.041365928160354129 0.046012625593636586 -0.017696685815078324 0.023429120648468096 -0.023950121441244584 -0.056218593616081905 0.040879787769794639 0.026317219738527159 -0.085566765466860192 0.024847081080476702 0.0087086243936942333 -0.025250439331066205 0.033472181378575099 0.046785275813890179 0.01576410529673181 0.045445003147801144 -0.014720645591536116 0.050630976810963839 0.015207435294213315 0.050073163302786244
leaf_weight=1211.3182370265713 0.80963201634585757 47.428899523685686 51.291742272675037 44.903126107528806 1284.0433512766031 835.1398438961769 4388.1140179604408 94.575390638550743 60.286188437603414 229.90865834243596 33.832605021074414 17.136678606271747 0.73452314175665279 137.27404978650156 168.69315447751433 6.0922980224713665 162.46092981938273 30.535538009367883 4.0368309237528583 7.7929393369704485 22.8997040130198 8.6862742528319341 47.334301277063787 232.61351247085258 100.56069050915539 74.682889628922567 1.5414271585177619 126.70270718634129 2.8009544285014263 266.64802388474345
leaf_count=23783 16 1728 217 405 33856 647694 89390 2454 628 642 540 127 26 6929 2139 128 10522 135 93 167 94 126 422 7764 1633 4762 97 4862 29 24902
internal_value=0.00399168 0.0259549 0.00117828 -0.000857326 -0.00180108 -0.0110632 0.00154061 0.0241605 0.000479623 0.00766085 0.000122041 -0.0116413 0.0393825 0.040345 -0.0162845 0.0309569 0.0328876 0.0395734 0.0266664 -0.0107214 0.0344604 0.0135697 0.0207688 0.0444102 0.0214316 0.0478887 0.039721 0.0502371 0.0416849 0.0490605
internal_weight=9700.88 1101.54 8599.34 7899.64 7718.62 2046.46 5672.16 699.694 397.622 337.933 263.741 248.917 181.027 703.921 228.979 313.62 299.735 361.761 98.6122 13.8852 74.1914 53.5894 148.705 263.149 147.895 390.301 48.9703 127.437 19.9376 341.331
internal_count=866310 54229 812081 800142 794723 671477 123246 11939 4994 1493 1182 2923 5419 49235 2767 17746 17451 10446 2547 295 311 531 2071 7899 2055 31489 1825 4888 156 29664
is_linear=0
shrinkage=0.05


Tree=132
num_leaves=31
num_cat=0
split_feature=3 1 4 5 4 4 3 1 9 9 3 5 3 9 1 9 1 1 5 1 4 4 4 1 6 3 3 8 1 1
split_gain=222.496 225.884 137.366 91.5975 150.957 150.287 141.164 115.224 103.982 101.826 73.1818 79.1069 72.8526 102.123 47.2757 41.3248 48.9383 38.0621 36.931 35.0126 31.5795 30.1354 29.8481 27.2578 19.9086 14.7351 9.6946 2.22496 2.23603 1.56975
threshold=0.36038962006568914 0.72821971774101268 0.45027472078800207 1.0000000180025095e-35 0.18731725215911868 0.53178024291992199 0.054804805666208274 0.3740671575069428 34.500000000000007 45.500000000000007 0.86811593174934398 1.0000000180025095e-35 0.11651583760976793 17.500000000000004 0.89009663462638866 9.5000000000000018 0.19098278135061267 0.34654632210731512 1.0000000180025095e-35 0.26500600576400762 0.62981480360031139 0.61710438132286083 0.36406117677688604 0.40682870149612432 1.0000000180025095e-35 0.22902098298072818 0.47338935732841497 1.0000000180025095e-35 0.94201681017875682 0.89699381589889537
decision_type=2 2 2 2 2 2 2 2 2 2 2 2 2 2 2 2 2 2 2 2 2 2 2 2 2 2 2 2 2 2
left_child=3 2 19 4 12 7 22 8 -5 -8 11 -4 13 -1 18 20 -17 -12 21 24 -7 -3 -6 -14 -2 -9 -21 29 -29 -16
right_child=1 14 10 5 6 15 9 25 -10 -11 17 -13 23 -15 27 16 -18 -19 -20 26 -22 -23 -24 -25 -26 -27 -28 28 -30 -31
leaf_value=-0.034279220033409351 0.017318433414394794 0.030324821398503201 -0.013084834272159528 -0.03087417293575755 -0.047211363094963647 0.013574490065351491 -0.014865735316141557 0.043755062684541067 0.065775442133250206 0.013751105847677343 0.0068424811286189914 0.0059378321798629341 0.0089015883567912669 0.0046550151199650563 0.0074240512622956558 0.14469093518512263 0.0465944259514115 0.035434248358142073 0.043443030355946384 0.022086471841335279 0.053380226230426278 0.0052488700093131467 0.034246527714769485 0.041024916689691639 -0.013197274297804117 0.0035253537847886578 0.037329882417879864 0.043731592567568325 0.025616571808950214 0.048555041269386583
leaf_weight=189.51289567601634 283.24326812196523 223.41391753195785 1103.5226673865691 274.71913817073801 326.84159138385439 99.279707625508308 1679.1343328100047 102.62926498701563 30.96591040387284 381.47449470940046 308.96467342134565 1082.7810331361834 110.61111551045906 1513.4576492547058 2.3383107269182792 20.088590156286955 34.633226337842643 186.75877731526271 179.58538797008805 154.15218938048929 100.02601294498891 258.3729264086578 11.646525950724024 163.87375049479306 65.879753346554935 29.248180486261845 322.563286755234 70.456036101095378 22.46702439931687 291.58486642863136
leaf_count=143356 818 5810 9507 128406 318011 1527 109098 2162 579 6778 1484 11591 3746 54973 116 65 843 6667 11673 1216 1557 7085 2257 1173 235 755 3512 4640 1704 24966
internal_value=0.00382714 0.0118453 0.00575949 -0.00338095 -0.00605301 0.0135285 -0.0144836 -0.00423087 -0.0210836 -0.00956798 0.000269089 -0.00366374 0.00417523 0.000322269 0.0322116 0.044119 0.082606 0.0176141 0.0240906 0.0235904 0.0335519 0.0168771 -0.0444086 0.02808 0.0115601 0.0348328 0.0324007 0.0460957 0.0393517 0.0482278
internal_weight=9624.23 4556.08 3507.87 5068.14 4376.55 691.59 2399.1 437.562 305.685 2060.61 2682.03 2186.3 1977.46 1702.97 1048.22 254.028 54.7218 495.723 661.372 825.838 199.306 481.787 338.488 274.485 349.123 131.877 476.715 386.846 92.9231 293.923
internal_count=866310 91024 35030 775286 639392 135894 436144 131902 128985 115876 29249 21098 203248 198329 55994 3992 908 8151 24568 5781 3084 12895 320268 4919 1053 2917 4728 31426 6344 25082
is_linear=0
shrinkage=0.05


Tree=133
num_leaves=31
num_cat=0
split_feature=0 3 3 5 1 4 3 3 4 0 5 3 4 4 4 9 1 3 1 1 3 9 0 3 1 9 3 8 3 1
split_gain=213.79 160.745 157.568 125.504 218.497 125.037 142.241 131.71 85.2298 76.5149 34.1691 23.0678 65.9102 17.9767 34.8145 18.619 16.2902 16.1134 9.91187 6.73125 10.2093 6.40281 3.67623 1.25071 2.09178 0.694797 0.64589 0.128105 0.292255 1.92471e-05
threshold=0.86607143282890331 0.82971012592315685 0.11882352828979494 1.0000000180025095e-35 0.37965516746044164 0.21070533245801928 0.082207206636667265 0.061553031206130988 0.47395551204681402 0.19090909510850909 1.0000000180025095e-35 0.89736840128898632 0.95030865073204052 0.35316231846809393 0.11586575210094453 58.500000000000007 0.13100686669349673 0.71825397014617931 0.41421362757682806 0.88303694128990184 0.0745370388031006 2.5000000000000004 0.31666667759418493 0.23303167521953586 0.29217478632926946 4.5000000000000009 0.22902098298072818 1.0000000180025095e-35 0.30602006614208227 0.99206349253654491
decision_type=2 2 2 2 2 2 2 2 2 2 2 2 2 2 2 2 2 2 2 2 2 2 2 2 2 2 2 2 2 2
left_child=1 3 13 5 8 7 -7 -1 -5 10 18 12 -11 14 21 -16 -12 -6 -3 25 -21 -2 -13 24 -4 -15 -26 29 -29 -25
right_child=2 9 23 4 17 6 -8 -9 -10 11 16 22 -14 19 15 -17 -18 -19 -20 20 -22 -23 -24 27 26 -27 -28 28 -30 -31
leaf_value=-0.0035847757292190386 -0.077264910832590114 0.015506976018432209 -0.022319846586971621 -0.027046601341092685 0.038310445566782342 -0.045087681650158855 -0.0071338441756035407 0.021467101770288016 0.0055084786069030276 0.027935548191515641 0.011560758500575936 0.031764122487438574 -0.1167235615458117 0.041015172540295138 -0.028952921658698134 0.031019510441002901 -0.019901207733430931 0.0017888893861564153 0.047309761247414484 0.07297503225684103 -0.00063111137977923482 0.018292104564239471 0.046184337442815686 0.050092432611811594 0.043440120095238781 0.066257068408309916 0.0045417167217102396 0.039653181131638036 0.048837719443986717 0.05006433723429829
leaf_weight=1548.7542525091849 1.7838660497218359 196.44088447093964 1.2885486166924227 248.78478363531758 543.53929907752899 265.70129355875542 3481.5450369596947 793.4494808484742 1047.7102584980894 135.07610101834871 61.438639920204878 53.288781906943768 8.3615244992542994 3.7398327533155671 115.69360545231029 14.571788817644117 124.54567242320627 31.978289899299853 27.990969110280275 6.1246880050748613 20.408872189000249 101.36373786209151 259.07138456520624 90.543728617019951 39.493077314691618 10.058081919327376 1.0968110021203745 9.4023954645963368 109.90099185926374 186.56053798086941
leaf_count=256129 42 569 14 127012 20877 251534 95680 51821 5877 3455 188 479 193 16 1852 46 677 1526 421 13 128 1539 11228 7225 1118 23 64 381 6476 19707
internal_value=0.00367147 0.00154567 0.0300269 -0.000679848 0.0106425 -0.00416056 -0.00982499 0.00490185 -0.000738524 0.0220006 0.00634019 0.0361019 0.0195028 0.000265012 -0.00506112 -0.0222443 -0.00950796 0.0362811 0.0194734 0.0310893 0.0163592 0.0166395 0.0437242 0.0486156 0.040398 0.0594154 0.042389 0.0494837 0.0481139 0.0500735
internal_weight=9539.71 8827.68 712.031 7961.46 1872.01 6089.45 3747.25 2342.2 1296.5 866.214 410.416 455.798 143.438 273.744 233.413 130.265 185.984 575.518 224.432 40.3315 26.5336 103.148 312.36 438.286 41.8784 13.7979 40.5899 396.408 119.303 277.104
internal_count=866310 827666 38644 810456 155292 655164 347214 307950 132889 17210 1855 15355 3648 3659 3479 1898 865 22403 990 180 141 1581 11707 34985 1196 39 1182 33789 6857 26932
is_linear=0
shrinkage=0.05


Tree=134
num_leaves=31
num_cat=0
split_feature=2 3 3 1 5 1 0 3 2 1 8 5 3 1 3 5 1 3 3 1 3 1 3 3 8 0 3 2 3 1
split_gain=208.054 141.979 131.122 109.993 86.8942 168.477 66.1264 65.3276 23.9333 28.3561 20.7134 14.0591 14.821 10.9717 12.9354 13.0438 10.6579 10.2373 16.988 10.013 9.95088 9.74157 7.75913 34.6815 4.12099 3.64529 2.72103 1.66597 1.59955 1.65427
threshold=0.89498746395111095 0.12701612710952762 0.8603896200656892 0.89699381589889537 1.0000000180025095e-35 0.37965516746044164 0.19090909510850909 0.47338935732841497 0.17712418735027316 0.41421362757682806 1.0000000180025095e-35 1.0000000180025095e-35 0.68585526943206798 0.81934732198715221 0.079473681747913374 1.0000000180025095e-35 0.92940199375152599 0.89736840128898632 0.89181286096572887 0.27823315560817724 0.065591398626565947 0.04124149680137635 0.054804805666208274 0.061553031206130988 1.0000000180025095e-35 0.31666667759418493 0.098387096077203764 0.96824595332145702 0.26201373338699346 0.14174107462167743
decision_type=2 2 2 2 2 2 2 2 2 2 2 2 2 2 2 2 2 2 2 2 2 2 2 2 2 2 2 2 2 2
left_child=2 13 3 4 7 -6 8 -1 21 -10 28 12 -12 19 16 -16 -15 18 -8 26 -21 -4 24 -24 -5 -19 -2 -13 29 -3
right_child=1 10 6 22 5 -7 17 -9 9 -11 11 27 -14 14 15 -17 -18 25 -20 20 -22 -23 23 -25 -26 -27 -28 -29 -30 -31
leaf_value=-0.0076660056510572897 -0.04937908866697726 -0.054902595936226942 -0.03092389485638149 0.032790492690587418 -0.0013245908282603126 0.033358850786473965 0.023364376358636193 0.0045873718020526255 -0.0047182115603129583 0.047231953686265642 0.011768659653331029 0.048782915101960117 0.039654955455897617 -0.0096692501811646379 -0.020130220080958487 0.046675701113515593 0.013624865873109036 0.030733542579012653 -0.12676207001607734 -0.00022467664207345998 0.042301861747234541 0.038800514134910688 0.35262420253044119 0.04572434223105605 -0.005762286680579703 0.045629175404129821 -0.19243258113983719 0.028409813021306931 0.048911406712171361 0.039818334707399289
leaf_weight=4408.0986995116691 2.7354728030040856 0.46572098042815824 5.4277007654309264 21.209655963815749 1308.5712894494063 478.04659853404155 40.502654513111338 1444.0805960146245 247.66965485271066 29.383493971079588 126.79791110916995 76.956756301573478 76.329380603972822 78.675041208043694 111.5661952495575 7.8186047598719588 130.64360239123926 50.685141460038722 1.9763286467641581 22.917439963668585 34.408698804676533 65.02664877846837 0.92808494158089061 113.27718012197874 10.296599876601251 216.57447880832478 0.37839411199092854 11.53899870731402 300.17956000205595 45.003185359761119
leaf_count=634387 86 5 28 204 132927 15434 967 12975 608 631 5198 7103 4374 1446 368 61 2537 423 56 413 81 283 2 4077 136 8943 2 1071 29664 1820
internal_value=0.00352015 0.0247761 0.000935691 -0.000874979 -0.00169584 0.00795568 0.0223815 -0.00464237 0.00740848 0.00079148 0.0393077 0.0294938 0.0222475 0.000978745 -0.00262133 -0.015755 0.00486948 0.0391803 0.0163798 0.0205578 0.0253009 0.033429 0.0421582 0.0482184 0.020191 0.0428043 -0.0667628 0.0461265 0.0475876 0.0388481
internal_weight=9468.17 1026.41 8441.75 7784.51 7638.8 1786.62 657.246 5852.18 347.507 277.053 637.272 291.623 203.127 389.143 328.703 119.385 209.319 309.739 42.479 60.44 57.3261 70.4543 145.712 114.205 31.5063 267.26 3.11387 88.4958 345.648 45.4689
internal_count=866310 54229 812081 800142 795723 148361 11939 647362 1550 1239 49235 17746 9572 4994 4412 429 3983 10389 1023 582 494 311 4419 4079 340 9366 88 8174 31489 1825
is_linear=0
shrinkage=0.05


Tree=135
num_leaves=31
num_cat=0
split_feature=2 3 3 1 5 1 0 3 2 1 0 9 5 0 1 1 3 3 3 9 1 3 3 0 9 9 2 2 2 9
split_gain=193.43 137.298 121.262 102.549 78.8525 157.482 64.0727 59.0017 24.225 26.1048 17.4608 15.8901 14.55 21.6978 11.2299 13.692 10.2507 9.70988 9.48845 9.4458 9.1477 7.69415 21.7943 4.91977 4.70949 4.42304 3.48223 0.824668 0.511405 5.21773
threshold=0.89498746395111095 0.16397849470376971 0.8603896200656892 0.89699381589889537 1.0000000180025095e-35 0.37965516746044164 0.16025641560554507 0.47338935732841497 0.17712418735027316 0.41421362757682806 0.86607143282890331 37.500000000000007 1.0000000180025095e-35 0.78888890147209179 0.81934732198715221 0.28464819490909582 0.079473681747913374 0.93933823704719555 0.082207206636667265 4.5000000000000009 0.04124149680137635 0.054804805666208274 0.061553031206130988 0.31666667759418493 78.500000000000014 101.50000000000001 0.97182539105415355 0.90999102592468273 0.90070420503616344 17.500000000000004
decision_type=2 2 2 2 2 2 2 2 2 2 2 2 2 2 2 2 2 2 2 2 2 2 2 2 2 2 2 2 2 2
left_child=2 11 3 4 7 -6 8 -1 20 -10 12 14 13 -3 15 -2 -16 19 24 -8 -4 25 -23 -19 -13 -5 -14 -20 29 -12
right_child=1 10 6 21 5 -7 17 -9 9 -11 28 18 26 -15 16 -17 -18 23 27 -21 -22 22 -24 -25 -26 -27 -28 -29 -30 -31
leaf_value=-0.0072876257493344684 -0.088156698156871716 0.031056845781432731 -0.028529673996496075 0.022976508645059662 -0.0012583739426744898 0.032625134700948383 0.0020981447680491656 0.004373985311171987 -0.0059728143885199453 0.046769240122326902 0.050175009392260418 0.003209045529170753 0.04954714760975823 -0.012686065968918381 0.0010327503979698019 0.027553907153269826 -0.019393639133141204 0.031214159697423145 0.014234476460182131 0.036143808948546213 0.038249935233068522 0.26118841186573299 0.045316635605030332 0.047814729592064523 0.029192738906134143 -0.081724759014741036 0.0035116012837374116 0.045767167744221106 0.04896328486025707 -0.23883356487974516
leaf_weight=4405.1991392648779 2.7411747314035884 187.92156694969162 5.5847970284521571 30.031950726173822 1308.5583551860764 464.70057261211332 31.98099114978686 1438.9389796284959 233.54238570574671 26.08099212590605 1.6056366125121702 71.663434363901615 94.392113493289798 33.385565711650997 130.43257282627746 37.964077241253108 116.08372317906469 61.077921686228365 2.2630416378378895 56.129374232608825 62.723262032493949 1.1819207444787014 108.69779648655094 165.74618545128033 23.046838910784572 1.0437452681362618 4.2947108236839986 24.751762362197042 271.41012460645288 0.17299754079431284
leaf_count=634387 85 9226 28 330 132927 15434 863 12975 578 604 103 915 9002 1381 2940 334 437 432 9 1684 283 2 4077 7467 285 10 370 135 28999 8
internal_value=0.00337378 0.0241373 0.000897027 -0.000832139 -0.00161411 0.00762114 0.0217653 -0.00441631 0.00629617 -0.000674505 0.0395039 0.00184774 0.0315777 0.024458 -0.00456851 0.0197617 -0.00858597 0.0378728 0.0169875 0.0237864 0.0327901 0.0414262 0.0476387 0.0433446 0.00953193 0.0194599 0.0475437 0.0431257 0.0487882 0.0220648
internal_weight=9403.35 1002.13 8401.22 7758.35 7617.4 1773.26 642.866 5844.14 327.931 259.623 593.183 408.947 319.994 221.307 287.222 40.7053 246.516 314.934 121.725 88.1104 68.3081 140.955 109.88 226.824 94.7103 31.0757 98.6868 27.0148 273.189 1.77863
internal_count=866310 54229 812081 800142 795723 148361 11939 647362 1493 1182 49089 5140 19979 10607 3796 419 3377 10446 1344 2547 311 4419 4079 7899 1200 340 9372 144 29110 111
is_linear=0
shrinkage=0.05


Tree=136
num_leaves=31
num_cat=0
split_feature=0 3 3 5 0 4 3 8 0 4 4 5 4 4 4 8 3 4 9 9 3 8 9 3 4 9 3 8 3 5
split_gain=179.656 149.019 128.855 87.7759 193.487 115.577 227.267 105.867 69.6628 66.3061 23.8578 20.6768 16.7818 30.7219 18.695 10.3093 9.99037 24.9848 7.10428 6.07404 5.05427 8.14898 4.02837 1.36276 0.68243 5.93657 0.480925 0.141476 0.312896 1.0822e-05
threshold=0.86607143282890331 0.11882352828979494 0.8603896200656892 1.0000000180025095e-35 0.2264957278966904 0.50225225090980541 0.32575757801532751 4.5000000000000009 0.19090909510850909 0.45738498866558081 0.9689110815525056 1.0000000180025095e-35 0.35316231846809393 0.11586575210094453 0.15638586878776553 22.500000000000004 0.89736840128898632 0.9689110815525056 5.5000000000000009 2.5000000000000004 0.0745370388031006 1.5000000000000002 1.0000000180025095e-35 0.23303167521953586 0.34296141564846044 12.500000000000002 0.15075758099555972 1.0000000180025095e-35 0.30602006614208227 1.0000000180025095e-35
decision_type=2 2 2 2 2 2 2 2 2 2 2 2 2 2 2 2 2 2 2 2 2 2 2 2 2 2 2 2 2 2
left_child=2 12 3 5 9 6 -1 -7 11 -5 -6 18 13 19 -15 -13 17 -10 -4 -2 -14 -22 -18 24 26 -26 -3 29 -29 -25
right_child=1 23 8 4 10 7 -8 -9 16 -11 -12 15 20 14 -16 -17 22 -19 -20 -21 21 -23 -24 27 25 -27 -28 28 -30 -31
leaf_value=-0.0055610701480352069 -0.078751138060052683 0.035529277335241832 0.023165924639542201 -0.024604387132380178 0.037731015126466434 -0.00089129604941405789 0.020413921282755487 -0.02660623102829196 0.026131285717919995 0.0046271440980759282 -0.093855450843104926 -0.010508576143306985 0.066980941670798544 -0.081072696543053602 -0.015217032660415145 0.0275948727040853 0.046960106457106451 -0.14174874156525596 -0.0039760424128143356 0.017245278445833827 0.0025664576129707743 0.054826208840375951 0.034028507533894331 0.050072880012606992 0.046882322844463448 -0.030851621263728393 0.050473837104070246 0.038794967143975845 0.048681179643326092 0.050051336353794267
leaf_weight=3449.2894994223607 1.6758993715047825 8.5923323556780833 147.40334683004767 233.73507456076914 468.44518518089899 740.25469541829079 1114.0975539237261 871.41775783267803 43.20743699837476 1140.9951676474884 3.4701841357164076 145.72301418147981 7.4784256927669039 11.855771630071102 118.38057374116033 20.214233361184597 187.07587281917222 2.3360672239214173 28.823154915124178 98.320346262305975 20.725655181333423 11.653896063566206 88.814552651369013 139.52844807971269 12.22653513564728 3.0735865160822859 14.414262160658835 8.7055880742846039 99.238884632126428 100.12050379393622
leaf_count=627407 42 49 589 126390 20836 11383 10302 7935 1312 8609 186 707 17 215 1683 49 8182 46 208 1539 133 30 3525 13972 554 140 453 381 6476 12960
internal_value=0.00323274 0.0284635 0.00132709 -0.000424562 0.00913974 -0.00328476 0.00078042 -0.0147951 0.0225014 -0.000342874 0.0367634 0.00679967 -2.2049e-05 -0.00520777 -0.0212121 -0.00586687 0.0392157 0.0175202 0.0187267 0.0156364 0.0299323 0.0213755 0.0427972 0.0484005 0.0394502 0.0312666 0.0448925 0.0493869 0.0478839 0.0500639
internal_weight=9341.29 655.991 8685.3 8021.71 1846.65 6175.06 4563.39 1611.67 663.598 1374.73 471.915 342.164 270.091 230.233 130.236 165.937 321.434 45.5435 176.227 99.9962 39.858 32.3796 275.89 385.9 38.3067 15.3001 23.0066 347.593 107.944 239.649
internal_count=866310 38644 827666 813048 156021 657027 637709 19318 14618 134999 21022 1553 3659 3479 1898 756 13065 1358 797 1581 180 163 11707 34985 1196 694 502 33789 6857 26932
is_linear=0
shrinkage=0.05


Tree=137
num_leaves=31
num_cat=0
split_feature=2 3 3 1 3 4 4 0 4 1 2 3 3 4 8 1 4 8 3 3 3 4 8 0 0 2 0 2 2 3
split_gain=171.167 127.203 103.496 90.7214 62.6268 243.538 157.778 58.5221 26.4966 25.9933 32.6699 22.7653 20.945 51.22 20.8353 19.1211 17.8548 9.75079 8.58727 7.36577 15.2704 14.6827 7.26668 4.16094 4.04465 3.68061 3.0476 1.63643 1.15807 1.06042
threshold=0.89498746395111095 0.16397849470376971 0.82971012592315685 0.89699381589889537 0.10762548446655275 0.072372794151306166 0.29280610382556921 0.19090909510850909 0.085960593074560179 0.41421362757682806 0.28743545711040502 0.057983193546533592 0.89736840128898632 0.95030865073204052 1.0000000180025095e-35 0.81934732198715221 0.36406117677688604 5.5000000000000009 0.68585526943206798 0.054804805666208274 0.061553031206130988 0.072372794151306166 6.5000000000000009 0.61250001192092907 0.31666667759418493 0.9759001135826112 0.10555555671453477 0.94185259938240062 0.93788579106330883 0.2639319002628327
decision_type=2 2 2 2 2 2 2 2 2 2 2 2 2 2 2 2 2 2 2 2 2 2 2 2 2 2 2 2 2 2
left_child=2 8 3 4 5 -1 -6 9 23 10 -4 16 13 -9 28 -13 -10 18 -16 21 -21 -5 -19 27 -14 -25 -11 -2 29 -3
right_child=1 14 7 19 6 -7 -8 12 11 26 -12 15 24 -15 17 -17 -18 22 -20 20 -22 -23 -24 25 -26 -27 -28 -29 -30 -31
leaf_value=0.0048124678075499557 0.02504417909057817 0.015500962207133076 0.014627299820008044 0.03401675002968052 0.016766719106761783 -0.03096667572585466 -0.0035446789883261639 0.025381836009545591 -0.040658714944248463 0.050572200569707439 -0.015457415881907764 0.03151664000342929 0.028413361900129191 -0.098067428692356684 0.023530953302173068 -0.0069690682030540234 0.067774608186857238 -0.057354254843122787 0.042880783632055219 0.21227804545606405 0.044625938497437546 -0.060601885204853316 0.02017065734527751 -0.00049794024806858498 0.044956965485900308 0.020305107163750606 -0.0051754068669715957 0.045100327358954202 0.048937695087504889 0.042398849536780608
leaf_weight=1206.9839181419229 30.580076572485268 4.2692171654198345 203.34302116371691 25.581644749734554 1237.7074333358905 784.88382767158328 4202.364878199005 115.28925197548233 59.027552287792787 32.39463758841157 162.23674816917628 40.344890095293522 45.857097277417779 9.0628939443267864 157.70132623065729 161.33489908650517 4.0573164075613013 5.5662427144125086 90.094827592256479 1.3772174604237069 98.522196447011083 4.8826451660133889 6.6147736236453056 31.833941817749292 190.11061724333558 64.024257586337626 2.6523020043969145 15.238684579730032 262.43377477023751 25.856211205245927
leaf_count=23823 257 109 643 228 33875 647821 88346 2618 2325 730 441 115 423 151 10369 624 5 126 7022 2 3890 112 165 515 8943 1134 35 165 29328 1970
internal_value=0.0030978 0.0231008 0.000793111 -0.000975511 -0.00170082 -0.00928609 0.0010765 0.0183697 0.00186858 0.00521967 0.00127632 -0.00747011 0.0329908 0.0163847 0.0387191 0.000729778 -0.0336848 0.0284193 0.0305663 0.040374 0.0469372 0.0188518 -0.0152552 0.0193206 0.0417419 0.0133965 0.0463533 0.0317146 0.0478719 0.038587
internal_weight=9282.23 958.978 8323.25 7562.3 7431.94 1991.87 5440.07 760.947 406.442 400.627 365.58 264.765 360.32 124.352 552.536 201.68 63.0849 259.977 247.796 130.364 99.8994 30.4643 12.181 141.677 235.968 95.8582 35.0469 45.8188 292.559 30.1254
internal_count=866310 54229 812081 798097 793865 671644 122221 13984 5140 1849 1084 3069 12135 2769 49089 739 2330 17682 17391 4232 3892 340 291 2071 9366 1649 765 422 31407 2079
is_linear=0
shrinkage=0.05


Tree=138
num_leaves=31
num_cat=0
split_feature=2 3 1 8 2 2 8 1 1 3 4 4 9 3 3 4 2 3 3 4 3 8 2 1 2 1 3 8 9 3
split_gain=160.638 135.153 108.43 85.0348 109.542 88.6772 80.9766 68.1947 54.4817 73.1042 38.8355 38.731 28.8813 27.7574 20.3538 23.9797 20.2192 14.0265 8.00883 11.8775 11.8605 6.65845 5.45849 3.99579 12.0933 5.58055 2.23832 0.470149 0.4059 0.351715
threshold=0.84273937344551098 0.16397849470376971 0.87652438879013073 11.500000000000002 0.17712418735027316 0.41223156452178961 5.5000000000000009 0.069366481155157103 0.24417344480752948 0.19292803853750232 0.11586575210094453 0.41206791996955877 77.500000000000014 0.89736840128898632 0.86515152454376232 0.90950042009353649 0.99599999189376842 0.55902779102325451 0.054804805666208274 0.072372794151306166 0.061553031206130988 1.0000000180025095e-35 0.85880398750305187 0.52679425477981578 0.90999102592468273 0.79008570313453685 0.098387096077203764 8.5000000000000018 105.50000000000001 0.22401433438062671
decision_type=2 2 2 2 2 2 2 2 2 2 2 2 2 2 2 2 2 2 2 2 2 2 2 2 2 2 2 2 2 2
left_child=2 10 3 4 7 -6 16 -1 9 -5 23 12 -12 -10 15 -8 17 -3 19 21 -20 -4 -13 24 -2 -25 -22 -16 -21 -18
right_child=1 6 18 8 5 -7 14 -9 13 -11 11 22 -14 -15 27 -17 29 -19 20 28 26 -23 -24 25 -26 -27 -28 -29 -30 -31
leaf_value=-0.00297740573593836 -0.087624425407318934 0.023190397461319907 0.049963364012118601 -0.036934401196772618 -0.016942592272451391 -0.0020933712548919466 -0.0074600566646393449 0.036633329708252539 0.013499790954053098 0.0046984178573694114 -0.020109886670239135 -0.023684554826322844 0.042150499470642748 0.041333092624998652 0.050187155277996442 -0.099113226527975634 0.040678861634235869 0.038407700114051507 0.1877012442830342 -0.054565143416831247 0.021065477592101131 -0.00047303252540931395 0.038980448718309191 0.030182723063648605 0.034416238408811105 0.01206080735344027 0.047597557913473434 0.032379960552739374 -0.10557017077593292 0.050052618579610658
leaf_weight=189.48023956676479 3.5930471508763713 291.74587570130825 17.432829699479043 119.29327209325857 1384.4746509337274 3672.142572555691 112.22885149926879 254.74255887820618 891.15411597894854 908.05569293466397 313.54574905929621 3.804816458374261 19.803015694022179 99.585367647465318 11.968404374085369 7.6211813522968432 10.576616327278314 314.85603623243514 1.4888478517532338 3.6773839700035742 8.5590728856623155 10.476134049240502 40.096037853509188 57.283147071488202 4.6659840401262045 164.41858414607123 111.54998110793531 5.3697036532685152 0.43634532392024983 185.80340183526278
leaf_count=3210 22 13718 123 114216 263931 298920 1859 3332 97483 7559 4371 18 95 3443 505 189 698 20202 1 109 20 105 232 444 52 2232 4889 131 2 24199
internal_value=0.00296644 0.0176625 2.56992e-06 -0.000847045 -0.00406771 -0.00615901 0.029538 0.0197376 0.00793175 -0.000135884 -0.000724769 -0.0105973 -0.0164112 0.0162975 -0.00596307 -0.0132882 0.0356033 0.0310889 0.0415868 0.0193402 0.0474454 0.0310312 0.0335494 0.015471 -0.0186769 0.0167431 0.0457069 0.0446722 -0.0599753 0.0495478
internal_weight=9219.93 1547.38 7672.55 7518.93 5500.84 5056.62 940.17 444.223 2018.09 1027.35 607.21 377.25 333.349 990.739 137.188 119.85 802.982 606.602 153.621 32.0227 121.598 27.909 43.9009 229.961 8.25903 221.702 120.109 17.3381 4.11373 196.38
internal_count=866310 68967 797343 792094 569393 562851 61501 6542 222701 121775 7466 4716 4466 100926 2684 2048 58817 33920 5249 339 4910 228 250 2750 74 2676 4909 636 111 24897
is_linear=0
shrinkage=0.05


Tree=139
num_leaves=31
num_cat=0
split_feature=0 3 3 1 3 4 4 0 4 1 4 4 1 3 4 9 4 0 9 6 1 9 1 3 1 3 3 8 3 1
split_gain=154.033 137.705 107.371 80.424 65.3322 176.912 158.153 63.2735 16.1502 15.1584 16.355 23.8365 14.4398 11.1759 22.7636 10.7209 12.2868 8.5164 6.03435 5.79929 4.95454 4.60034 2.9843 1.46901 1.97315 1.43323 0.809964 0.152895 0.334248 9.92305e-06
threshold=0.86607143282890331 0.11882352828979494 0.8603896200656892 0.90121948719024669 0.18019481003284457 0.33215962350368505 0.16613588482141498 0.2264957278966904 0.50225225090980541 0.75255101919174205 0.085960593074560179 0.35563012957572943 0.50423729419708263 0.89736840128898632 0.9689110815525056 2.5000000000000004 0.3031544983386994 0.84523808956146251 5.5000000000000009 1.0000000180025095e-35 0.9529346525669099 1.0000000180025095e-35 0.93844696879386913 0.23303167521953586 0.29217478632926946 0.089572194963693633 0.22902098298072818 1.0000000180025095e-35 0.30602006614208227 0.99206349253654491
decision_type=2 2 2 2 2 2 2 2 2 2 2 2 2 2 2 2 2 2 2 2 2 2 2 2 2 2 2 2 2 2
left_child=2 9 3 4 6 -6 -1 8 19 15 20 -12 -10 14 -9 25 -17 22 -19 -4 -11 -15 -5 24 -3 -2 -26 29 -29 -25
right_child=1 23 7 17 5 -7 -8 13 12 10 11 -13 -14 21 -16 16 -18 18 -20 -21 -22 -23 -24 27 26 -27 -28 28 -30 -31
leaf_value=0.0031679820853652008 -0.064283716370597307 -0.022619404876888748 0.035669547078779722 0.025834647181133243 0.019010297759050741 -0.0030266860676857526 -0.021800138767759721 0.024297644806782884 -0.0012337990468397726 -0.0093506005964401322 -0.027069891113085394 0.022207905088395805 0.047233799595028186 0.048066938695983802 -0.1325537875130216 0.013732000247902849 0.071512865822689717 0.050109803593034533 -0.23798447725522967 -0.00060607586848512765 0.020314426387194644 0.033272604545394067 0.038625907940190489 0.050071105091216629 0.042063408219922972 -0.167478339442797 -0.0064063754417399187 0.037939036624064421 0.048534478152402687 0.050047834376997419
leaf_weight=1451.8989268098376 0.70828073192387708 1.2716127010062326 55.694606261327863 83.308760231360793 1180.2688159687677 3988.0918856618227 1126.1686325174232 40.207517751608975 265.51614609081298 18.655040050856769 107.39391523459926 31.808832839131355 16.311403308063745 156.14135155349504 2.454352810047566 33.318289078772068 12.71023792773485 0.28687995113432307 0.49604593031108379 13.734520671889184 57.332052072510123 79.198330419952981 100.7376473689219 68.388143093325198 33.3435237724334 0.64094842970371246 0.88478454388677974 8.1075863115256634 90.860022200737149 138.761631608475
leaf_count=124734 29 14 163 3126 13168 59067 608807 1307 938 299 1709 158 489 8099 45 359 29 22 15 69 1072 3508 4109 7225 1118 4 64 381 6476 19707
internal_value=0.0028398 0.0272394 0.00111772 -0.000459552 -0.00123728 0.00200577 -0.00773876 0.0209979 0.00689277 1.17847e-05 -0.00562528 -0.0158096 0.00157137 0.0388199 0.0152739 0.0256153 0.0296875 0.0321359 -0.132421 0.0284935 0.0130316 0.0430882 0.0328359 0.0481666 0.0385384 -0.113306 0.0408105 0.0492831 0.0476665 0.0500555
internal_weight=9164.7 604.185 8560.52 7931.26 7746.43 5168.36 2578.07 629.258 351.257 262.568 215.19 139.203 281.828 278.002 42.6619 47.3778 46.0285 184.829 0.782926 69.4291 75.9871 235.34 184.046 341.617 35.4999 1.34923 34.2283 306.117 98.9676 207.15
internal_count=866310 38644 827666 813048 805776 72235 733541 14618 1659 3659 3238 1867 1427 12959 1352 421 388 7272 37 232 1371 11607 7235 34985 1196 33 1182 33789 6857 26932
is_linear=0
shrinkage=0.05


Tree=140
num_leaves=31
num_cat=0
split_feature=2 3 8 3 5 2 4 3 8 3 2 4 4 9 4 2 8 9 8 5 2 3 3 3 6 2 9 2 9 9
split_gain=142.742 121.764 77.2722 71.1233 68.3957 114.103 111.328 177.24 74.4156 71.2722 34.9846 33.0135 34.7802 26.2596 20.6389 20.1996 19.6758 62.546 19.462 18.9221 18.3566 13.9061 12.9797 24.6634 8.28671 5.00424 4.08961 6.90876 4.77147 0.639139
threshold=0.84273937344551098 0.16397849470376971 5.5000000000000009 0.82971012592315685 1.0000000180025095e-35 0.52419984340667736 0.45738498866558081 0.29705883562564855 3.5000000000000004 0.12310606241226198 0.62575301527977001 0.11586575210094453 0.41206791996955877 48.500000000000007 0.62981480360031139 0.99599999189376842 6.5000000000000009 18.500000000000004 8.5000000000000018 1.0000000180025095e-35 0.1627137288451195 0.71825397014617931 0.89736840128898632 0.89181286096572887 1.0000000180025095e-35 0.85880398750305187 30.500000000000004 0.84889996051788341 2.5000000000000004 1.5000000000000002
decision_type=2 2 2 2 2 2 2 2 2 2 2 2 2 2 2 2 2 2 2 2 2 2 2 2 2 2 2 2 2 2
left_child=3 11 15 4 6 9 7 -1 -8 -6 14 26 13 -13 24 19 17 -4 -18 -3 -16 -7 23 -12 -5 -14 28 -28 -2 -24
right_child=1 2 16 10 5 21 8 -9 -10 -11 22 12 25 -15 20 -17 18 -19 -20 -21 -22 -23 29 -25 -26 -27 27 -29 -30 -31
leaf_value=-0.0058075727578871857 -0.030136483711249919 0.024726350737932168 -0.038891269095781833 0.032164642308938333 -0.048855808930639136 0.035997201289255355 1.711223980684476e-05 0.019638326487936539 -0.023365565665910994 0.0034428393204682921 0.021140940327092385 -0.021504707443934474 -0.020952781336345417 0.015766481393913151 0.030243533330398278 0.049489767195207417 0.017329076438419574 -0.57775747543217382 -0.023822364780224828 0.045013994438093854 -0.0018926606476748317 -0.0083376131287750798 0.047157785979090004 -0.21379909344831285 -0.0015201527818814861 0.038330317927407688 -0.036977492901854661 0.012841175633242032 0.030135456523085271 0.038627763536477032
leaf_weight=2845.4154403452994 3.5047438177280119 423.25120369961951 16.228234084788713 102.33232782781124 68.705861198686762 313.59917481872253 507.58447178825736 901.03112514223903 1032.224229644984 1256.8470409705769 68.181110152974725 275.6547930163797 3.9206258729100218 57.037351904902607 51.682728921994567 177.9285447455477 72.503176845377311 0.55697155278175969 47.590707690920681 157.77822194772307 316.95795267098583 18.744211925426498 81.243467519409023 1.1356731085106719 22.223076049238443 38.670850083231926 7.271897696889936 161.80924324085936 52.061674602329731 30.094786237226799
leaf_count=619449 75 17861 408 550 113387 10476 5580 5829 10077 20568 1562 4123 18 343 264 24897 1697 17 562 16059 2804 755 4627 32 165 232 58 2134 483 1218
internal_value=0.00271708 0.0168387 0.0285131 -5.56498e-05 -0.00156062 0.00730013 -0.00433956 0.000312239 -0.0156577 0.000732104 0.0154533 -0.000593857 -0.00966863 -0.0151149 0.00855821 0.0347494 -0.00606551 -0.0567721 0.00102162 0.0302354 0.00261277 0.0334967 0.0342773 0.0172917 0.0261546 0.0328732 0.014566 0.0106986 0.0263339 0.0448521
internal_weight=9113.77 1495.77 895.837 7618 6944.15 1657.9 5286.26 3746.45 1539.81 1325.55 673.851 599.931 375.284 332.692 493.196 758.958 136.879 16.7852 120.094 581.029 368.641 332.343 180.655 69.3168 124.555 42.5915 224.648 169.081 55.5664 111.338
internal_count=866310 68967 61501 797343 786121 145186 640935 625278 15657 133955 11222 7466 4716 4466 3783 58817 2684 425 2259 33920 3068 11231 7439 1594 715 250 2750 2192 558 5845
is_linear=0
shrinkage=0.05


Tree=141
num_leaves=31
num_cat=0
split_feature=0 2 3 0 0 3 4 4 0 3 1 1 1 4 4 9 3 3 4 4 9 1 2 3 2 2 0 0 3 3
split_gain=140.331 83.8575 69.3834 102.476 90.5916 65.3373 217.768 129.129 104.374 76.0848 48.2686 47.7563 43.1009 28.9534 25.6037 30.7831 15.7842 14.6557 11.2968 18.6221 6.49226 5.88737 15.4685 5.3114 5.18386 5.10804 6.01268 2.30382 0.622947 0.773019
threshold=0.61250001192092907 0.89498746395111095 0.1863425895571709 0.86607143282890331 0.78888890147209179 0.10762548446655275 0.072372794151306166 0.29280610382556921 0.069047622382640853 0.048199767246842391 0.556623935699463 0.47114317119121557 0.45889639854431158 0.10597148165106775 0.37544326484203344 53.500000000000007 0.13840996474027636 0.89736840128898632 0.20052909851074222 0.30962917208671575 14.500000000000002 0.40967366099357611 0.81204709410667431 0.0745370388031006 0.90070420503616344 0.97182539105415355 0.47222222387790685 0.36931818723678594 0.23303167521953586 0.22902098298072818
decision_type=2 2 2 2 2 2 2 2 2 2 2 2 2 2 2 2 2 2 2 2 2 2 2 2 2 2 2 2 2 2
left_child=1 5 13 4 17 6 10 12 -9 -8 -1 -6 -7 21 15 -15 18 -4 23 -20 -16 22 -2 -3 -23 27 -27 -18 29 -5
right_child=2 16 3 28 11 7 9 8 -10 -11 -12 -13 -14 14 20 -17 25 -19 19 -21 -22 24 -24 -25 -26 26 -28 -29 -30 -31
leaf_value=0.013399424733452512 -0.22305990480327079 0.018597882377874294 0.019435951778625556 0.041076676695497381 -0.42844534963756153 0.0082318117097547432 -0.04842818120974994 0.00353034723894645 -0.012574894079143098 -0.013257880488327696 -0.0074014570780115948 -0.022203545368856083 0.027800295953607085 -0.018089051954359555 0.028624073726782717 0.024999972215994138 0.022908909591922995 0.047224419553887523 -0.036170814127889882 0.029394986404952791 -0.022370196994932947 0.025217958468791064 0.043045219961591705 0.053659208411824103 0.0091287593720002294 -0.34365474960904918 0.0033281215329564913 0.041881134744726489 0.049207322545445527 -0.0082083614582257516
leaf_weight=585.13540949602611 0.9050261974334709 52.576530817896128 562.98568534781225 11.027369134826582 0.72758809011429448 702.49815992772346 357.93674359971192 2609.8493602430099 1636.9985714239301 269.59835824830225 532.88742945343256 126.8555064907996 469.42437487002462 273.48191697848961 57.068732020445168 48.853865534067154 18.246463247109205 51.814972511143424 24.280829602386802 19.548572605010122 7.0080160554498425 115.94473981810734 1.3770677447319031 13.594715673476456 88.108263902366161 0.12697030929848452 7.480114690377377 130.0328632525634 281.31256963731721 0.85747542325407344
leaf_count=21057 7 654 17378 774 23 28846 450373 54571 29919 195603 1987 4524 3913 4034 411 317 1100 3911 350 64 85 1087 20 26 1614 7 573 9229 33789 64
internal_value=0.00260353 -0.000309786 0.0158973 0.0237058 0.0138213 -0.00133308 -0.00974599 0.00137698 -0.00267761 -0.0333185 0.00348502 -0.0245203 0.0160701 0.00225508 -0.00581998 -0.0115584 0.0272629 0.0217779 0.0127605 -0.00692748 0.0230469 0.0173776 -0.062486 0.0258011 0.0182708 0.0374965 -0.00246339 0.0395465 0.0487336 0.0375208
internal_weight=9058.54 7430.22 1628.33 1035.58 742.384 7164.33 1745.56 5418.77 4246.85 627.535 1118.02 127.583 1171.92 592.748 386.413 322.336 265.887 614.801 110.001 43.8294 64.0767 206.335 2.28209 66.1712 204.053 155.886 7.60708 148.279 293.197 11.8848
internal_count=866310 798272 68038 60463 25836 786269 669020 117249 84490 645976 23044 4547 32759 7575 4847 4351 12003 21289 1094 414 496 2728 27 680 2701 10909 580 10329 34627 838
is_linear=0
shrinkage=0.05


Tree=142
num_leaves=31
num_cat=0
split_feature=0 3 0 0 1 0 3 0 1 9 0 1 3 3 8 3 8 4 0 8 4 3 4 9 4 4 3 1 3 8
split_gain=130.831 124.343 104.813 102.653 428.005 277.125 160.172 81.3039 70.9749 67.8748 65.9629 124.553 61.9835 66.8595 58.8067 45.665 43.0193 77.4482 51.776 37.2046 30.4933 40.8138 40.3785 25.6263 23.2545 22.0723 13.1239 4.67984 0.379974 1.26167
threshold=0.47222222387790685 0.2639319002628327 0.86607143282890331 1.0000000180025095e-35 0.3551971316337586 0.19090909510850909 0.19292803853750232 0.78888890147209179 0.48435972630977636 15.500000000000002 0.34848485887050634 0.77346038818359386 0.057983193546533592 0.15504807978868487 5.5000000000000009 0.89736840128898632 15.500000000000002 0.51869320869445812 0.16025641560554507 1.0000000180025095e-35 0.23345498740673068 0.089572194963693633 0.38651514053344732 64.500000000000014 0.47395551204681402 0.40108695626258856 0.048199767246842391 0.53923079371452343 0.27429467439651495 1.5000000000000002
decision_type=2 2 2 2 2 2 2 2 2 2 2 2 2 2 2 2 2 2 2 2 2 2 2 2 2 2 2 2 2 2
left_child=3 8 7 4 6 16 25 15 23 -8 19 -12 27 -14 -9 -3 17 -5 -18 -7 21 -10 -22 24 -2 -1 -25 -6 29 -4
right_child=1 2 28 5 12 10 9 14 20 -11 11 -13 13 -15 -16 -17 18 -19 -20 -21 22 -23 -24 26 -26 -27 -28 -29 -30 -31
leaf_value=-0.040640362797791145 0.0066114415852165723 0.015007172654840972 0.050072906400628142 -0.043154589740716794 -0.050172633312528518 0.024394098988894934 -0.0031843379596675479 0.01730154447986413 -0.0041895440641022911 0.01871728453835168 -0.033186646289030008 0.045564315244902981 0.11299617248571021 0.046317438026546948 -0.054083268830790669 0.046267426431179585 -0.055841883677148985 -0.10098192637570097 0.032400607526913955 -0.00052083581902577589 -0.02499455480455352 0.021800349390249437 0.0053369249753605977 0.031224401103454799 0.052666319144087814 0.0011410889557074879 0.072209751087642424 0.0016802334052025973 0.049305879997865128 -0.033876241413460052
leaf_weight=301.38288982570521 229.86826379329432 1195.9964680426056 1.8128259852528565 238.35933481549728 14.913220951391851 170.70578278941684 2155.2702445359901 48.685534368269145 748.71749647392426 423.21268039476126 322.45537771476666 59.469022195204161 41.666935113840736 384.68287071841769 70.814835880650207 129.47264163265936 34.20305334837758 76.478614867664874 32.341599846520694 1225.6184051222808 314.41797830536962 189.23456447478384 168.54136395442765 78.958865946624428 31.119860730133951 35.313424208929064 25.951605900656432 6.1440762700512996 255.19528831669595 0.59428452549036581
leaf_count=350325 5073 33547 208 136937 20238 9974 20933 3074 14655 2568 18842 1651 3522 3984 1237 8923 15764 636 9052 147706 6702 1279 3000 260 157 12301 85 1006 32643 28
internal_value=0.00248936 0.0100683 0.0197376 -0.00229961 0.00316366 -0.010806 -0.00382472 0.0144995 0.000854865 0.000410429 -0.00251128 -0.0209244 0.048698 0.0528339 -0.0250004 0.0180607 -0.0494814 -0.0572017 -0.0129548 0.00252511 -0.00420199 0.00105399 -0.0144096 0.0204924 0.012103 -0.0362582 0.0413629 -0.0350431 0.0491194 0.0293469
internal_weight=9011.6 3489.38 1702.57 5522.22 3362.59 2159.63 2915.18 1444.97 1786.81 2578.48 1778.25 381.924 447.407 426.35 119.5 1325.47 381.383 314.838 66.5447 1396.32 1420.91 937.952 482.959 365.899 260.988 336.696 104.91 21.0573 257.602 2.40711
internal_count=866310 110871 79660 755439 414877 340562 386127 46781 31211 23501 178173 20493 28750 7506 4311 42470 162389 137573 24816 157680 25636 15934 9702 5575 5230 362626 345 21244 32879 236
is_linear=0
shrinkage=0.05


Tree=143
num_leaves=31
num_cat=0
split_feature=0 4 1 5 0 4 0 1 8 6 8 8 0 9 9 1 5 8 4 1 1 9 4 8 4 9 9 9 1 5
split_gain=124.107 74.1694 74.008 68.0525 190.527 75.7278 91.9024 63.9936 20.2864 17.9556 12.7116 9.95446 7.08863 6.43235 4.71352 2.81435 4.22095 4.09349 2.03683 2.34283 4.26723 1.63489 0.235649 0.517028 0.170616 0.102152 0.0709268 0.975296 0.0109223 2.15215e-07
threshold=0.86607143282890331 0.40108695626258856 0.90121948719024669 1.0000000180025095e-35 0.19090909510850909 0.19367341697216037 1.0000000180025095e-35 0.47871376574039465 15.500000000000002 1.0000000180025095e-35 3.5000000000000004 1.0000000180025095e-35 0.84523808956146251 71.500000000000014 5.5000000000000009 0.93844696879386913 1.0000000180025095e-35 1.0000000180025095e-35 0.47395551204681402 0.89009663462638866 0.89699381589889537 101.50000000000001 0.57517123222351085 8.5000000000000018 0.40642170608043676 14.500000000000002 28.500000000000004 27.500000000000004 0.60922586917877208 1.0000000180025095e-35
decision_type=2 2 2 2 2 2 2 2 2 2 2 2 2 2 2 2 2 2 2 2 2 2 2 2 2 2 2 2 2 2
left_child=2 9 3 5 7 8 -7 -5 -1 10 11 -2 15 -6 29 16 -4 -17 19 24 -21 -12 23 -20 -3 -24 27 -11 -28 -14
right_child=1 18 12 4 13 6 -8 -9 -10 26 21 -13 14 -15 -16 17 -18 -19 22 20 -22 -23 25 -25 -26 -27 28 -29 -30 -31
leaf_value=0.0039947069968155925 0.0080140734739215479 0.068880734385502462 0.020791918417720552 -0.0031171149568860164 0.034010074273759003 0.0031476578247955182 -0.012118976763341326 0.045312534761008494 0.02222591911525407 0.049451750630450125 0.036584381330992663 -0.016354614223321372 0.050140295247286526 0.077120094314772736 -0.19428756404704595 0.042536450209955251 0.050163314906047252 0.014034026655364693 0.046116779197501789 -0.21644724607337393 0.023680573238289634 0.08348597583749956 0.049800088507090307 0.014819099912684295 0.051026456286208659 0.04417113113283469 0.054756629536863555 -0.059381135034867687 0.051778515324251276 0.050055754197879922
leaf_weight=1882.9359967256023 217.33155944477767 1.7486331826075918 69.131285433657467 1416.6788477236114 495.98626665587653 1598.5974049535871 2571.5138049669913 71.661247169598937 166.04137322926545 10.637937152292579 23.393543507903818 51.919153259601444 0.15116780251264472 8.8063673363067192 0.57226331485435367 86.275561378803104 14.861730885691939 14.750848326133562 24.417025385075252 0.18756561120971937 13.593030229210854 2.018343359231948 171.01149967219681 1.3949492089450348 5.6987403640523553 8.4586125403293391 4.4480069507844737 0.20991451293230134 10.000895610544829 0.14995544822886586
leaf_count=198267 6182 16 2041 132228 24720 187396 242590 1898 31900 1243 320 1349 8 42 15 4085 1637 821 2538 12 916 2 24150 21 279 1115 94 3 404 18
internal_value=0.00238621 0.0254747 0.000883824 0.000177638 0.00821766 -0.00239908 -0.00626657 -0.000785303 0.0054721 0.00997603 0.00650553 0.0033151 0.0320812 0.0347622 -0.110029 0.032752 0.0259889 0.0383748 0.0473676 0.0326233 0.0204122 0.0403095 0.0488923 0.0444254 0.0552186 0.0495348 0.0504013 0.0473457 0.0526953 0.0500982
internal_weight=8944.58 546.469 8398.11 8212.22 1993.13 6219.09 4170.11 1488.34 2048.98 319.959 294.663 269.251 185.893 504.793 0.873387 185.019 83.993 101.026 226.51 21.228 13.7806 25.4119 205.282 25.812 7.44737 179.47 25.2968 10.8479 14.4489 0.301123
internal_count=866310 38644 827666 819041 158888 660153 429986 134126 230167 9597 7853 7531 8625 24762 41 8584 3678 4906 29047 1223 928 322 27824 2559 295 25265 1744 1246 498 26
is_linear=0
shrinkage=0.05


Tree=144
num_leaves=31
num_cat=0
split_feature=2 3 1 8 2 2 8 1 1 1 2 5 1 2 9 5 3 9 9 1 3 2 3 3 8 8 3 9 8 3
split_gain=114.016 103.738 90.1684 76.4762 94.5863 76.0935 68.225 63.6936 52.4614 36.8063 19.8617 18.4533 18.3551 35.246 23.1975 17.7901 17.5951 19.5374 12.7562 12.0585 28.6856 19.1213 7.43025 9.02806 4.92917 7.33354 2.05028 1.12977 0.48788 0.425196
threshold=0.84273937344551098 0.16397849470376971 0.87652438879013073 11.500000000000002 0.17712418735027316 0.41223156452178961 5.5000000000000009 0.069366481155157103 0.048199767246842391 0.24417344480752948 0.99599999189376842 1.0000000180025095e-35 0.77346038818359386 0.85880398750305187 81.500000000000014 1.0000000180025095e-35 0.86515152454376232 1.0000000180025095e-35 73.500000000000014 0.62622550129890453 0.13188406080007556 0.88998898863792431 0.054804805666208274 0.061553031206130988 1.0000000180025095e-35 1.5000000000000002 0.098387096077203764 26.500000000000004 8.5000000000000018 0.22401433438062671
decision_type=2 2 2 2 2 2 2 2 2 2 2 2 2 2 2 2 2 2 2 2 2 2 2 2 2 2 2 2 2 2
left_child=2 12 3 4 7 -6 10 -1 15 -10 11 -3 19 14 -14 -5 17 -8 -15 21 -21 -2 24 -24 27 -26 -25 -4 -18 -12
right_child=1 6 22 8 5 -7 16 -9 9 -11 29 -13 13 18 -16 -17 28 -19 -20 20 -22 -23 23 26 25 -27 -28 -29 -30 -31
leaf_value=-0.0036382985320268118 -0.06054236598690408 0.023247464447384587 0.005847170287210904 -0.085625080611691329 -0.016018680534453461 -0.0021478635597349718 -0.094086922285984531 0.035031170056172047 0.0016949504537920837 0.01544551036453682 0.038669494163295418 0.044351775890585921 -0.066014616746241317 -0.0058072349854336701 -0.3558441958498873 -0.00036872502917008831 0.050178050503611932 -0.0069142147274128974 0.023796819359227506 0.030285581369417322 -0.14087261236786339 0.01245501098632075 0.16384281774185361 0.021149782770524081 -0.085023084671818419 0.013050084637513067 0.046824712816697513 0.039949084588321505 0.03138274452309691 0.05003982983888882
leaf_weight=187.04384432610823 11.797765304101629 400.42896277940599 2.8797481642104712 19.969023006386124 1362.981864929985 3601.0120308485057 6.8061626495327792 247.25432837640983 984.89456620890996 961.99561732378788 8.7371726648416352 139.72086851019412 14.937280350364741 390.72756310738623 0.72384838014841157 8.8219632786640449 10.809587322175501 115.54882397153415 40.124697158578783 89.661970856366679 2.5166912190616122 37.442190834088251 1.6154651641845692 8.4686875566840154 2.3893533288501212 9.4251343002542853 95.008516605012119 15.505814731586723 5.0730230836197725 139.47054249141365
leaf_count=3210 237 17861 56 841 263931 298920 99 3332 120591 100926 698 16059 300 5305 8 343 505 1949 426 785 21 384 1 20 32 118 4889 133 131 24199
internal_value=0.00227673 0.0152986 -0.000176201 -0.000918339 -0.00399878 -0.00595642 0.0267181 0.018377 0.00749856 0.00848936 0.0331554 0.0287065 -0.000756639 -0.00572852 -0.0794104 -0.0595013 -0.0053364 -0.0117633 -0.00305025 0.0149415 0.0256126 -0.00503497 0.0402732 0.0465545 0.0184149 -0.00678416 0.0447234 0.0346077 0.0441747 0.0493695
internal_weight=8923.79 1414.53 7509.27 7373.97 5398.29 4963.99 826.595 434.298 1975.68 1946.89 688.358 540.15 587.932 446.513 15.6611 28.791 138.238 122.355 430.852 141.419 92.1787 49.24 135.293 105.093 30.2001 11.8145 103.477 18.3856 15.8826 148.208
internal_count=866310 68967 797343 792094 569393 562851 61501 6542 222701 221517 58817 33920 7466 6039 308 1184 2684 2048 5731 1427 806 621 5249 4910 339 150 4909 189 636 24897
is_linear=0
shrinkage=0.05


Tree=145
num_leaves=30
num_cat=0
split_feature=1 3 5 1 3 3 9 3 6 2 3 8 5 8 3 2 3 9 2 9 3 1 8 3 1 8 2 1 9
split_gain=106.413 87.0174 89.4833 140.75 77.997 66.9263 65.2479 129.676 54.5048 34.6626 30.219 34.6536 23.3754 29.4473 17.4197 16.9214 11.9415 13.9154 8.03446 7.14684 5.67868 5.42898 3.56605 7.05986 5.30315 2.46766 3.71228 1.63727 0.584412
threshold=0.90121948719024669 0.79057019948959362 1.0000000180025095e-35 0.45049019157886511 0.16397849470376971 0.12310606241226198 26.500000000000004 0.082207206636667265 1.0000000180025095e-35 0.63373982906341564 0.89736840128898632 8.5000000000000018 1.0000000180025095e-35 7.5000000000000009 0.71825397014617931 0.84273937344551098 0.086335405707359328 48.500000000000007 0.32466214895248419 2.5000000000000004 0.054804805666208274 0.92940199375152599 3.5000000000000004 0.26969698071479803 0.91751700639724743 1.0000000180025095e-35 0.96039214730262767 0.93844696879386913 1.0000000180025095e-35
decision_type=2 2 2 2 2 2 2 2 2 2 2 2 2 2 2 2 2 2 2 2 2 2 2 2 2 2 2 2 2
left_child=1 2 6 5 15 -4 7 -1 -8 12 11 -11 18 -14 -5 19 21 -18 -3 -2 -21 -17 25 -24 -25 27 -27 -6 -12
right_child=4 9 3 14 22 -7 8 -9 -10 10 28 -13 13 -15 -16 16 17 -19 -20 20 -22 -23 23 24 -26 26 -28 -29 -30
leaf_value=-0.037993888944545813 -0.072774358555922458 0.024921859082554329 -0.049132685242117807 0.037745304540863063 0.034945755955798241 0.0037857678585596476 -0.00049444586633779516 -0.0050823417320272216 0.021502966784267399 0.024462756233491315 0.047968567556013433 -0.03632756000929812 -0.029127815044236151 0.008989722657865469 -0.010387686851420436 -0.018058925867590673 -0.022380416233901062 0.051193637048205447 0.008971510596367643 0.021151279912318785 0.058425096114400714 0.011553827843870846 -0.41691916074911461 0.022973640738679607 -0.28835392944662902 0.044440783137506656 0.017440293135791315 0.048368389552603662 0.041520835456150401
leaf_weight=330.34501158140483 1.5088841426186252 155.97629277408123 62.72194655216299 374.070373553026 26.099895336315967 1260.0711292643682 1932.2577169261058 3184.4907114637899 329.63972485158592 146.26662650308572 90.249336689827032 27.917951931012794 77.7603355422616 145.42886190116405 19.791809711139649 17.510529794730246 72.328631182201207 7.053380971774458 159.8747829599306 22.584541614633054 18.661808693781495 133.30775321647525 0.10705416603013818 1.8444346277974544 0.14774185186251987 35.274746867944486 19.918701479327865 175.36891178262886 57.556162065593526
leaf_count=414866 16 553 113875 18730 2107 21255 113606 123009 2773 4633 6945 395 703 1168 1176 383 298 67 1680 257 40 2601 8 174 16 3355 2280 26086 3255
internal_value=0.0021759 0.000795536 -0.000934221 0.00908887 0.0238644 0.00127657 -0.00391275 -0.00817556 0.00271137 0.0158493 0.0288295 0.0147194 0.00809571 -0.00429064 0.0353266 0.00521894 -0.000146234 -0.0158431 0.0168482 0.0341058 0.0380157 0.00811568 0.0435326 -0.0213704 -0.000114731 0.0440634 0.0346966 0.0466295 0.0454578
internal_weight=8886.14 8354.42 7493.39 1716.66 531.717 1322.79 5776.73 3514.84 2261.9 861.03 321.99 174.185 539.04 223.189 393.862 272.956 230.2 79.382 315.851 42.7552 41.2464 150.818 258.761 2.09923 1.99218 256.662 55.1934 201.469 147.805
internal_count=866310 828622 809290 155036 37688 135130 654254 537875 116379 19332 15228 5028 4104 1871 19906 3662 3349 365 2233 313 297 2984 34026 198 190 33828 5635 28193 10200
is_linear=0
shrinkage=0.05


Tree=146
num_leaves=31
num_cat=0
split_feature=2 3 8 3 5 2 4 3 8 3 2 4 4 4 8 2 2 5 4 8 9 8 3 9 2 4 2 8 2 3
split_gain=100.534 92.5494 64.4298 57.7627 49.3769 94.3733 91.1138 158.87 67.7336 60.3755 40.7827 26.4951 29.6887 26.5796 22.0783 25.2673 19.941 17.8945 17.7943 17.4288 60.162 16.0653 8.88202 4.17287 6.02327 4.54961 2.93654 4.68069 2.62651 0.96574
threshold=0.84273937344551098 0.16397849470376971 5.5000000000000009 0.89736840128898632 1.0000000180025095e-35 0.52704679965972911 0.45738498866558081 0.29705883562564855 3.5000000000000004 0.12310606241226198 0.50944742560386669 0.11586575210094453 0.36406117677688604 0.24695076793432238 22.500000000000004 0.17712418735027316 0.99599999189376842 1.0000000180025095e-35 0.9689110815525056 6.5000000000000009 21.500000000000004 8.5000000000000018 0.13423423469066623 30.500000000000004 0.84889996051788341 1.0000000180025095e-35 0.60107529163360607 8.5000000000000018 0.17712418735027316 0.94868421554565441
decision_type=2 2 2 2 2 2 2 2 2 2 2 2 2 2 2 2 2 2 2 2 2 2 2 2 2 2 2 2 2 2
left_child=3 11 16 4 6 9 7 -1 -8 -6 14 23 13 -13 15 -5 17 -3 -7 20 -4 -21 -14 25 -25 -2 27 -12 -16 -28
right_child=1 2 19 10 5 18 8 -9 -10 -11 26 12 22 -15 28 -17 -18 -19 -20 21 -22 -23 -24 24 -26 -27 29 -29 -30 -31
leaf_value=-0.0052403713156227161 0.031114432398931913 0.022386079034697991 -0.034829964881823883 0.036247286907905088 -0.048802046612718447 0.032201607131909095 0.0010048210893950759 0.018858402902828832 -0.020565074626227406 0.0027642618416963498 0.0032445463327933481 -0.0042218586247833026 0.025052473021003104 -0.035120060029339761 0.0084340802468585701 -0.0042452744566595603 0.049302110667180765 0.043874898395595427 -0.11181714656118467 0.016639559072355006 -0.55325842659377267 -0.020485698655133042 -0.05381049826235227 -0.034571258425636429 0.011437498377764465 -0.01196061881970582 0.034931475945535244 0.044068488938088297 0.041448957804529125 0.046555035668365323
leaf_weight=2787.7338201754901 46.435351721942425 388.24925825471291 16.992133442778144 45.708338785916567 59.407943890721072 305.43544998642756 542.52262134035118 906.21663375478238 1105.7654808242223 1275.1791721443878 12.658652677666398 190.44764020002913 65.66516913054511 109.68968690442853 6.9258736390620461 245.15861742105335 135.39147836097982 129.09224774781615 2.159951464040204 71.003051397390664 0.57866647373884816 49.423680906649679 3.7755914069712153 7.4527525817975393 156.33167054550722 7.0623444658704093 22.87373394635506 15.766478633275254 46.272953558713198 81.687383259413764
leaf_count=619449 444 17861 415 236 113436 11484 6240 6063 10984 20754 446 3218 298 1160 37 1193 24897 16059 102 1697 10 562 40 58 2134 114 1047 522 207 5143
internal_value=0.00208163 0.0144917 0.0256565 -0.000209612 -0.00135935 0.00622324 -0.00369021 0.000671649 -0.0134655 0.000468834 0.0166235 -0.000551598 -0.0086976 -0.0155141 0.00753465 0.00211794 0.032219 0.0277482 0.0311903 -0.0053842 -0.0519036 0.00140318 0.0207646 0.013304 0.00934394 0.025428 0.0401384 0.0258882 0.0371508 0.0440123
internal_weight=8839.06 1377.59 790.731 7461.47 6984.42 1642.18 5342.24 3693.95 1648.29 1334.59 477.052 586.86 369.578 300.137 344.066 290.867 652.733 517.342 307.595 137.998 17.5708 120.427 69.4408 217.282 163.784 53.4977 132.986 28.4251 53.1988 104.561
internal_count=866310 68967 61501 797343 788512 145776 642736 625512 17224 134190 8831 7466 4716 4378 1673 1429 58817 33920 11586 2684 425 2259 338 2750 2192 558 7158 968 244 6190
is_linear=0
shrinkage=0.05


Tree=147
num_leaves=31
num_cat=0
split_feature=1 3 5 1 4 9 3 3 4 1 3 4 3 1 8 4 1 4 4 3 8 8 1 1 8 1 8 1 4 9
split_gain=94.3042 75.6904 75.4785 126.901 112.331 130.186 94.2239 73.2214 62.5203 27.7369 18.713 88.7144 17.0231 16.4367 48.6853 15.7949 14.0398 11.3751 19.1561 12.2404 10.0744 3.62754 3.52201 8.41754 2.79307 2.52088 4.52498 1.71571 1.86207 1.59218
threshold=0.90121948719024669 0.79057019948959362 1.0000000180025095e-35 0.45049019157886511 0.78065484762191784 1.0000000180025095e-35 0.47338935732841497 0.16397849470376971 0.45738498866558081 0.2336879447102547 0.89736840128898632 0.95030865073204052 0.71825397014617931 0.11200716719031335 7.5000000000000009 1.0000000180025095e-35 0.51668518781661998 0.35563012957572943 0.31121593713760382 0.086335405707359328 8.5000000000000018 1.0000000180025095e-35 0.96490147709846508 0.96720427274703991 3.5000000000000004 0.99206349253654491 1.0000000180025095e-35 0.93844696879386913 0.56021979451179515 26.500000000000004
decision_type=2 2 2 2 2 2 2 2 2 2 2 2 2 2 2 2 2 2 2 2 2 2 2 2 2 2 2 2 2 2
left_child=1 2 4 8 6 -6 -1 15 -4 13 11 -11 -5 20 -15 25 -12 18 -17 -19 -3 27 24 -24 -23 26 -2 28 -9 -27
right_child=7 9 3 12 5 -7 -8 21 -10 10 16 -13 -14 14 -16 17 -18 19 -20 -21 -22 22 23 -25 -26 29 -28 -29 -30 -31
leaf_value=-0.0050589120648359791 0.042306277107062785 0.028058255850468408 -0.023866955475998774 0.036674517611499431 -0.1446122164435418 -0.023365288865183211 0.011922700238265322 0.050501935442299306 0.0058637430544876377 0.019864076024078074 0.019861386063029337 -0.10770022107624935 -0.011328037291202278 -0.04340664935099986 0.0099020519593489079 -0.0051294265124843929 0.043258782107383896 0.057686853177781952 -0.077952162621182375 -0.0016054767911046657 -0.0071076800901154818 0.0376217159692388 -0.131055017898768 0.032102123232455843 -0.021252797342825258 0.040578847271840753 0.010656473338466308 0.048207664750865596 0.022571856499149355 0.010204542010742258
leaf_weight=4436.5951767973893 28.654655385296792 82.762672326527536 210.53766130440636 353.01750427525258 23.935974540887401 294.92398982332088 1001.1875164938392 10.126166839152576 1104.397241996252 239.94460444315337 126.119360397337 14.450164800509809 19.488899080781266 58.380319495685399 160.7869458347559 131.45703533058986 130.41655495332088 14.090826993808149 9.6966580050066096 22.770347733981907 27.013955296948552 48.107341905066278 1.1041886296588921 2.7828257360961288 2.1025435735937199 4.8198194578289977 18.638994811102748 160.6741754685645 14.530473714810794 41.142875564284623
leaf_count=638464 332 379 126594 18730 366 4038 11386 572 8536 5555 2879 280 1176 270 485 1828 9363 26 75 174 121 5169 140 326 198 38 268 26086 1535 921
internal_value=0.00199316 0.000707613 -0.000897749 0.00840147 -0.00362362 -0.032467 -0.00193231 0.0228459 0.00110348 0.0149365 0.0222272 0.0126182 0.0341631 0.00361215 -0.00429797 0.00505932 0.031756 -0.00367316 -0.010132 0.0210601 0.0194046 0.042998 0.0316066 -0.0142461 0.0351563 0.0217285 0.0298327 0.0463231 0.0340424 0.0133897
internal_weight=8794.66 8283.96 7444.08 1687.44 5756.64 318.86 5437.78 510.699 1314.93 839.875 510.931 254.395 372.506 328.944 219.167 271.271 256.536 178.015 141.154 36.8612 109.777 239.428 54.0969 3.88701 50.2099 93.2563 47.2937 185.331 24.6566 45.9627
internal_count=866310 828622 809290 155036 654254 4404 649850 37688 135130 19332 18077 5835 19906 1255 755 3662 12242 2103 1903 200 500 34026 5833 466 5367 1559 600 28193 2107 959
is_linear=0
shrinkage=0.05


Tree=148
num_leaves=31
num_cat=0
split_feature=0 5 0 2 0 2 2 3 4 3 4 3 3 9 3 2 2 0 2 4 4 6 2 2 2 3 4 3 3 2
split_gain=99.6415 155.776 94.4479 308.8 253.148 125.642 113.229 87.2253 82.0782 64.606 57.8784 63.6451 57.7654 55.6537 52.6443 51.7553 41.5955 38.5909 33.6445 8.50421 11.3404 11.8855 7.41653 3.99472 3.24471 2.74072 1.71781 0.547858 0.506039 2.35717
threshold=0.47222222387790685 1.0000000180025095e-35 1.0000000180025095e-35 0.42776885628700262 0.19090909510850909 0.27812939882278448 0.42933948338031774 0.057983193546533592 0.24452438205480578 0.89736840128898632 0.81091719865798961 0.2639319002628327 0.12310606241226198 1.0000000180025095e-35 0.15075758099555972 0.51087471842765819 0.7933771312236787 0.34848485887050634 0.30860807001590734 0.3891009390354157 0.2996350377798081 1.0000000180025095e-35 0.66323024034500133 0.87585616111755382 0.70064935088157665 0.43874999880790716 0.17509123682975772 0.73030304908752453 0.94868421554565441 0.60107529163360607
decision_type=2 2 2 2 2 2 2 2 2 2 2 2 2 2 2 2 2 2 2 2 2 2 2 2 2 2 2 2 2 2
left_child=2 9 3 5 16 12 17 22 -8 10 11 -2 -1 -12 -7 -9 18 -6 -4 20 24 -22 -5 25 -3 -21 -18 -25 29 -11
right_child=1 19 4 7 6 14 8 15 -10 28 13 -13 -14 -15 -16 -17 26 -19 -20 23 21 -23 -24 27 -26 -27 -28 -29 -30 -31
leaf_value=-0.050128117999427027 -0.00013320863300295084 -0.014474600113886607 0.0013223440965620522 -0.050120688688583909 0.031795827006212918 -0.045098510488013756 0.0035136027898448278 0.025228187726865688 -0.020077409682512818 -0.0051751515399754361 -0.096037298943904503 0.016134097293523768 0.0077469230541079822 -0.012503793453655508 -0.012282885795918701 0.054815806966284089 0.067725011306177155 -0.049476198851575726 -0.055659662719415387 0.045330104811578759 -0.0065203299536807195 -0.15340342738317567 0.016799780458150958 0.049161270912854098 0.047854157767500544 0.032982304420230583 0.027127100579974295 0.041435011449163034 0.047102173345227351 0.043517284598173535
leaf_weight=44.532892543298658 1708.3103983215988 2.5356512847356525 28.122017953253817 31.096130141610047 254.9570131310029 137.01920082452125 751.99678209819831 315.75572300190106 723.36329561469029 2.7081010695546857 22.014658924308605 927.85336600529263 1353.8637681091786 211.52478795358911 1131.27852962818 277.86323451864882 5.8368663187138718 15.494025290128773 328.54414579123841 63.890208350261673 6.9842586964368802 1.7155566397123037 4.7761164516559793 109.13290636381134 11.828362106345592 151.50576954905409 4.7066783205373213 29.051870871800929 65.987229236634448 30.232682683737949
leaf_count=74321 29397 39 10820 51834 46926 235772 88492 13487 40944 101 587 27521 14022 6751 19437 5199 12 1811 151470 3117 113 96 805 18448 203 11500 87 5533 5019 2446
internal_value=0.00190856 0.00869162 -0.00228637 0.00300351 -0.0105383 -0.004432 -0.00260112 0.0345023 -0.00805298 0.00484843 0.0034789 0.00559241 0.00590385 -0.0203781 -0.0158281 0.0390777 -0.0482735 0.0271398 -0.0511668 0.0389828 0.00956571 -0.0354849 -0.0412107 0.0409016 0.0368514 0.0366449 0.0496019 0.0475369 0.0445756 0.0395142
internal_weight=8754.48 3345.28 5409.21 3296.19 2113.02 2666.69 1745.81 629.491 1475.36 2968.63 2869.7 2636.16 1398.4 233.539 1268.3 593.619 367.21 270.451 356.666 376.645 23.0638 8.69982 35.8722 353.581 14.364 215.396 10.5435 138.185 98.928 32.9408
internal_count=866310 110871 755439 414877 340562 343552 178173 71325 129436 71822 64256 56918 88343 7338 255209 18686 162389 48737 162290 39049 451 209 52639 38598 242 14617 99 23981 7566 2547
is_linear=0
shrinkage=0.05


Tree=149
num_leaves=31
num_cat=0
split_feature=0 3 3 5 0 9 3 0 2 6 3 2 1 2 2 2 3 2 3 1 3 9 0 9 3 1 3 3 1 9
split_gain=93.2359 110.649 68.779 55.2643 126.548 57.979 121.232 52.4898 50.6825 45.6191 18.144 17.9955 18.4837 14.6207 23.9934 12.979 9.24787 10.1036 9.07328 8.69319 5.96783 6.65057 5.59346 2.39242 1.58827 1.96536 1.00472 0.162486 0.362929 0.070023
threshold=0.86607143282890331 0.11882352828979494 0.8603896200656892 1.0000000180025095e-35 0.2264957278966904 26.500000000000004 0.0745370388031006 0.16025641560554507 0.57932874560356151 1.0000000180025095e-35 0.71825397014617931 0.13873296231031421 0.41421362757682806 0.83424907922744762 0.9759001135826112 0.93419912457466137 0.93933823704719555 0.7589399814605714 0.086335405707359328 0.04124149680137635 0.082207206636667265 18.500000000000004 0.31666667759418493 10.500000000000002 0.23303167521953586 0.29217478632926946 0.22902098298072818 0.30602006614208227 0.89699381589889537 10.500000000000002
decision_type=2 2 2 2 2 2 2 2 2 2 2 2 2 2 2 2 2 2 2 2 2 2 2 2 2 2 2 2 2 2
left_child=2 13 3 5 8 6 -1 11 -5 -7 -6 19 -13 20 15 -15 17 -9 -16 -4 21 -2 -18 -22 25 -3 -27 28 -26 -29
right_child=1 24 7 4 10 9 -8 16 -10 -11 -12 12 -14 14 18 -17 22 -19 -20 -21 23 -23 -24 -25 27 26 -28 29 -30 -31
leaf_value=-0.037614734538437639 -0.058165187965778048 -0.025439672979183089 -0.030608178022769512 -0.0019724841100455955 0.036168413880745376 0.00045249548412686189 -0.0041462782906698022 0.00050296643397883169 0.049286972216907393 0.020734681313942842 -0.0025611459762079711 -0.0052042140209401355 0.045423307792431276 -0.014700338958447407 0.0090478015506342321 -0.08006159639052339 0.026857069523911176 0.036390375915164926 -0.015385918157415475 0.040226327940807244 0.030163897319325641 0.017744382826461659 0.046501712771781396 0.063014180211020884 0.034979151541457941 0.040742464079517503 -0.018853775706824862 0.049758199680704884 0.050055834741936728 0.047309522925395843
leaf_weight=293.97595737068332 3.329598756972703 1.2226613266393567 4.8498867265880099 1271.4701597805833 345.01524167283787 1929.3217760231346 3398.921269664279 35.888907717657275 50.123528892640024 323.76580923161237 33.145555879222229 243.08485713321716 19.472486249636859 15.408212391659619 118.6440292657353 14.97869020141661 51.341412468347698 43.244319638237357 55.894813197664917 40.516423130407929 14.472819279879333 21.628028698265553 123.15398127259687 8.9821909330785257 6.5488500348292318 28.517856315243993 0.72519344044849177 156.18700150586665 10.222277018241583 35.90777797892224
leaf_count=406010 126 14 26 133730 18950 113584 134721 878 1269 2712 2072 632 606 252 2426 339 485 2452 216 231 35 249 9308 16 448 1118 64 26528 1488 5325
internal_value=0.00182744 0.0229538 0.000559263 -0.000681198 0.00726943 -0.00295401 -0.00681056 0.0174486 -2.83882e-05 0.00336702 0.0327738 0.00357498 -0.00144944 -7.72795e-05 -0.00591555 -0.046919 0.0342922 0.0201145 0.00122308 0.0326538 0.0246355 0.00761728 0.0407217 0.042744 0.0473328 0.0366678 0.0392645 0.0488884 0.0441686 0.0493005
internal_weight=8699.96 492.67 8207.29 7645.74 1699.75 5945.98 3692.9 561.552 1321.59 2253.09 378.161 307.924 262.557 253.338 204.926 30.3869 253.629 79.1332 174.539 45.3663 48.4126 24.9576 174.495 23.455 239.332 30.4657 29.243 208.866 16.7711 192.095
internal_count=866310 38644 827666 813048 156021 657027 540731 14618 134999 116296 21022 1495 1238 3659 3233 591 13123 3330 2642 257 426 375 9793 51 34985 1196 1182 33789 1936 31853
is_linear=0
shrinkage=0.05


Tree=150
num_leaves=31
num_cat=0
split_feature=0 8 3 8 0 0 2 8 2 8 2 1 0 1 0 5 9 3 9 3 2 1 1 2 0 1 2 8 3 0
split_gain=88.1548 92.5528 83.4608 68.5856 69.6789 85.1299 61.6744 67.6053 83.5082 65.7494 55.9249 47.6597 40.0279 31.7249 23.1682 16.2524 15.445 16.0109 14.0389 12.1587 11.4412 6.62564 19.7937 5.95595 5.28609 4.44639 4.29961 3.99307 3.16912 2.64057
threshold=0.61250001192092907 8.5000000000000018 0.16397849470376971 11.500000000000002 0.72077924013137828 0.84523808956146251 0.89498746395111095 11.500000000000002 0.1627137288451195 6.5000000000000009 0.55036231875419628 0.048199767246842391 0.86607143282890331 0.24417344480752948 0.78888890147209179 1.0000000180025095e-35 44.500000000000007 0.04446640424430371 43.500000000000007 0.13840996474027636 0.80229884386062633 0.4236596822738648 0.39559109508991247 0.97182539105415355 0.38750000298023229 0.60188680887222301 0.9759001135826112 5.5000000000000009 0.0745370388031006 0.36931818723678594
decision_type=2 2 2 2 2 2 2 2 2 2 2 2 2 2 2 2 2 2 2 2 2 2 2 2 2 2 2 2 2 2
left_child=6 2 16 4 20 -6 7 8 9 -1 -10 15 14 -13 -4 -9 18 -18 -2 26 -3 22 -5 29 -25 -23 27 -8 -28 -21
right_child=1 3 12 21 5 -7 19 11 10 -11 -12 13 -14 -15 -16 -17 17 -19 -20 23 -22 25 -24 24 -26 -27 28 -29 -30 -31
leaf_value=0.027276362762371692 -0.00084482735076538476 -0.01065048229276787 0.026466496242575466 0.034330583246645736 -0.098545717556307547 0.040005703917186615 0.008859716804157201 -0.082912209105539952 -0.011870848596714894 -0.025025778345041012 -0.00096679776573938838 0.0016662904746410731 0.048306945530672912 0.014938407177409688 -0.0027472481771115939 -0.00083659737713720104 0.0040255818729422058 0.041746350910838677 -0.11214001006796065 0.018063041074847182 0.043693490743489431 0.028699572861931921 -0.15867161349318937 -0.32253322326359946 -0.0053548945269361603 0.0071329428925155612 0.0089984383937236172 0.078561165311484674 0.10985201055777734 0.040132154164943784
leaf_weight=325.23843386553926 400.54936777427793 45.631372949806973 444.09846157149877 3.5593550973571828 59.189673667307943 13.641872009262441 100.71402919199318 19.548225208331132 2265.6604514933133 73.706116837915033 2444.740897591837 968.5321556518611 199.72030534729129 841.42131191608496 80.109277909388766 8.7230343805567845 71.060516430065036 46.566534386947751 2.8536721444688729 15.507836634176781 12.294724515173582 47.663936113938689 2.1194838397204876 0.13415381428785522 6.3105269324732944 47.933598712086678 1.3119596205651753 2.0975675033405414 1.9171683825552461 107.5807921186788
leaf_count=3412 5410 676 18764 46 644 238 1062 841 444036 2047 116302 120590 34550 98698 3977 343 1024 190 46 1100 162 1000 43 6 574 1268 26 4 2 9229
internal_value=0.00174779 0.0128728 0.0182762 -0.0161192 -0.040043 -0.072594 -0.000539714 -0.00139284 -0.00435126 0.0176134 -0.00621155 0.0068301 0.0292592 0.00783631 0.0220021 -0.057588 0.0030164 0.0189586 -0.00163213 0.0246207 0.000883942 0.0147688 -0.0377026 0.0348984 -0.0119573 0.0178858 0.0120661 0.0102818 0.0688763 0.0373517
internal_weight=8660.14 1476.99 1244.96 232.034 130.758 72.8315 7183.14 6947.57 5109.35 398.945 4710.4 1838.22 723.928 1809.95 524.208 28.2713 521.03 117.627 403.403 235.574 57.9261 101.276 5.67884 129.533 6.44468 95.5975 106.041 102.812 3.22913 123.089
internal_count=866310 68038 63961 4077 1720 882 798272 786269 565797 5459 560338 220472 57291 219288 22741 1184 6670 1214 5456 12003 838 2357 89 10909 580 2268 1094 1066 28 10329
is_linear=0
shrinkage=0.05


Tree=151
num_leaves=31
num_cat=0
split_feature=0 8 5 8 0 0 2 8 2 4 1 1 1 1 2 5 8 2 4 5 6 0 8 2 0 1 1 8 2 0
split_gain=80.9492 84.5369 59.9354 59.6756 57.1533 69.0143 56.832 61.1058 76.1286 67.7495 60.2616 43.37 28.8176 25.0918 17.9552 15.0273 12.2386 10.677 6.85154 6.59199 6.48761 5.24032 21.6928 4.59556 9.45882 4.32009 3.4306 2.96728 4.60349 0.283876
threshold=0.61250001192092907 8.5000000000000018 1.0000000180025095e-35 11.500000000000002 0.72077924013137828 0.84523808956146251 0.89498746395111095 11.500000000000002 0.18808962404727939 0.20463493466377261 0.063164893537759795 0.048199767246842391 0.24417344480752948 0.77913278341293346 0.7933771312236787 1.0000000180025095e-35 5.5000000000000009 0.80229884386062633 0.18379075825214389 1.0000000180025095e-35 1.0000000180025095e-35 0.36931818723678594 1.5000000000000002 0.96824595332145702 0.47222222387790685 0.88303694128990184 0.47673159837722784 5.5000000000000009 0.88273492455482494 0.72077924013137828
decision_type=2 2 2 2 2 2 2 2 2 2 2 2 2 2 2 2 2 2 2 2 2 2 2 2 2 2 2 2 2 2
left_child=6 2 13 4 17 -6 7 8 10 -10 -1 15 -13 16 -15 -9 -2 -3 26 21 -20 22 -8 -21 -25 -23 -5 29 -29 -4
right_child=1 3 27 18 5 -7 19 11 9 -11 -12 12 -14 14 -16 -17 -18 -19 20 23 -22 25 -24 24 -26 -27 -28 28 -30 -31
leaf_value=-0.0098490268307926815 0.027861906892942236 -0.010023439940151146 0.044735284120393612 -0.013230277649619605 -0.086283335745614226 0.039459345040164219 0.01728643987593707 -0.079875599007551784 0.0025702724088023663 -0.010261320656639532 0.028806400748467617 0.001582991301216795 0.014244766693917358 0.030782250571273925 0.0024215770095653722 -0.00079455176208945632 0.012420951736928783 0.04327421390277434 -0.0045474397850037993 0.050357272665923297 0.023713535642066248 0.030196396777826179 -0.12135016988747543 -0.27746102933607708 0.015282317118763065 0.014189916392944183 0.050870228309275872 0.038402448644490425 -0.02651125914773696 0.04974266239715399
leaf_weight=153.39843387508881 295.09352960577235 46.050545506412163 38.806049036269542 2.4120636321604279 64.083505257614888 13.151720821857451 20.971842421335172 19.28378569582128 1534.4502907462884 3121.0013991986925 294.1697556845902 968.5229942961887 838.35485561043606 63.249242574907839 474.35432317573577 8.7253530398302264 227.08105234848335 11.805582821369169 45.332219156436622 30.402513275388628 36.786098731681705 100.1758644816 3.2602828682865939 0.30521317501552347 2.8762425684835762 72.780472549493425 15.503314774949102 16.838546672952365 3.2599681648425749 104.58653945464175
leaf_count=2959 7677 676 4598 25 644 238 579 841 199614 358437 4787 120590 98698 2375 23140 343 3796 162 842 4373 1307 3266 90 15 414 3266 183 1256 194 20925
internal_value=0.00167183 0.0124099 0.0176876 -0.015048 -0.0367239 -0.0648717 -0.000512723 -0.00132466 -0.00413843 -0.00603199 0.0155577 0.00650073 0.0074578 0.0133406 0.00575822 -0.0552404 0.021147 0.000851983 0.0142245 0.0238974 0.00811248 0.0204099 -0.00136626 0.0443741 -0.012802 0.0234608 0.04224 0.0458657 0.0278735 0.0483875
internal_weight=8627.07 1458.39 1223.27 235.125 135.091 77.2352 7168.68 6937.91 5103.02 4655.45 447.568 1834.89 1806.88 1059.78 537.604 28.0091 522.175 57.8561 100.034 230.772 82.1183 197.188 24.2321 33.584 3.18146 172.956 17.9154 163.491 20.0985 143.393
internal_count=866310 68038 63961 4077 1720 882 798272 786269 565797 558051 7746 220472 219288 36988 25515 1184 11473 838 2357 12003 2149 7201 669 4802 429 6532 208 26973 1450 25523
is_linear=0
shrinkage=0.05


Tree=152
num_leaves=31
num_cat=0
split_feature=1 3 3 5 1 4 3 4 3 2 3 4 5 2 3 2 4 1 2 9 9 4 1 2 9 2 4 3 4 1
split_gain=72.8673 65.0866 62.0511 64.1402 103.226 98.063 136.088 56.1995 45.6356 28.0483 26.8975 48.6935 20.3139 21.7232 16.5635 15.6896 14.5364 13.948 8.4215 6.97014 4.26272 4.02166 3.06513 5.25567 4.86184 1.84036 0.735606 0.669985 1.3882 2.92968e-06
threshold=0.90121948719024669 0.16397849470376971 0.79057019948959362 1.0000000180025095e-35 0.45049019157886511 0.50225225090980541 0.32575757801532751 0.45738498866558081 0.1863425895571709 0.63373982906341564 0.89736840128898632 0.95030865073204052 1.0000000180025095e-35 0.22361110895872119 0.71825397014617931 0.80229884386062633 0.11586575210094453 0.92403846979141246 0.62115561962127697 2.5000000000000004 19.500000000000004 0.28959664702415472 0.97100839018821727 0.9634092152118684 7.5000000000000009 0.85880398750305187 0.78973686695098888 0.22401433438062671 0.46563534438610082 0.99206349253654491
decision_type=2 2 2 2 2 2 2 2 2 2 2 2 2 2 2 2 2 2 2 2 2 2 2 2 2 2 2 2 2 2
left_child=2 15 3 5 7 6 -1 -5 -7 12 11 -11 18 -14 -6 19 20 -18 -4 -2 -17 -21 23 25 -25 -3 -12 28 -24 -29
right_child=1 22 9 4 14 8 -8 -9 -10 10 26 -13 13 -15 -16 16 17 -19 -20 21 -22 -23 27 24 -26 -27 -28 29 -30 -31
leaf_value=-0.0045718376232233276 -0.069932385639974545 0.048200878440100681 0.016244731040805184 -0.022864505045786011 0.035000303847530091 0.034798569065988348 0.016611256215769876 0.0058163479784650637 -0.016421803667017381 0.020461461147873894 0.049199424441277791 -0.087841242111967865 0.025468784846748811 -0.013021300955625079 -0.013132017447942063 -0.034661941730424306 -0.055435024338570005 -0.0044184792779693302 -0.049051494691724401 0.027951135370348656 0.019414921501649612 0.064555087046849355 0.050113194866379052 0.031385348092360203 -0.019628889197617058 0.034438201045431709 0.041166234470007286 0.050069390820756447 -0.0026034898223386308 0.050027401357396931
leaf_weight=3278.0843503538781 1.4982987772673357 49.250816680956632 296.26787317730486 202.4088727037597 320.39867791748838 44.898706477833912 986.32503131090198 1093.7305415032315 1382.9645518197212 155.79016369557939 46.902343770489097 11.119197711581362 46.538293270394206 172.66343273315579 18.929876290960237 3.825543424114584 14.851880657486616 136.8287444896996 5.0217214934527865 22.260596636682749 76.881158031523228 11.319795213639734 3.6504864376038304 13.386795184167569 7.1729796780273309 47.929458209080622 72.623089448781684 4.3881135121919206 1.8981633967487139 77.90633072797209
leaf_count=627592 15 4156 2109 126594 18730 690 9898 8536 16074 4789 2960 239 173 1698 1176 54 290 1654 124 218 1405 26 305 1948 883 6151 7240 552 287 19744
internal_value=0.00159611 0.0206731 0.00048674 -0.000962388 0.00776475 -0.00346982 0.000327649 0.00133746 -0.0148112 0.0136464 0.0262124 0.0132465 0.00673103 -0.00484955 0.0323152 0.00441301 -0.000291963 -0.00941379 0.0151564 0.0355823 0.0168516 0.0402902 0.0418276 0.0365542 0.0135873 0.0414131 0.0443185 0.0488958 0.0320791 0.0500296
internal_weight=8607.72 473.049 8134.67 7327.74 1635.47 5692.27 4264.41 1296.14 1427.86 806.926 286.435 166.909 520.491 219.202 339.329 267.466 232.387 151.681 301.29 35.0787 80.7067 33.5804 205.583 117.74 20.5598 97.1803 119.525 87.8431 5.54865 82.2944
internal_count=866310 37688 828622 809290 155036 654254 637490 135130 16764 19332 15228 5028 4104 1871 19906 3662 3403 1944 2233 259 1459 244 34026 13138 2831 10307 10200 20888 592 20296
is_linear=0
shrinkage=0.05


Tree=153
num_leaves=31
num_cat=0
split_feature=8 1 8 2 2 8 8 1 1 6 2 2 2 1 9 2 4 5 4 2 2 9 2 6 2 4 9 1 2 1
split_gain=71.385 53.5861 49.285 67.9475 89.3306 36.7609 31.0416 27.9203 60.7845 22.9848 22.9398 30.583 20.288 18.8823 18.6539 18.6426 27.7898 17.8697 27.3883 17.8138 17.4185 16.2919 13.8517 12.6924 9.03667 6.84872 4.4778 3.42253 0.241838 1.07157
threshold=1.0000000180025095e-35 0.048199767246842391 11.500000000000002 0.17712418735027316 0.6442561447620393 7.5000000000000009 2.5000000000000004 0.24417344480752948 0.1742581129074097 1.0000000180025095e-35 0.41612553596496588 0.13873296231031421 0.41712453961372381 0.12390350922942163 112.50000000000001 0.92718276381492626 0.48507130146026617 1.0000000180025095e-35 0.80082646012306224 0.40709352493286138 0.1627137288451195 82.500000000000014 0.45407685637474066 1.0000000180025095e-35 0.13873296231031421 0.73557159304618847 53.500000000000007 0.063164893537759795 0.93788579106330883 0.93405798077583324
decision_type=2 2 2 2 2 2 2 2 2 2 2 2 2 2 2 2 2 2 2 2 2 2 2 2 2 2 2 2 2 2
left_child=9 6 3 5 -5 -3 23 8 -4 10 11 27 13 -12 -9 16 19 18 -8 -11 -19 -14 -18 24 -2 -13 -25 -1 29 -17
right_child=1 2 7 4 -6 -7 17 14 -10 15 12 25 21 -15 -16 28 22 20 -20 -21 -22 -23 -24 26 -26 -27 -28 -29 -30 -31
leaf_value=0.0087140003371275875 -0.010271413338543055 0.028520265712270981 0.011258925876969833 -0.0095063398760217768 0.0033994202968323007 -0.015981279087223025 -0.072103271543783681 0.013083908948494356 -0.014600279750082183 0.092131579872710229 0.32702806962439618 -0.048139161469863134 0.010508211467290607 -0.0070703598651024385 0.11188177259326387 0.048157823795069228 -0.02170446822509527 0.0066610670345512296 -0.31248904185515369 0.027083485602849872 -0.13393399752592597 0.046578499893073645 0.016619422746602906 0.0073439110219956629 -0.082200703957320195 -0.23229298069308496 0.057767719020523217 0.047979061497808145 0.048520430362261835 -0.019264376365061949
leaf_weight=15.190349807846362 16.005591805209409 260.67242070139037 599.65036289740237 2752.7460629872367 2614.1439464535506 56.457032820384484 38.225576649434515 926.46355171425967 365.92328032822115 16.709471033129375 0.98839449029764981 32.954311060879263 570.77262988511939 0.73918741178931668 4.8024097711895584 3.2201912323944266 34.46179248765111 13.236359344067749 1.2228227853775013 28.437905668455642 2.6428296206577206 33.121454583946615 74.653732520178892 11.922767343115995 6.0046894958068142 0.5127353947609653 6.9806689471006385 8.744583406543823 76.179331536230166 0.72133447392843653
leaf_count=170 372 3198 49089 479023 85307 1729 1979 100897 71502 69 47 13002 35503 300 157 380 182 438 11 504 248 340 3351 51 1573 6 10 43 16710 119
internal_value=0.00152681 -3.29744e-05 0.000437698 -0.00189123 -0.00322011 0.0205979 -0.0371075 0.0074165 0.00145907 0.0148704 0.0101127 -0.0200964 0.012976 0.184076 0.0135934 0.0283289 0.0181664 -0.0615263 -0.0795548 0.0511584 -0.0167387 0.0124865 0.00451565 -0.00408598 -0.0298947 -0.0509605 0.0259644 0.0230594 0.0478956 0.035819
internal_weight=8574.51 7677.1 7580.86 5684.02 5366.89 317.129 96.2413 1896.84 965.574 897.407 663.024 57.402 605.622 1.72758 931.266 234.384 154.263 55.3276 39.4484 45.1474 15.8792 603.894 109.116 40.9137 22.0103 33.467 18.9034 23.9349 80.1209 3.94153
internal_count=866310 795584 790902 569257 564330 4927 4682 221645 120591 70726 49411 13221 36190 347 101054 21315 4106 2676 1990 573 686 35843 3533 2006 1945 13008 61 213 17209 499
is_linear=0
shrinkage=0.05


Tree=154
num_leaves=31
num_cat=0
split_feature=0 5 1 0 1 0 2 2 2 4 0 2 2 1 1 4 4 0 1 9 2 9 4 4 4 1 1 1 2 2
split_gain=69.3679 128.686 106.227 88.1491 375.276 234.19 146.775 105.791 94.2626 75.8531 55.4901 66.2885 43.2009 41.4099 44.7878 40.5255 208.266 35.1382 23.3575 14.0688 13.8065 11.5774 11.4833 9.34321 10.8303 10.9791 4.15253 3.32862 3.3017 1.36224
threshold=0.47222222387790685 1.0000000180025095e-35 0.46737588942050939 1.0000000180025095e-35 0.40682870149612432 0.19090909510850909 0.56562754511833202 0.42933948338031774 0.27812939882278448 0.24452438205480578 0.61250001192092907 0.63373982906341564 0.71516755223274242 0.75255101919174205 0.26138716936111456 0.18910679221153262 0.18773496150970462 0.34848485887050634 0.29478609561920172 64.500000000000014 0.61633428931236278 30.500000000000004 0.4360338300466538 0.3891009390354157 0.2996350377798081 0.84045451879501354 0.81016731262207042 0.063164893537759795 0.70064935088157665 0.84889996051788341
decision_type=2 2 2 2 2 2 2 2 2 2 2 2 2 2 2 2 2 2 2 2 2 2 2 2 2 2 2 2 2 2
left_child=3 2 12 4 6 13 8 17 -1 -9 11 -4 19 14 -5 16 -6 -7 -8 -2 -12 -17 -14 24 28 -26 27 -25 -3 -15
right_child=1 23 10 5 15 7 18 9 -10 -11 20 -13 22 29 -16 21 -18 -19 -20 -21 -22 -23 -24 26 25 -27 -28 -29 -30 -31
leaf_value=0.0052937038970086942 0.027653843326628472 -0.018527655524835231 -0.037496816884142817 -0.017559626362556438 0.088220937650257125 0.030886536780494613 0.10456160173017288 0.0033941679268164938 -0.012896518648958924 -0.019341341162955206 0.031858163211115918 -0.0033940871137853159 -0.014296121449277275 0.063292130007787939 -0.060040815056757485 0.042033052887493351 1.5644587191727579 -0.047392676462026662 0.034175816416949514 0.051312599371970913 0.0059811656645346383 0.070503527316213788 0.020607685451126071 -0.15112497985224249 -0.074061910085471847 0.053582361463834896 0.047285182410531049 0.035262191430898433 0.046493750787334226 0.011729232164731514
leaf_weight=1373.2052471813076 320.94742435205262 2.4097718540579107 165.13933051901404 81.228173827999854 49.212274972698651 252.06069463008316 34.334891801117919 747.28489669054397 1479.5694574241352 720.65071332620573 53.998062061495148 1039.1810479263077 74.418519321363419 8.1038290625438076 262.71874362108065 238.45432488404913 0.24008207695442152 15.200500738603294 17.948329013277544 78.133954369928688 1135.1672316676122 41.996516497340053 34.483958573080599 0.2398292541038235 6.1187680810689908 2.3246652379166335 106.74371661490295 196.30789430474397 10.286204333184285 1.5213895519264031
leaf_count=88297 5021 39 4533 43895 3582 46926 972 88492 309969 40944 962 21444 1805 37 118421 9520 40 1811 1369 194 36619 1128 1244 17 121 88 22408 16173 203 36
internal_value=0.0014558 0.00724153 0.00390218 -0.00205005 0.00311984 -0.0100569 -0.00261903 -0.00249946 -0.00414051 -0.00776733 -0.000505275 -0.00807034 0.0246689 -0.0471458 -0.0500083 0.0536552 0.0953878 0.0264344 0.0803988 0.0322859 0.0071562 0.0462964 -0.00324383 0.0371062 0.00496656 -0.0389186 0.0393463 0.0350348 0.0341523 0.055142
internal_weight=8549.63 3225.9 2901.47 5323.73 3234.96 2088.77 2905.06 1735.2 2852.77 1467.94 2393.49 1204.32 507.984 353.572 343.947 329.903 49.4524 267.261 52.2832 399.081 1189.17 280.451 108.902 324.431 21.1394 8.44343 303.291 196.548 12.696 9.62522
internal_count=866310 110871 71822 755439 414877 340562 400607 178173 398266 129436 63558 25977 8264 162389 162316 14270 3622 48737 2341 5215 37581 10648 3049 39049 451 209 38598 16190 242 73
is_linear=0
shrinkage=0.05


Tree=155
num_leaves=31
num_cat=0
split_feature=0 3 3 4 3 3 4 1 0 0 1 1 1 1 4 4 4 8 0 4 1 3 4 3 1 0 3 8 1 1
split_gain=64.6614 103.852 58.4503 51.2444 167.923 75.0759 155.651 63.0187 53.5795 46.3065 31.7204 13.3382 16.1635 12.7346 11.2653 9.6462 17.0815 9.40048 29.8012 8.08675 4.30746 3.61816 2.38537 1.76539 1.91334 1.63574 1.11526 0.231762 0.541302 3.30911e-06
threshold=0.86607143282890331 0.11882352828979494 0.8603896200656892 0.19367341697216037 0.082207206636667265 0.057983193546533592 1.0000000180025095e-35 0.40682870149612432 0.78888890147209179 0.16025641560554507 0.91751700639724743 0.42980295419692999 0.09175084158778192 0.75255101919174205 0.3031544983386994 0.085960593074560179 0.15638586878776553 14.500000000000002 0.31666667759418493 0.23265838623046878 0.9529346525669099 0.87749999761581432 0.31273855268955236 0.23303167521953586 0.29217478632926946 0.10555555671453477 0.22902098298072818 1.0000000180025095e-35 0.96490147709846508 0.99206349253654491
decision_type=2 2 2 2 2 2 2 2 2 2 2 2 2 2 2 2 2 2 2 2 2 2 2 2 2 2 2 2 2 2
left_child=2 13 3 5 10 6 -1 -7 -6 11 -5 12 -4 14 19 20 -17 18 -11 -2 -15 -19 -16 24 -3 -13 -26 29 -29 -25
right_child=1 23 9 4 8 7 -8 -9 -10 17 -12 25 -14 15 22 16 -18 21 -20 -21 -22 -23 -24 27 26 -27 -28 28 -30 -31
leaf_value=0.0057419657003821775 0.01861443259520066 -0.026711333996120107 0.025399206501263122 -0.044873838432805305 -0.00051060633914310892 0.0025941224566210798 -0.045736766274506617 0.034929465929417099 -0.03446082266445772 -0.03325542341255424 0.044985176390008548 0.050333704559042194 -0.0048296198481992091 -0.012882528068965331 0.10133282870214788 -0.070986462624700611 -0.0090878522246683451 -0.043082480980524945 0.034018185695292906 -0.047297552612410962 0.015860889239074871 0.049561712352816673 0.050466663246439662 0.050043106335908041 0.039429162807429655 -0.038240801994324003 -0.026941925272871526 0.046944670476449138 0.016423880974371505 0.050024851292233913
leaf_weight=1251.4835752645158 25.952935162466023 1.2035095933824802 54.577252633869648 262.71990325680235 5105.0059442235506 269.61456740817812 166.35563507751795 341.57668242836371 118.91974303429015 18.571795668918639 10.202373206615446 15.758023135364056 233.05393323395401 17.592557888012379 3.0533435065299264 12.248744805343447 123.75707136560231 1.0700065493583668 144.91565094247926 5.6702826111577442 50.304390914272517 69.924852462485433 9.4017762839794141 38.480938431574032 25.373884232132699 0.53906837105751115 0.64912281697615881 62.286731089930981 1.4874335208442051 69.952489854302257
leaf_count=22518 312 14 248 341306 237270 36582 165624 5994 3649 302 105 575 667 299 4 235 1632 26 10426 77 1072 2369 28 7225 1118 5 64 6577 280 19707
internal_value=0.00139079 0.0198925 0.000364291 -0.000774276 -0.00328097 0.00601662 -0.000298054 0.0206654 -0.00128346 0.0162791 -0.0415147 0.00339949 0.00090622 -0.00171044 0.0226594 -0.00697855 -0.0146625 0.0329733 0.0263761 0.00679591 0.00841328 0.0481654 0.0629364 0.0467541 0.0349231 0.0474039 0.0377736 0.0486246 0.0462328 0.0500313
internal_weight=8511.7 447.415 8064.29 7525.88 5496.85 2029.03 1417.84 611.191 5223.93 538.411 272.922 303.928 287.631 247.981 44.0783 203.903 136.006 234.482 163.487 31.6232 67.8969 70.9949 12.4551 199.434 27.2265 16.2971 26.023 172.208 63.7742 108.433
internal_count=866310 38644 827666 813048 582330 230718 188142 42576 240919 14618 341411 1495 915 3659 421 3238 1867 13123 10728 389 1371 2395 32 34985 1196 580 1182 33789 6857 26932
is_linear=0
shrinkage=0.05


Tree=156
num_leaves=31
num_cat=0
split_feature=8 3 5 0 1 0 0 3 8 0 3 2 1 1 1 3 0 5 1 1 2 1 5 2 3 8 6 0 0 3
split_gain=62.1404 51.9036 59.419 80.0576 51.4112 68.5511 48.4751 43.6469 42.6033 34.6738 40.2052 38.6421 34.0924 30.1582 29.8606 20.3529 17.9805 16.4523 14.2031 13.8487 14.4825 10.666 8.84276 7.98605 6.7751 8.60572 4.54263 3.90592 3.70492 0.789279
threshold=1.0000000180025095e-35 0.86811593174934398 1.0000000180025095e-35 0.2264957278966904 0.069366481155157103 1.0000000180025095e-35 0.19090909510850909 0.57518798112869274 2.5000000000000004 0.31666667759418493 0.2639319002628327 0.13873296231031421 0.556623935699463 0.74133810400962841 0.54631218314170849 0.71825397014617931 0.61250001192092907 1.0000000180025095e-35 0.084523811936378493 0.42980295419692999 0.17712418735027316 0.04124149680137635 1.0000000180025095e-35 0.10596491396427156 0.94868421554565441 10.500000000000002 1.0000000180025095e-35 0.13809524476528171 0.31666667759418493 0.87749999761581432
decision_type=2 2 2 2 2 2 2 2 2 2 2 2 2 2 2 2 2 2 2 2 2 2 2 2 2 2 2 2 2 2
left_child=9 2 4 7 8 -6 19 -4 -2 11 12 21 14 18 -11 -5 22 -14 -13 20 -3 23 -12 -1 25 -8 -23 -15 -26 -21
right_child=1 6 3 15 5 -7 24 -9 -10 10 16 13 17 27 -16 -17 -18 -19 -20 29 -22 26 -24 -25 28 -27 -28 -29 -30 -31
leaf_value=-0.039697868091199788 0.0022330121260497652 0.025856876953629621 0.0072928795495810026 0.033647717523951536 0.0063680802764367207 -0.006307650735514341 0.028784290501030336 -0.013608154408930978 -0.049673411802366535 0.026495907924949019 0.016593050602884355 0.0029384977109593322 0.00093388538403095631 -0.013985188128106006 0.11357968623503512 -0.0095377539168097197 0.049595436875321038 0.055725066454223607 -0.042973737256659338 0.0061092334707121112 -0.0044995611047327572 0.033263409997581546 0.046867680437853415 0.041818528095342325 0.026792189106521303 -0.025128304425917652 0.07434139360616597 0.041530943171004024 0.046132643271767013 0.050360097182632624
leaf_weight=6.6433626477373746 62.295327602943871 46.942748926579952 925.11732813020353 291.02629075408913 1472.6162066257966 3868.7589991965215 53.293049204279669 342.16344383056276 108.17974965846224 78.118715238699224 115.4557006796822 21.559127855143743 354.59394557081396 3.8387354752048877 11.26310301577905 30.10514298605267 111.34777378477156 14.251430904259903 77.03262857037771 1.0778769813478 241.01031732466072 13.567899808345828 30.488977835746482 5.4854593149502762 32.941936621908098 8.5958578372374159 13.354658506810665 18.140538076055236 99.720460276119411 15.475392140913755
leaf_count=105 3062 282 128573 18146 272023 351098 2911 1654 5114 2744 3642 3027 7299 170 163 1989 27230 772 21503 22 619 80 3405 39 378 268 32 515 8892 553
internal_value=0.00132827 -0.000124691 -0.00122021 0.00730024 -0.00367564 -0.00281295 0.0154616 0.00164964 -0.0307057 0.0139451 0.0186458 -0.00712641 0.00976458 -0.0211271 0.0374694 0.0295992 0.0344629 0.0030509 -0.0329341 0.00300578 0.000449213 0.0361008 0.0229177 -0.00283074 0.0349571 0.0212963 0.0536397 0.0318349 0.0413301 0.0474787
internal_weight=8474.46 7599.32 7100.26 1588.41 5511.85 5341.38 499.058 1267.28 170.475 875.142 715.52 159.622 458.227 120.571 89.3818 321.131 257.292 368.845 98.5918 304.506 287.953 39.0514 145.945 12.1288 194.551 61.8889 26.9226 21.9793 132.662 16.5533
internal_count=866310 795584 781659 150362 631297 623121 13925 130227 8176 70726 45255 25471 10978 25215 2907 20135 34277 8071 24530 1476 901 256 7047 144 12449 3179 112 685 9270 575
is_linear=0
shrinkage=0.05


Tree=157
num_leaves=31
num_cat=0
split_feature=0 5 1 0 1 0 3 1 8 8 3 9 3 3 0 3 8 8 1 1 9 1 9 1 8 8 3 3 8 1
split_gain=60.5897 113.069 98.5685 79.6839 342.551 218.32 141.158 66.3847 57.9805 63.7051 52.1926 47.6542 35.0775 43.2602 31.3306 23.8584 31.7641 15.4241 13.2878 10.1522 8.70812 6.53333 6.09055 8.43546 5.63932 4.58657 4.11581 0.654691 0.235654 1.06378
threshold=0.47222222387790685 1.0000000180025095e-35 0.39173060655593878 1.0000000180025095e-35 0.40682870149612432 0.16025641560554507 0.12310606241226198 0.27823315560817724 1.5000000000000002 15.500000000000002 0.89736840128898632 81.500000000000014 0.057983193546533592 0.15707236528396609 0.61250001192092907 0.30217391252517706 29.500000000000004 17.500000000000004 0.34307037293910986 0.76253134012222301 2.5000000000000004 0.8473193645477296 22.500000000000004 0.59417229890823375 3.5000000000000004 22.500000000000004 0.13188406080007556 0.94868421554565441 1.0000000180025095e-35 0.9529346525669099
decision_type=2 2 2 2 2 2 2 2 2 2 2 2 2 2 2 2 2 2 2 2 2 2 2 2 2 2 2 2 2 2
left_child=3 2 17 4 6 15 25 -8 11 -10 14 -7 24 -14 -4 19 -17 20 -19 -5 -2 22 26 -24 -6 -1 -3 -12 -23 -30
right_child=1 21 10 5 12 8 7 -9 9 -11 27 -13 13 -15 -16 16 -18 18 -20 -21 -22 28 23 -25 -26 -27 -28 -29 29 -31
leaf_value=-0.047962393965746031 0.053281955840364527 -0.0039381326177268337 -0.0058183989877640162 -0.050230576823063249 -0.059369027714640282 0.0067116231903807102 -0.0025654179102679226 0.021593072076448335 -0.013177840302731973 0.019570802188434114 0.03585815090799694 0.069572055271553843 0.10237729165781317 0.047973322679511682 0.0053829113351354686 -0.096117445331295889 0.028712034983788361 -0.14601837920093289 0.0071474342360308158 0.061967900089335518 0.029214654959656902 0.050166348118703602 0.041736723756014393 -0.043524257844073599 0.0053639880215170061 -0.013961618081284072 0.034746373339519958 0.045911041108974357 0.047354736366564981 0.015936802982472378
leaf_weight=165.30642975556839 44.561940929736011 7.1248670667409888 1347.2490769346477 111.3054624307988 6.7215043915493862 398.23405272749369 2398.4117732986342 322.60888995148707 1289.684894055652 167.82456396165071 24.533784449100494 32.619516202394152 42.417041922570206 263.72068161447532 1163.3015977607574 61.645764754153788 5.5553976837545624 2.1824943489627904 4.0320081387180835 2.0533506211359045 240.0392336405348 47.447586051886901 5.4356726275291276 6.2212847890332341 6.7363427762757055 10.551719032708204 196.66885798441945 47.652134279021993 33.25647349312203 2.9317437487188718
leaf_count=339750 874 50 26424 87506 3658 36553 38324 2995 190594 25209 2426 291 1391 3623 33580 383 15 89 44 11 3595 13406 108 205 5598 19538 18785 4790 5917 578
internal_value=0.00126764 0.00672978 0.00368455 -0.0020111 0.00291268 -0.00966591 -0.00250705 0.000298854 -0.00464349 -0.00940701 0.000577144 0.0114707 0.0520382 0.0555113 -0.000628103 -0.0621922 -0.085798 0.0312815 -0.0466434 -0.0481982 0.032983 0.0359876 0.0313833 -0.00376682 -0.0269668 -0.0459223 0.0333939 0.0424944 0.0478485 0.0448095
internal_weight=8458.04 3172.64 2873.55 5285.4 3216.47 2068.92 2896.88 2721.02 1888.36 1457.51 2582.74 430.854 319.596 306.138 2510.55 180.56 67.2012 290.816 6.2145 113.359 284.601 299.086 215.451 11.657 13.4578 175.858 203.794 72.1859 83.6358 36.1882
internal_count=866310 110871 71822 755439 414877 340562 400607 41319 252647 215803 67220 36844 14270 5014 60004 87915 398 4602 133 87517 4469 39049 19148 313 9256 359288 18835 7216 19901 6495
is_linear=0
shrinkage=0.05


Tree=158
num_leaves=31
num_cat=0
split_feature=0 5 1 0 1 0 2 2 2 4 0 2 8 0 2 4 4 8 1 8 1 8 8 4 4 8 8 1 2 4
split_gain=55.109 107.079 93.4195 72.1765 317.523 204.29 137.166 86.3644 78.4995 57.6309 52.6765 64.3375 60.3737 47.5634 38.4166 30.2139 34.3607 29.4712 23.3555 16.3229 15.9108 16.5338 12.2668 9.44545 10.1361 22.9471 4.57308 5.16464 3.33719 0.00332606
threshold=0.47222222387790685 1.0000000180025095e-35 0.48212005198001867 1.0000000180025095e-35 0.40682870149612432 0.16025641560554507 0.56562754511833202 0.27812939882278448 0.35355392098426824 0.19367341697216037 0.61250001192092907 0.64747309684753429 8.5000000000000018 0.2264957278966904 0.71209660172462474 0.18910679221153262 0.18773496150970462 7.5000000000000009 0.29478609561920172 3.5000000000000004 0.75255101919174205 29.500000000000004 12.500000000000002 0.3891009390354157 0.2996350377798081 10.500000000000002 1.0000000180025095e-35 0.080540537834167494 0.70064935088157665 0.41206791996955877
decision_type=2 2 2 2 2 2 2 2 2 2 2 2 2 2 2 2 2 2 2 2 2 2 2 2 2 2 2 2 2 2
left_child=3 2 14 4 6 20 7 -1 13 -10 11 -4 -12 -7 19 16 -6 -16 -8 -2 21 -5 -17 24 28 -26 29 -28 -3 -25
right_child=1 23 10 5 15 8 18 -9 9 -11 12 -13 -14 -15 17 22 -18 -19 -20 -21 -22 -23 -24 26 25 -27 27 -29 -30 -31
leaf_value=0.0051986806840369614 0.040865200585699209 -0.021485429325173257 -0.036600652982927508 -0.065777136188758842 0.081253170361154592 -0.0098096850049421251 0.10482963034823603 -0.012257303307634712 0.0036553967385633541 -0.014912219045510539 0.011545051865559212 -0.0034749071758775219 -0.020217876315936884 0.049889731886541083 0.0032565297088926193 0.038402392998730786 0.40487815807023103 -0.10408517086423393 0.032831347215045374 0.020962093355175862 0.058104119177231343 0.015312102301662134 0.064851331592901018 0.052583994867179608 -0.020073201524888628 -0.38706416676555133 -0.24917316441645762 0.034656582276950641 0.045549263934315548 0.050058407112706454
leaf_weight=1369.1342445467453 176.0639606671175 2.3152478747069862 171.99807341652922 166.246376678464 48.227332346490584 49.806645724136615 32.533158885053126 1468.6565274734603 700.59528177286847 1035.7320877827879 980.06495209399145 991.84532107878476 176.5563753307797 101.05963899529888 113.54263432021253 206.81045801044093 0.83438594080507655 6.7760174735449246 17.228919673216296 248.28335189714562 2.7688232897780827 6.5331926717917659 55.630425271869171 1.3332999632693816 7.8286920187529159 0.45045677386224259 0.16039775311946769 208.6370266128215 9.3724456399213505 58.528335796669126
leaf_count=88297 2070 39 4861 86494 3582 25190 972 309969 75622 142736 35491 20612 1875 9099 3159 9826 40 179 1369 3575 21 1400 822 37 202 7 1 22361 203 16199
internal_value=0.00121165 0.00643793 0.00351376 -0.00192082 0.0027815 -0.00921354 -0.00239233 -0.0038354 -0.00441442 -0.00742032 -0.000860391 -0.00837038 0.00669649 0.0301807 0.0221492 0.0507417 0.086757 -0.00278866 0.079902 0.02922 -0.0608054 -0.062711 0.0440089 0.0354656 0.00228686 -0.0400407 0.0379314 0.0344385 0.0322702 0.0501147
internal_weight=8415.55 3153.76 2865.13 5261.8 3199.06 2062.74 2887.55 2837.79 1887.19 1736.33 2320.46 1163.84 1156.62 150.866 544.666 311.503 49.0617 120.319 49.7621 424.347 175.548 172.78 262.441 288.626 19.9668 8.27915 268.659 208.797 11.6877 59.8616
internal_count=866310 110871 71822 755439 414877 340562 400607 398266 252647 218358 62839 25473 37366 34289 8983 14270 3622 3338 2341 5645 87915 87894 10648 39049 451 209 38598 22362 242 16236
is_linear=0
shrinkage=0.05


Tree=159
num_leaves=31
num_cat=0
split_feature=8 1 8 2 2 8 0 2 1 8 1 0 1 4 1 4 6 0 9 1 6 4 6 4 1 2 2 6 4 0
split_gain=52.7501 47.2253 44.356 61.0158 71.9855 33.0948 29.7488 35.3249 26.7684 26.6684 24.3309 80.5963 69.6853 19.6011 19.5459 25.3319 20.7365 18.182 16.3964 12.8441 11.7469 11.6863 13.1946 13.0707 10.1847 8.55992 7.21993 4.48098 4.28708 3.58441
threshold=1.0000000180025095e-35 0.048199767246842391 11.500000000000002 0.17712418735027316 0.6442561447620393 7.5000000000000009 0.31666667759418493 0.13873296231031421 0.75255101919174205 2.5000000000000004 0.22611077129840854 1.0000000180025095e-35 0.1742581129074097 0.48507130146026617 0.56306818127632152 0.23105625808238986 1.0000000180025095e-35 0.68333333730697643 34.500000000000007 0.084523811936378493 1.0000000180025095e-35 0.70473173260688793 1.0000000180025095e-35 0.48507130146026617 0.04124149680137635 0.13873296231031421 0.10596491396427156 1.0000000180025095e-35 0.32620137929916387 0.13809524476528171
decision_type=2 2 2 2 2 2 2 2 2 2 2 2 2 2 2 2 2 2 2 2 2 2 2 2 2 2 2 2 2 2
left_child=6 9 3 5 -5 -3 7 24 19 20 12 -12 -4 14 15 -8 -16 18 -15 -9 25 23 -23 -11 26 -2 -1 -26 -22 -10
right_child=1 2 10 4 -6 -7 13 8 29 21 11 -13 -14 17 16 -17 -18 -19 -20 -21 28 22 -24 -25 27 -27 -28 -29 -30 -31
leaf_value=-0.03736303849543917 -0.010518278698401195 0.027195968127677269 0.010527265057203812 -0.0089368295530073364 0.0027631605167243328 -0.015134503719982576 0.048209354607679736 0.0032647390999542892 -0.019799222905091486 -0.054587144258334309 0.030677188379410105 0.0011952676515518314 -0.019769649708798409 0.019306340714212514 0.0036537925117424274 -0.0061414126303944178 0.0459102804284778 0.049432156231462632 -0.42035834404336403 -0.040491388616515023 0.055637116261957525 0.04807614468537242 -0.057863560845312495 -0.1190311739412995 0.032331271682824216 -0.081921421006135989 0.040310661858953531 0.073868193953421854 0.0060210066113121179 0.041490067469015735
leaf_weight=6.7204299530130793 15.90846411616076 255.1947614857927 596.22431832765869 2697.793185178045 2564.2401062573481 56.373407421750017 70.33440648028045 21.446628145044087 2.776271969079974 31.757615362061188 372.68089538707864 613.30723496842256 278.42558730889868 122.41796526743565 364.58681054710178 30.838542987883557 31.544676284538582 77.918618260941003 0.21242094039916892 76.932710978289833 7.0430301590822664 4.9367847889661771 7.2634413912892342 10.459624720737336 13.220055679033976 5.7017076162592266 5.3922125459648669 12.760007604956627 11.401667020749299 16.950590030523017
leaf_count=105 372 3198 49089 479023 85307 1729 2101 3027 122 2568 46733 72330 53493 6498 11018 1463 1944 22222 9 21565 15 8 31 69 80 1573 39 32 46 501
internal_value=0.00115862 -0.000177264 0.000269144 -0.00196233 -0.00323531 0.0195369 0.0129348 -0.00678964 -0.0202934 -0.035306 0.00695358 0.0123388 0.000882908 0.0173497 0.0120283 0.0316427 0.00701875 0.0305453 0.0185448 -0.0309526 -0.004342 -0.0580976 -0.0149954 -0.0705536 0.0350788 -0.0293575 -0.00278486 0.052732 0.0249667 0.0328645
internal_weight=8382.76 7528.71 7434.24 5573.6 5262.03 311.568 854.052 156.199 118.106 94.4723 1860.64 985.988 874.65 697.853 497.304 101.173 396.131 200.549 122.63 98.3793 40.0549 54.4175 12.2002 42.2172 38.0927 21.6102 12.1126 25.9801 18.4447 19.7269
internal_count=866310 795584 790902 569257 564330 4927 70726 25471 25215 4682 221645 119063 102582 45255 16526 3564 12962 28729 6507 24592 2006 2676 39 2637 256 1945 144 112 61 623
is_linear=0
shrinkage=0.05


Tree=160
num_leaves=31
num_cat=0
split_feature=3 4 3 3 4 9 0 3 4 0 0 9 3 4 9 0 1 6 8 4 1 1 0 0 1 1 9 1 1 0
split_gain=53.6661 40.9771 138.032 67.5742 149.087 62.5933 62.0641 48.518 46.6361 37.5348 34.8837 33.8687 27.6451 60.3953 27.7143 27.4752 26.4694 23.4037 21.8328 19.1411 13.6668 18.4167 11.0509 9.47303 7.99223 6.23293 4.8961 4.72522 8.89595 5.68374
threshold=0.79057019948959362 0.19678585231304171 0.082207206636667265 0.057983193546533592 1.0000000180025095e-35 48.500000000000007 0.84523808956146251 0.11882352828979494 0.36406117677688604 1.0000000180025095e-35 0.19090909510850909 50.500000000000007 0.89736840128898632 0.95030865073204052 1.0000000180025095e-35 0.19090909510850909 0.47673159837722784 1.0000000180025095e-35 8.5000000000000018 0.69538706541061412 0.42980295419692999 0.13397436589002612 0.72077924013137828 0.10555555671453477 0.93844696879386913 0.056349206715822227 1.0000000180025095e-35 0.2336879447102547 0.19538705796003344 0.095454547554254546
decision_type=2 2 2 2 2 2 2 2 2 2 2 2 2 2 2 2 2 2 2 2 2 2 2 2 2 2 2 2 2 2
left_child=1 3 8 4 15 16 9 -8 22 -4 19 -7 13 18 -15 -1 -5 -6 -12 27 21 -21 -3 -22 -10 -14 -27 28 -2 -29
right_child=10 2 6 5 17 11 7 -9 24 -11 12 -13 25 14 -16 -17 -18 -19 -20 20 23 -23 -24 -25 -26 26 -28 29 -30 -31
leaf_value=-0.029478007894793209 0.018632002694230321 -0.047054191907341579 0.0025835551490161787 -5.6904967492523571e-05 -0.044641838201973899 0.16202071123258402 -0.0040742444845133568 0.044608978816442969 0.0059357281950936638 -0.0061773406401432855 0.027835551429143658 0.043389232873753319 -0.28448406142576782 -0.17683343834356746 -0.037319580532477685 0.0071791247758946977 0.022508966719439933 0.071749980355511986 -0.013324673835700952 0.010317946766997571 0.050280185676852246 -0.016335375562466697 -0.020454348607732951 -0.058911446013935144 0.064628679143281964 0.044787970750317707 0.027311433439850527 0.045185234751228993 -0.050193804314918204 -0.0041413075394876138
leaf_weight=53.264462101098616 62.434941526502371 216.42238517156511 2449.8262043975701 265.2666113038722 183.44964991252345 6.3021110880654296 83.831774180755019 131.389268841187 13.618568298436005 2440.5146042965498 163.26044491189532 132.72185677808011 0.149212128482758 4.9916208882350501 12.408609241247175 1267.7949241665192 254.74952697017579 4.4230930543271816 40.138563101179898 103.71780454739928 16.841061178594831 172.77414158172905 47.641653881873935 2.2519283276051274 10.102915823459623 117.1357447183691 60.917076826852281 30.11348960455507 5.0766887515783301 7.2450563833117476
leaf_count=12845 191 322553 157948 38790 179427 147 297 25434 4556 76595 7396 2149 9 109 301 11180 5805 46 531 419 632 501 1555 31 10 11280 5320 215 15 23
internal_value=0.00110508 -0.000197471 -0.00253114 0.00560809 -0.000225752 0.0189652 -0.000632063 0.0256461 -0.0362224 -0.00178855 0.0134247 0.0487669 0.0238881 0.0120645 -0.0773421 0.00570113 0.0109978 -0.0419016 0.019713 0.00299929 -0.00351191 -0.00633717 -0.0422551 0.0374015 0.0309329 0.038538 0.0388087 0.0213516 0.0134565 0.0356192
internal_weight=8360.78 7561.32 5393.35 2167.97 1508.93 659.04 5105.56 215.221 287.786 4890.34 799.456 139.024 399.001 220.799 17.4002 1321.06 520.016 187.873 203.399 400.455 295.585 276.492 264.064 19.093 23.7215 178.202 178.053 104.87 67.5116 37.3585
internal_count=866310 839337 588948 250389 203498 46891 260274 25731 328674 234543 26973 2296 24946 8337 410 24025 44595 179473 7927 2027 1583 920 324108 663 4566 16609 16600 444 206 238
is_linear=0
shrinkage=0.05


Tree=161
num_leaves=31
num_cat=0
split_feature=3 5 0 4 3 4 4 9 4 0 4 9 3 0 3 4 8 8 5 3 9 9 8 0 0 4 9 0 3 0
split_gain=49.3108 59.4591 110.636 88.7033 72.9236 98.5194 71.1552 70.6203 77.7841 50.7816 47.5145 80.5961 77.1378 32.8164 26.8547 52.0948 23.677 20.3953 19.4109 15.8976 37.0529 11.1421 10.812 17.8534 8.65828 7.06949 5.41057 17.0512 2.81909 2.10377
threshold=0.79057019948959362 1.0000000180025095e-35 0.2264957278966904 0.81091719865798961 0.47338935732841497 0.18731725215911868 0.60440891981124889 1.0000000180025095e-35 0.91905540227890026 0.095454547554254546 0.45738498866558081 24.500000000000004 0.44949495792388922 0.19090909510850909 0.89736840128898632 0.95030865073204052 8.5000000000000018 8.5000000000000018 1.0000000180025095e-35 0.71825397014617931 1.0000000180025095e-35 17.500000000000004 26.500000000000004 0.10555555671453477 0.095454547554254546 0.36681957542896276 1.0000000180025095e-35 0.31666667759418493 0.94868421554565441 0.11805555596947671
decision_type=2 2 2 2 2 2 2 2 2 2 2 2 2 2 2 2 2 2 2 2 2 2 2 2 2 2 2 2 2 2
left_child=1 3 10 4 5 -1 -6 8 -5 -9 11 -3 -12 18 15 17 -17 -15 21 25 -21 24 23 -20 -2 -4 28 -28 -16 -24
right_child=13 2 19 7 6 -7 -8 9 -10 -11 12 -13 -14 14 26 16 -18 -19 22 20 -22 -23 29 -25 -26 -27 27 -29 -30 -31
leaf_value=0.0046549458816786396 0.017717060166272253 -0.037670862993109649 0.013520142563726398 -0.033112175780470023 0.021425621399292716 -0.010193361870680649 -0.0046721642386329332 0.021870201263529426 -0.20730042850396183 -0.03502183406496321 0.018736691224057019 0.04273280985525877 -0.0080882720844684102 0.027195011913763556 -0.03041180564746377 -0.042409644467244045 -0.19103607599759503 -0.012495760672212959 -0.008467624746891677 -0.42280182121309634 0.001227666867130571 -0.096545988811413561 0.019799159453376593 -0.089102790503335305 -0.019603611888190823 0.03781664679541611 -0.05201677656169601 0.035083311966151255 0.045367811086502646 0.062766611547982437
leaf_weight=1924.7591757549235 188.92174948286265 154.56405735840963 33.205626968818251 14.631475838832559 624.64141279633623 2662.4267745976977 448.8606304176501 50.292101201601326 11.404614228289573 178.21381052373908 541.31777710479219 39.039819262950914 530.77116954792291 158.86353389761643 1.2410068360622961 15.446687709074469 3.2420479450374833 40.647575413342565 172.01303865434602 0.5285397600382592 20.401798590435646 2.2778876237571231 6.7314996346831304 7.1498904945328823 16.933754191733897 304.3543435811298 6.2841198872774831 53.086429505725391 110.94875357899582 4.9389480948448181
leaf_count=204410 1042 122906 848 274 10515 442755 7873 202 206 4419 6023 3483 2431 7396 122 378 32 531 838 48 1922 19 21 41 61 31022 80 5244 11163 5
internal_value=0.001055 -0.000189405 0.0082844 -0.00251611 -0.00121774 -0.00396309 0.0105134 -0.0313903 -0.109412 -0.0225004 0.00133935 -0.0214576 0.00545615 0.0129502 0.0232688 0.0116312 -0.0681928 0.0191086 0.0028697 0.0328047 -0.00948006 0.0134301 -0.00864806 -0.0116855 0.014647 0.0354266 0.0380702 0.0258641 0.0445296 0.037983
internal_weight=8328.14 7539.41 1624.18 5915.23 5660.69 4587.19 1073.5 254.542 26.0361 228.506 1265.69 193.604 1072.09 788.727 389.76 218.2 18.6887 199.511 398.967 358.49 20.9303 208.133 190.833 179.163 205.856 337.56 171.56 59.3705 112.19 11.6704
internal_count=866310 839337 168683 670654 665553 647165 18388 5101 480 4621 134843 126389 8454 26973 24946 8337 410 7927 2027 33840 1970 1122 905 879 1103 31870 16609 5324 11285 26
is_linear=0
shrinkage=0.05


Tree=162
num_leaves=31
num_cat=0
split_feature=8 3 4 4 4 6 8 3 4 0 0 9 2 0 3 2 0 2 0 0 0 2 9 6 2 9 4 6 4 0
split_gain=46.8611 42.0712 127.587 97.936 111.386 54.5357 46.4523 41.828 99.3942 39.5268 41.1933 32.974 27.2029 26.5265 36.0566 31.9992 23.6298 35.292 22.4424 22.238 17.645 16.2451 14.7773 9.19468 7.4194 6.77262 5.84063 3.76979 1.31166 1.02113
threshold=1.0000000180025095e-35 0.18019481003284457 0.33215962350368505 0.19063283503055575 0.45027472078800207 1.0000000180025095e-35 22.500000000000004 0.061553031206130988 1.0000000180025095e-35 0.86607143282890331 0.069047622382640853 25.500000000000004 0.50944742560386669 0.31666667759418493 0.2639319002628327 0.13873296231031421 0.41428571939468389 0.6705426573753358 0.087121214717626586 0.31666667759418493 0.61250001192092907 0.86706829071044933 41.500000000000007 1.0000000180025095e-35 0.10596491396427156 21.500000000000004 0.73557159304618847 1.0000000180025095e-35 0.34498016536235815 0.13809524476528171
decision_type=2 2 2 2 2 2 2 2 2 2 2 2 2 2 2 2 2 2 2 2 2 2 2 2 2 2 2 2 2 2
left_child=13 3 12 7 5 -5 -6 8 -2 10 -4 -9 19 15 16 24 17 -15 -14 -3 26 23 -18 -17 25 -1 -16 -26 -11 -23
right_child=1 2 9 4 6 -7 -8 11 -10 28 -12 -13 18 14 20 21 22 -19 -20 -21 -22 29 -24 -25 27 -27 -28 -29 -30 -31
leaf_value=-0.016613201704320495 0.0036043603359078866 0.006225908939269869 0.0021464552635741228 -0.031054842128061456 0.033741426353133853 0.0099454799603662103 0.41081741993664589 0.0012687549724575641 -0.040197327772266971 -0.026747658015648497 -0.0080062097634985337 0.043938637996516032 0.053881173099208868 0.053046196393968563 0.029065695383999331 -0.037261417877146048 -0.0046539530254288836 -0.0047150154595597803 0.02165064082404854 0.039352260031119204 0.049498987471942688 -0.020231287278031966 0.018504520694367588 -0.0072027868024569361 0.042669325738752047 0.039141683485008877 0.0076820077240620163 0.095631577194735376 0.044758622529010736 0.044560727267298483
leaf_weight=9.3389221897814441 1135.320658469107 503.98452705750242 2247.8538487541955 639.67863092671905 74.863492249802221 92.881243107462069 0.82575875520706077 84.195583842272754 146.19199840944202 0.65032215462997456 1798.4393261084333 97.946615258959355 60.766808403655887 62.511157996894326 87.370836656191386 63.63127691752743 246.52816841588356 45.835403685108759 485.72929881780874 56.324702039361 92.357148951618001 0.6489285156130763 95.593625424196944 42.389562907803338 9.3392282795393822 13.06853186804801 50.325906789745204 5.2478444948792449 46.316414809902199 9.666462067514658
leaf_count=94 21619 6687 23641 491625 3786 2789 205 31021 151625 51 45501 2811 382 2471 3355 24383 5714 1525 7520 265 27230 41 1268 372 64 82 3692 16 6056 419
internal_value=0.00101059 -0.000244031 0.00223588 -0.00592018 -0.0198901 -0.0258564 0.0378553 0.00179417 -0.00139243 -0.0018367 -0.00236606 0.0242144 0.0172974 0.012253 0.0164861 -0.00653467 0.00826129 0.0286106 0.0252345 0.00955591 0.032591 -0.0194153 0.00181685 -0.0252433 0.0339708 0.0159043 0.0212503 0.061723 0.0437685 0.0404847
internal_weight=8305.82 7471.97 5200.07 2271.9 808.249 732.56 75.6893 1463.65 1281.51 4093.26 4046.29 182.142 1106.81 833.853 680.522 153.331 450.468 108.347 546.496 560.309 230.054 116.336 342.122 106.021 36.9945 22.4075 137.697 14.5871 46.9667 10.3154
internal_count=866310 795584 90103 705481 498405 494414 3991 207076 173244 75249 69142 33832 14854 70726 45255 25471 10978 3996 7902 6952 34277 25215 6982 24755 256 176 7047 80 6107 460
is_linear=0
shrinkage=0.05


Tree=163
num_leaves=31
num_cat=0
split_feature=0 5 0 2 0 2 2 8 2 0 2 8 4 0 0 8 9 8 8 4 8 2 4 4 8 0 8 2 2 8
split_gain=47.1654 92.3715 61.8516 243.299 186.864 85.8485 73.2035 67.6887 50.9056 41.3786 39.4222 49.7031 28.3465 30.7733 33.7965 27.4803 24.1785 20.668 14.7206 17.2746 11.0719 10.3979 9.17221 8.95873 14.6135 6.65209 4.48633 3.25816 2.42699 0.316688
threshold=0.47222222387790685 1.0000000180025095e-35 1.0000000180025095e-35 0.42776885628700262 0.16025641560554507 0.27812939882278448 0.35355392098426824 8.5000000000000018 0.68457102775573742 0.2264957278966904 0.51087471842765819 12.500000000000002 0.81091719865798961 0.86607143282890331 0.78888890147209179 27.500000000000004 2.5000000000000004 15.500000000000002 29.500000000000004 0.78065484762191784 1.0000000180025095e-35 0.61633428931236278 0.3891009390354157 0.2996350377798081 10.500000000000002 0.11805555596947671 1.0000000180025095e-35 0.70064935088157665 0.87585616111755382 5.5000000000000009
decision_type=2 2 2 2 2 2 2 2 2 2 2 2 2 2 2 2 2 2 2 2 2 2 2 2 2 2 2 2 2 2
left_child=2 12 3 5 18 15 9 -7 -8 -6 11 -5 16 14 -14 -1 21 -18 19 -4 -12 -2 23 27 -25 -20 -24 -3 -28 -15
right_child=1 22 4 10 6 7 8 -9 -10 -11 20 -13 13 29 -16 -17 17 -19 25 -21 -22 -23 26 24 -26 -27 28 -29 -30 -31
leaf_value=0.0059068132151390267 0.038221254238618607 -0.022914292918905795 -0.058100466307617726 0.007673484976375199 -0.0082607386250316394 -0.026368825529796532 -0.013333974885712398 -0.0027511019100330131 0.0047642905764372278 0.048041263151137867 -0.0072675402488163107 0.05160315050735597 -0.010938089275031669 0.050042490293580294 -0.072817741885180226 -0.031652418803765056 0.0019499398106395617 0.027889244714269443 -0.077553288423938313 -0.12259223745939607 0.048162042526448817 0.013519299178520742 0.050111966091786288 -0.019682017396910775 -0.276670265544401 0.042423468263957362 0.030082208470425205 0.044793452510438481 0.042935470658223202 0.031475361824870589
leaf_weight=1305.8497562137927 49.566307997331023 2.2373640066944089 148.11741169029847 230.39522692286118 48.618246695841663 569.0705168058339 1132.7305626816378 649.77445455222914 591.38679043806042 99.259199025575072 9.3450644096883462 89.362395179647137 224.17758703947766 17.261785741895441 24.474598026135936 50.58650695180404 2120.3614879367524 79.678678879747167 1.5073554068512738 11.166199294850228 250.5623453448934 303.17123539518798 49.946523557184264 7.788304473506285 0.59547667577862728 4.9469626945792697 145.9313766862615 8.6312095324974489 49.078165400365833 2.6490203426219514
leaf_count=83458 1299 39 86454 44565 25190 136560 198330 118649 20028 9099 1111 7645 6130 4121 567 4885 47612 808 792 61 18004 11197 16236 202 7 608 12688 203 9674 88
internal_value=0.00096363 0.00585964 -0.00194564 0.00243995 -0.00873567 -0.00414754 -0.00423043 -0.0137781 -0.00712612 0.0295306 0.0317062 0.0199505 0.00321225 -0.0122394 -0.0170288 0.00450609 0.00483783 0.00288938 -0.0596219 -0.0626215 0.0461691 0.0169904 0.0341297 0.00089931 -0.0379352 0.0144038 0.0367415 0.0308554 0.033317 0.0475722
internal_weight=8278.23 3085.55 5192.68 3154.95 2037.73 2575.28 1871.99 1218.84 1724.12 147.877 579.665 319.758 2821.34 268.563 248.652 1356.44 2552.78 2200.04 165.738 159.284 259.907 352.738 264.208 19.2524 8.38378 6.45432 244.956 10.8686 195.01 19.9108
internal_count=866310 110871 755439 414877 340562 343552 252647 255209 218358 34289 71325 52210 71822 10906 6697 88343 60916 48420 87915 86515 19115 12496 39049 451 209 1400 38598 242 22362 4209
is_linear=0
shrinkage=0.05


Tree=164
num_leaves=31
num_cat=0
split_feature=2 1 5 1 2 9 1 0 1 1 2 0 9 0 0 0 1 2 4 4 1 2 9 0 4 9 1 4 0 2
split_gain=43.1343 79.2045 56.4225 37.6982 155.639 45.2514 38.4955 36.4527 36.2991 29.4451 63.3508 30.7206 20.103 19.5429 17.3194 11.4502 10.9975 8.96433 8.14327 29.9864 5.91313 4.77952 7.14531 10.3956 4.20506 19.7356 9.51662 2.39081 0.720245 9.48131
threshold=0.81872946023941051 0.82426470518112194 1.0000000180025095e-35 0.70659971237182628 0.63373982906341564 55.500000000000007 0.62622550129890453 0.27922078967094427 0.048199767246842391 0.76533168554306041 0.86706829071044933 0.52777779102325451 42.500000000000007 0.70714285969734203 0.84523808956146251 0.78888890147209179 0.70659971237182628 0.80229884386062633 0.92880183458328258 0.95030865073204052 0.85857143998146068 0.90070420503616344 9.5000000000000018 0.78888890147209179 0.14241623133420947 68.500000000000014 0.82807883620262157 0.35909883677959448 0.36931818723678594 0.96824595332145702
decision_type=2 2 2 2 2 2 2 2 2 2 2 2 2 2 2 2 2 2 2 2 2 2 2 2 2 2 2 2 2 2
left_child=1 3 9 5 12 8 -7 -6 -1 13 11 -11 -5 16 -15 -12 -2 24 20 -20 -19 22 27 -24 26 -26 -3 -4 29 -23
right_child=2 17 21 4 7 6 -8 -9 -10 10 15 -13 -14 14 -16 -17 -18 18 19 -21 -22 28 23 -25 25 -27 -28 -29 -30 -31
leaf_value=-0.03148960385454682 0.010968270195748378 -0.11835474444980187 -0.083564301223003928 0.042411420603990974 0.019487565829423455 0.017133371480178353 -0.015046222060027785 -0.044202376598306996 -0.0016110149608305009 -0.011231170290341349 0.0098032218842238859 -0.069065683726277305 -0.016441219184572479 -0.0080935613432129173 0.025961888348874099 -0.0030907670969276655 0.029269891251294131 -0.059294152001634473 -1.0052692592656995 0.050110046231466823 0.021780418695595934 0.050073469786758411 0.018996813688778261 -0.077739339082793443 0.038564492409217638 0.17936287710398352 0.027153425543364074 0.037539116828576927 0.046907443926435761 -0.21201872450263723
leaf_weight=103.57660648571618 140.38850040070247 1.1563516524620343 0.41036484390497108 91.542656686506234 24.834752693539485 548.22634020980331 111.90811818244401 235.55656108964467 5470.4155518667394 46.472942093387246 406.29069889197126 45.384899331722409 17.24317295732908 133.14742774306796 51.880601178854704 298.80904354294762 197.63991709426045 3.2016421919688547 0.094748611794785442 0.232370400801301 7.5583644518628716 3.6292840987443915 14.972201130120085 3.4097120726946732 109.06013169232756 2.5469534578733137 39.787490689195693 59.258702509338036 74.29404243582394 0.38131965254433442
leaf_count=5746 2645 8 4 2012 653 25172 1030 6434 744109 846 13413 1166 145 2153 3359 17526 2758 65 19 42 343 530 1184 239 5291 39 382 6823 22159 15
internal_value=0.000921369 -0.000768029 0.00866472 -0.00161958 -0.0171442 -0.000700232 0.0116782 -0.038128 -0.00216622 0.00530064 -0.000749194 -0.0398059 0.0330829 0.0145185 0.00145536 0.00433897 0.0216689 0.0335947 -0.00981482 -0.255576 -0.00234334 0.0370656 0.0283095 0.00105296 0.0367496 0.0417776 0.0230439 0.0367062 0.0457933 0.0251543
internal_weight=8243.31 6766.94 1476.37 6603.3 369.177 6234.13 660.134 260.391 5573.99 1320.01 796.958 91.8578 108.786 523.056 185.028 705.1 338.028 163.638 11.0871 0.327119 10.76 156.356 78.051 18.3819 152.551 111.607 40.9438 59.6691 78.3046 4.0106
internal_count=866310 791490 74820 785301 9244 776057 26202 7087 749855 43866 32951 2012 2157 10915 5512 30939 5403 6189 469 61 408 30954 8250 1423 5720 5330 390 6827 22704 545
is_linear=0
shrinkage=0.05


Tree=165
num_leaves=31
num_cat=0
split_feature=3 0 1 3 0 0 2 3 3 0 1 2 1 3 4 1 4 2 4 1 1 0 0 1 0 4 0 2 3 2
split_gain=45.7417 42.1161 33.1421 42.0008 36.7224 35.6684 37.3057 24.5025 21.8088 18.8376 16.1323 16.6438 16.634 14.6545 25.7076 13.7766 13.7685 11.1417 11.1323 10.7881 6.10191 5.56175 9.68861 5.55961 4.10018 3.62801 2.24106 5.66043 0.49708 0.00111788
threshold=0.82971012592315685 0.19090909510850909 0.90121948719024669 0.16397849470376971 0.84523808956146251 0.78888890147209179 0.82574188709259044 0.75595238804817211 0.065591398626565947 0.81666666269302379 0.41421362757682806 0.32466214895248419 0.19006568193435672 0.93933823704719555 0.95030865073204052 0.38138528168201452 0.45738498866558081 0.80229884386062633 0.10597148165106775 0.94935896992683422 0.81016731262207042 0.86607143282890331 0.84523808956146251 0.056349206715822227 0.31666667759418493 0.35316231846809393 0.10555555671453477 0.57712131738662731 0.22401433438062671 0.34525330364704138
decision_type=2 2 2 2 2 2 2 2 2 2 2 2 2 2 2 2 2 2 2 2 2 2 2 2 2 2 2 2 2 2
left_child=2 10 4 9 5 6 -1 -7 18 17 11 16 -13 14 20 -16 -2 -4 -6 -11 -3 22 -5 -15 -25 -10 29 -28 -23 -12
right_child=1 13 3 21 8 7 -8 -9 25 19 26 12 -14 23 15 -17 -18 -19 -20 -21 -22 28 -24 24 -26 -27 27 -29 -30 -31
leaf_value=-0.0022668740622736484 0.033076365138527207 0.019876687382483615 0.055923702497821429 0.027835328442112919 0.0095202099015392529 -0.020368807018068646 0.0092588315197196774 -0.10163837629543754 0.026701001053842634 -0.041461720385401704 0.051495690835734548 -0.045735382844812711 -0.003614973289905165 -0.24766428307971866 0.05195329682992738 -0.05865478526749144 0.0015701760727365886 0.011869387018858269 -0.054640011317176433 -0.0020294533936481801 0.04636581812075477 0.033311334071147475 -0.23634817170611933 0.024565836203607541 0.045582181926709028 0.046235821150407468 -0.093165505056061401 0.050728570738020722 0.048424674523774636 0.050270115913039808
leaf_weight=6123.655218163156 42.326268816366792 114.10888682072982 19.791175224818289 60.397819511999842 21.672330750618134 136.26754658622667 792.98336715530604 9.9519296851940435 43.196684777969494 19.407660415861756 2.093580022454268 33.390167273581028 78.654506010934711 0.16740174731239577 3.4671188059728619 14.971971889724953 191.8643534835428 52.223293593619019 9.8259821990504843 163.22716998448595 26.85756133380346 5.9600651741493484 0.34905414399690826 30.29097776254639 99.242489363590721 52.843637750484049 1.0037490762770169 2.1417401852086186 62.420767203671858 16.720498396083713
leaf_count=776983 102 3907 67 6211 293 3613 22580 198 1298 353 17 95 237 8 33 511 650 659 435 2583 4091 751 32 440 13214 5872 7 29 20323 718
internal_value=0.000880179 0.0135326 -0.00021782 0.0140984 -0.00098193 -0.00146209 -0.000945467 -0.0259001 0.0256087 0.00231973 0.00231752 -0.00031824 -0.0161672 0.0278157 0.0176614 -0.037857 0.00726442 0.0239765 -0.0104947 -0.00621972 0.0249235 0.0373269 0.0263173 0.0402954 0.0406676 0.0374495 0.0438754 0.0048109 0.0471074 0.0504065
internal_weight=8231.47 657.301 7574.17 383.777 7190.4 7062.86 6916.64 146.219 127.539 254.649 368.195 346.235 112.045 289.106 159.406 18.4391 234.191 72.0145 31.4983 182.635 140.966 129.128 60.7469 129.701 129.533 96.0403 21.9596 3.14549 68.3808 18.8141
internal_count=866310 24059 842251 30979 811272 803374 799563 3811 7898 3662 1855 1084 332 22204 8542 544 752 726 728 2936 7998 27317 6243 13662 13654 7170 771 36 21074 735
is_linear=0
shrinkage=0.05


Tree=166
num_leaves=31
num_cat=0
split_feature=3 5 0 4 3 4 8 4 3 2 3 3 0 3 4 0 8 5 2 4 3 4 2 2 0 8 2 0 8 3
split_gain=42.1927 53.6055 93.661 75.9567 134.543 102.3 71.1899 42.9114 74.1464 68.2717 39.4125 36.553 28.294 24.6076 41.1502 23.4285 18.4383 16.6081 22.6098 21.9918 15.7755 20.7479 15.5103 12.8947 7.52852 20.7402 8.33998 5.37431 20.8321 2.44308
threshold=0.79057019948959362 1.0000000180025095e-35 0.2264957278966904 0.45738498866558081 0.24499999731779101 0.17667067050933841 4.5000000000000009 0.47395551204681402 0.44949495792388922 0.13873296231031421 0.12973351776599887 0.65942031145095836 0.19090909510850909 0.89736840128898632 0.95030865073204052 0.31666667759418493 8.5000000000000018 1.0000000180025095e-35 0.22361110895872119 0.75463122129440319 0.71825397014617931 0.9689110815525056 0.48050633072853094 0.2930081188678742 0.095454547554254546 16.500000000000004 0.44920890033245092 0.31666667759418493 14.500000000000002 0.94868421554565441
decision_type=2 2 2 2 2 2 2 2 2 2 2 2 2 2 2 2 2 2 2 2 2 2 2 2 2 2 2 2 2 2
left_child=1 3 7 4 5 -1 10 9 -9 -3 -5 -8 17 14 16 -6 -14 24 -19 -20 23 -22 -16 -4 26 -26 -2 28 -15 -29
right_child=12 2 20 6 15 -7 11 8 -10 -11 -12 -13 13 27 22 -17 -18 18 19 -21 21 -23 -24 -25 25 -27 -28 29 -30 -31
leaf_value=0.0034639374575072684 0.011487144416975122 0.0504924433170615 0.095688926083591877 0.047365333646405772 0.0091282603761930516 -0.015452918466678019 -0.026843200448689011 0.019291654206205398 -0.0073546240145831573 -0.030473375675358072 -0.0027751912949135981 -0.0051775356553284725 0.02611079907580224 -0.039146180929908667 0.054044568543674676 0.023113221159796145 -0.011626374666740977 0.023733626090199526 -0.12765441962342758 -0.013813682349127771 -0.0010488751604133654 -0.26000961986408389 -0.073197633851054641 0.032487080938181027 -0.064233095440195037 0.046270508526245209 0.042839345172204057 0.02973734466744439 0.046324965482469199 0.045794564101823747
leaf_weight=1654.5742704737931 162.08129321411252 30.379091731709195 8.289831051748477 41.422011462738737 710.19802710879594 1258.1476205195941 671.20485683198785 513.68948712095153 530.87304229498841 182.12637877574889 727.95225273992401 274.21310656098649 151.83899460447719 10.493941368535159 2.7648956552147892 517.83806155470666 41.138265697751194 43.756804928183556 4.3713365239091209 143.77064253715798 19.494016017415564 0.80543163069523771 17.899772689910606 304.82829890973517 10.301910202950241 7.2236090153455725 24.405263874679804 31.825823210761882 22.233494503423572 92.647961107257288
leaf_count=166981 634 1597 53 607 4930 457406 7433 4606 2428 126212 18309 2174 7396 229 9 12814 531 165 42 698 1920 50 401 31817 52 10 426 3161 250 12969
internal_value=0.000841356 -0.000308673 0.00783146 -0.0025197 0.00114498 -0.00470718 -0.0113689 0.00158262 0.00574934 -0.0188988 -7.5697e-05 -0.0205592 0.0120094 0.0219336 0.0108853 0.0150254 0.0180661 0.00271364 -0.00784536 -0.0171729 0.0313911 -0.0113238 -0.0561729 0.0341604 0.0126457 -0.0186861 0.0155902 0.0369485 0.0189189 0.041689
internal_weight=8212.79 7446.04 1590.49 5855.55 4140.76 2912.72 1714.79 1257.07 1044.56 212.505 769.374 945.418 766.754 370.843 213.642 1228.04 192.977 395.911 191.899 148.142 333.418 20.2994 20.6647 313.118 204.012 17.5255 186.487 157.201 32.7274 124.474
internal_count=866310 839337 168683 670654 642131 624387 28523 134843 7034 127809 18916 9607 26973 24946 8337 17744 7927 2027 905 740 33840 1970 410 31870 1122 62 1060 16609 479 16130
is_linear=0
shrinkage=0.05


Tree=167
num_leaves=31
num_cat=0
split_feature=0 8 8 0 1 2 8 1 0 2 2 9 5 2 1 2 8 2 1 1 4 0 8 2 2 0 1 8 2 9
split_gain=37.8186 63.7009 50.681 44.4428 64.9356 40.7928 43.5697 68.937 124.56 67.9219 56.7403 52.3705 39.8816 30.6362 28.7766 15.9949 10.3468 10.1569 6.96988 16.8709 5.66729 5.57927 14.5207 21.0277 4.68068 4.34018 4.13236 3.69731 5.79694 0.972965
threshold=0.61250001192092907 8.5000000000000018 11.500000000000002 0.72077924013137828 0.55051019787788402 0.89498746395111095 12.500000000000002 0.27823315560817724 1.0000000180025095e-35 0.25143678486347204 0.38047619163990026 13.500000000000002 1.0000000180025095e-35 0.10596491396427156 0.77913278341293346 0.7933771312236787 5.5000000000000009 0.80229884386062633 0.4236596822738648 0.39559109508991247 0.18616051226854327 0.36931818723678594 1.5000000000000002 0.93063354492187511 0.96039214730262767 0.47222222387790685 0.88303694128990184 5.5000000000000009 0.88273492455482494 7.5000000000000009
decision_type=2 2 2 2 2 2 2 2 2 2 2 2 2 2 2 2 2 2 2 2 2 2 2 2 2 2 2 2 2 2
left_child=5 12 3 17 -5 6 9 13 -9 11 -11 -1 14 -8 16 -16 -2 -3 19 -4 -20 22 24 -24 -7 29 -27 -14 -29 -23
right_child=1 2 18 4 -6 21 7 8 -10 10 -12 -13 27 -15 15 -17 -18 -19 20 -21 -22 25 23 -25 -26 26 -28 28 -30 -31
leaf_value=-0.00021205176867346938 0.02569544326825543 -0.011080501268381726 0.031736489004306173 -0.27367843601098857 -0.049273155303416111 0.021804207817548892 -0.042089097042774352 0.050704898069278075 0.0021834240459894373 -0.017378388572412518 -0.0030832824353878309 0.027367933941906161 0.047204520684395963 -0.00018005751888695444 0.027568273954255158 -0.0011664994608283177 0.011038822743666969 0.042762928602454175 0.043532605706555275 -0.14879407920071036 0.010280714762371409 0.032041890929904927 -0.057365386606161688 -0.50738181224537637 -0.062735059147538089 0.028287095506659744 0.011789806535009151 0.03431594390795082 -0.048632909206286795 0.052136799869330057
leaf_weight=435.25706180842826 270.34739460493438 44.984798190649599 3.1339871648233375 3.3650437184842295 76.757561642560177 20.582942996174104 45.841931896866299 207.58219725507661 364.54670740387519 861.77577513473807 3568.8314093665103 284.71286010403128 87.851837165653706 894.58207387034781 54.468997966032475 436.74686965649016 217.11986529827118 10.876253124093635 15.469797114841638 2.2043887176550925 74.638659505872056 10.310143222799526 3.5553630026988681 0.28002782841213036 1.7788150425767515 89.063247013487853 66.153430011472665 12.582321001566013 2.5297779771499327 14.48889862326905
leaf_count=22969 7677 676 46 57 825 1045 1872 14745 43264 194463 368981 9648 25523 130327 2375 23140 3796 162 197 43 2071 956 138 25 67 4335 5056 1256 194 381
internal_value=0.000805873 0.00858076 -0.0152276 -0.0348305 -0.0586979 -0.000680299 -0.00135813 0.00610284 0.0197882 -0.00354917 -0.00586375 0.0106945 0.0136748 -0.00222296 0.0105607 0.00201979 0.0191673 -0.000597083 0.0127007 -0.0428104 0.0159894 0.0212218 -0.000337254 -0.0902218 0.0150793 0.0243592 0.0212559 0.0432748 0.0204302 0.0437824
internal_weight=8182.42 1313.08 231.43 135.984 80.1226 6869.34 6663.13 1512.55 572.129 5150.58 4430.61 719.97 1081.65 940.424 978.683 491.216 487.467 55.8611 95.4468 5.33838 90.1085 206.213 26.1971 3.83539 22.3618 180.016 155.217 102.964 15.1121 24.799
internal_count=866310 68038 4077 1720 882 798272 786269 190208 58009 596061 563444 32617 63961 132199 36988 25515 11473 838 2357 89 2268 12003 1275 163 1112 10728 9391 26973 1450 1337
is_linear=0
shrinkage=0.05


Tree=168
num_leaves=31
num_cat=0
split_feature=3 5 0 4 3 4 3 4 1 8 8 4 1 0 4 9 8 1 1 8 8 1 8 0 1 3 3 4 1 0
split_gain=39.5168 40.2919 87.5897 57.3837 87.7484 148.96 68.7375 97.7813 60.6888 41.6106 40.3106 44.9611 44.5124 37.2908 20.3276 54.5255 10.7289 10.4838 11.5533 13.2265 10.3716 13.6357 8.82072 25.0457 15.7628 8.20671 3.34073 5.39532 2.22458 0.924749
threshold=0.8603896200656892 1.0000000180025095e-35 0.2264957278966904 0.23265838623046878 0.089572194963693633 1.0000000180025095e-35 0.47338935732841497 0.61710438132286083 0.44562648236751562 23.500000000000004 7.5000000000000009 0.45738498866558081 0.48435972630977636 0.16025641560554507 0.9689110815525056 1.0000000180025095e-35 5.5000000000000009 0.09175084158778192 0.42980295419692999 7.5000000000000009 8.5000000000000018 0.0745370388031006 14.500000000000002 0.31666667759418493 0.51668518781661998 0.89736840128898632 0.90238094329833995 0.69538706541061412 0.056349206715822227 0.10555555671453477
decision_type=2 2 2 2 2 2 2 2 2 2 2 2 2 2 2 2 2 2 2 2 2 2 2 2 2 2 2 2 2 2
left_child=1 3 10 4 5 -1 9 -8 -6 -5 12 -12 -3 17 16 -16 -4 20 19 -19 28 -22 23 24 -15 -25 27 -24 -2 -20
right_child=13 2 14 6 8 -7 7 -9 -10 -11 11 -13 -14 22 15 -17 -18 18 29 -21 21 -23 26 25 -26 -27 -28 -29 -30 -31
leaf_value=0.0048059451479841421 0.015947555326005489 -0.013795097163428994 0.037119583371482523 -0.010473367271329321 0.0022710645352392394 -0.031912350804589922 0.020201992307064494 -0.0078004910282711074 0.028946116566929248 -0.057261994322584581 -0.024876561885319972 0.013078888076874885 0.037711346613130872 -0.060426214455264061 -0.51582004763339362 0.00011660116131626002 0.017752405684818638 -0.020922581845135485 0.050250649933707286 0.0044953711556743143 -0.090436944423403776 0.027839557689451074 -0.16086823777891915 0.011192510592488986 0.035081719994260942 0.039693732316613849 0.050014067646253713 0.026232298725168187 0.041974759419378616 -0.0054464851919254651
leaf_weight=1308.3476160243154 11.361245818436144 494.83315246881102 225.78739142615814 2160.326609476353 393.04338500849553 350.13175299591967 505.16505079192575 814.21554583735997 466.06198360430426 48.587269170122454 88.643387665579212 651.29174626071472 45.831796690530609 12.979041394777598 0.61821477173361872 2.9831445100717247 104.65405290783383 75.865566097199917 11.195994548499581 157.29580613877624 4.2153048142790777 5.7755631115287542 0.47358418977819328 34.28768266417319 6.4755124710500231 95.896035100449808 54.426082650199533 2.0670798858627677 29.596957795321941 0.79838697612285692
leaf_count=24025 52 64167 30322 234788 37481 338666 8399 15806 8713 8036 65312 3986 1534 94 60 258 4584 241 575 426 28 23 14 1929 208 14048 2331 54 145 5
internal_value=0.000770965 -0.000120203 0.00689663 -0.00199415 0.00377252 -0.00294588 -0.00610891 0.00292111 0.0167422 -0.0115025 0.000948881 0.00853187 -0.00942893 0.014351 0.0296982 -0.0884499 0.0309858 0.00297576 -0.00131322 -0.00377507 0.0236134 -0.0220632 0.0306539 0.0242794 -0.0286361 0.0321871 0.047398 -0.00864357 0.0347552 0.0465433
internal_weight=8163.23 7660.52 1614.64 6045.88 2517.58 1658.48 3528.29 1319.38 859.105 2208.91 1280.6 739.935 540.665 502.71 334.043 3.60136 330.441 296.105 245.156 233.161 50.9491 9.99087 206.605 149.638 19.4546 130.184 56.9667 2.54066 40.9582 11.9944
internal_count=866310 846137 170223 675914 408885 362691 267029 24205 46194 242824 134999 69298 65701 20173 35224 318 34906 1495 1247 667 248 51 18678 16279 302 15977 2399 68 197 580
is_linear=0
shrinkage=0.05


Tree=169
num_leaves=31
num_cat=0
split_feature=8 3 4 4 3 5 3 2 4 2 9 9 2 9 3 2 9 4 9 4 3 2 2 4 2 6 2 6 2 4
split_gain=36.6844 35.2439 120.618 90.9322 90.3962 66.5415 94.4644 56.2449 47.8632 29.4494 31.123 28.9696 24.6291 22.1959 21.1983 33.967 21.6492 19.2644 16.9057 16.3435 13.5575 13.1948 21.2975 7.92367 7.12837 8.05751 7.3238 3.37887 0.585597 0.741511
threshold=1.0000000180025095e-35 0.10762548446655275 0.072372794151306166 0.29280610382556921 0.04446640424430371 1.0000000180025095e-35 0.47338935732841497 0.44920890033245092 0.45027472078800207 0.27320574223995214 38.500000000000007 43.500000000000007 0.51087471842765819 9.5000000000000018 0.24499999731779101 0.92718276381492626 74.500000000000014 0.39408509433269506 75.500000000000014 0.34894689917564398 0.78019323945045482 0.44315245747566229 0.45512083172798162 0.23235879838466647 0.59611794352531444 1.0000000180025095e-35 0.76506900787353527 1.0000000180025095e-35 0.97182539105415355 0.762799233198166
decision_type=2 2 2 2 2 2 2 2 2 2 2 2 2 2 2 2 2 2 2 2 2 2 2 2 2 2 2 2 2 2
left_child=14 2 9 12 17 6 -5 -7 -6 11 -11 -2 13 -3 16 19 21 -4 -14 23 -21 27 -23 -16 25 -18 -26 -1 29 -17
right_child=1 3 4 5 8 7 -8 -9 -10 10 -12 -13 18 -15 15 28 24 -19 -20 20 -22 22 -24 -25 26 -27 -28 -29 -30 -31
leaf_value=-0.052463850227250343 -0.05303547077059341 -0.0028334365373903648 -0.048241360450534294 -0.01544808263883612 -0.012896671548130399 0.00096257035666632803 0.0029778774675914658 0.022373481155174922 0.058465612479165346 0.012418439517020591 -0.0046020767317589322 0.11616802647456898 0.018538004263807403 0.01740479253045769 0.014770495181458175 0.047355457404770859 -0.063934309837872391 0.056498924567493281 0.049708618832761502 -0.0022960041808926979 0.031429936384253065 0.088743331312104934 0.00048015393393460476 0.055129721706047588 0.063742898234993947 0.052440595908265109 0.02418130452502501 0.01427654650187362 0.050019467340740364 0.030557484800720694
leaf_weight=14.306178315106083 3.3292589137563473 299.051304613502 260.01973890559748 1416.7828628018906 323.49046954741061 1231.6396276236046 1366.4534038505517 408.44699556287378 25.336878009955399 447.48413539747708 671.79535869613755 10.532778037944807 564.06189238396473 247.68492654134752 22.424847546033561 18.257231781259183 3.6852213164966079 4.4654170525318468 47.134221001761034 153.03710867336486 37.00340525212232 6.956206131289945 390.74075991474092 26.57133681490086 19.528297230135649 2.4939597421325743 29.17697137221694 2.1862194474670096 59.738197076250799 10.262535921530796
leaf_count=14937 628 17520 423814 30725 197025 33545 20950 27870 1337 12185 10442 369 9164 8964 554 2677 250 808 238 4528 1535 1087 17540 448 109 8 339 66 24373 2275
internal_value=0.000739166 -0.000368469 -0.00656738 0.00157126 -0.0244281 -0.00169409 -0.0064017 0.00629474 -0.00771331 0.0030997 0.00220267 0.0755303 0.014045 0.00633498 0.010931 0.0206969 0.00411681 -0.046473 0.0209418 0.0109094 0.00427088 0.000206638 0.00202398 0.0366579 0.0336252 -0.0169646 0.0400435 -0.0436168 0.0472054 0.0413109
internal_weight=8124.08 7327.71 1746.45 5581.26 613.313 4423.32 2783.24 1640.09 348.827 1133.14 1119.28 13.862 1157.93 546.736 796.368 327.295 469.074 264.485 611.196 239.037 190.041 414.189 397.697 48.9962 54.8844 6.17918 48.7053 16.4924 88.258 28.5198
internal_count=866310 795584 646608 148976 622984 113090 51675 61415 198362 23624 22627 997 35886 26484 70726 36390 34336 424622 9402 7065 6063 33630 18627 1002 706 258 448 15003 29325 4952
is_linear=0
shrinkage=0.05


Tree=170
num_leaves=31
num_cat=0
split_feature=3 9 3 5 0 3 9 3 2 5 6 0 2 1 3 1 2 0 1 1 3 3 0 1 3 1 9 9 3 2
split_gain=34.9953 35.5551 67.1856 36.8676 77.1402 63.2138 61.4647 42.1825 35.5228 25.6989 22.2223 16.5772 13.9765 13.2054 13.4859 9.73121 8.2336 11.0088 21.8286 8.07552 7.73093 11.2135 31.977 7.30468 5.91333 4.65837 3.69151 0.91786 4.53484 0.912413
threshold=0.8603896200656892 1.0000000180025095e-35 0.74456521868705761 1.0000000180025095e-35 0.2264957278966904 0.65942031145095836 26.500000000000004 0.53589746356010448 0.60107529163360607 1.0000000180025095e-35 1.0000000180025095e-35 0.86607143282890331 0.2930081188678742 0.048199767246842391 0.58957219123840343 0.38529014587402349 0.13873296231031421 0.16025641560554507 0.42980295419692999 0.04124149680137635 0.89736840128898632 0.89181286096572887 0.5634920895099641 0.42980295419692999 0.44949495792388922 0.75255101919174205 7.5000000000000009 1.0000000180025095e-35 0.94868421554565441 0.85880398750305187
decision_type=2 2 2 2 2 2 2 2 2 2 2 2 2 2 2 2 2 2 2 2 2 2 2 2 2 2 2 2 2 2
left_child=1 2 13 5 7 6 -3 -5 16 15 -11 -7 -6 24 -15 -4 19 23 -19 -2 21 25 -23 -18 -1 -10 -21 28 -22 -29
right_child=8 3 9 4 12 11 -8 -9 20 10 -12 -13 -14 14 -16 -17 17 18 -20 26 27 22 -24 -25 -26 -27 -28 29 -30 -31
leaf_value=-0.0580511358253945 -0.033241266982752725 -0.0085212518951743779 -0.021373113626635378 0.0085036863982921942 0.095250614302632139 0.010132938176142284 0.0026487889050306967 -0.011233354746088282 0.008124125271499907 -0.051733708242257592 -0.30653790911028245 0.05009337799299949 0.028110366641102297 -0.0024148585505688429 -0.029342849969022429 -0.096982878090813573 -0.0034897728198977651 0.032641636855354227 -0.041318148886574091 0.042449112374114806 -0.068314368301920878 -0.54561692817215934 -0.010173771483443565 0.044777711319890279 -0.22118107289281347 0.050152090325966327 -0.015894679663817891 0.031401781782005138 0.048391271115679924 0.046766470335470559
leaf_weight=1.2478837350645329 4.69633800163865 2698.5053133880574 5.9982361781876596 795.49436144021456 7.9573045012075445 813.15541791747091 2265.5083866480709 410.36191559559666 19.959211443085231 1.3178949869470664 2.4398526248987764 26.8088650603313 299.35602554128855 190.72190396567748 61.484573152381927 14.646826458629219 244.4859931403771 59.630106420023367 11.980894574197007 28.931313633918766 0.8446031374623989 0.33561813039705057 1.6481414663139728 8.098113732878117 1.0012641847133634 9.8455410490278137 2.9914899598807088 26.564605906023644 57.482432261516806 15.185988282377364
leaf_count=186 26 518665 38 127281 52 11120 118987 1979 720 23 67 5700 33614 26758 1293 368 643 1140 512 206 116 17 83 319 6 1100 26 1943 10181 3141
internal_value=0.000705045 -0.000132534 -0.0176555 0.00053527 0.00748617 -0.00127692 -0.0034234 0.00178702 0.0136186 -0.096906 -0.217174 0.0114083 0.0298488 -0.0100552 -0.00897954 -0.0750151 0.00550216 0.00296368 0.0202678 0.0279757 0.0358269 0.014346 -0.100762 -0.00194227 -0.130672 0.0220074 0.0369817 0.0426501 0.0467013 0.0369904
internal_weight=8088.69 7596.01 278.858 7317.15 1513.17 5803.98 4964.01 1205.86 492.68 24.4028 3.75775 839.964 307.313 254.456 252.206 20.6451 360.814 324.195 71.611 36.6191 131.866 31.7885 1.98376 252.584 2.24915 29.8048 31.9228 100.078 58.327 41.7506
internal_count=866310 846137 28739 817398 162926 654472 637652 129260 20173 496 90 16820 33666 28243 28051 406 2872 2614 1652 258 17301 1920 100 962 192 1820 232 15381 10297 5084
is_linear=0
shrinkage=0.05


Tree=171
num_leaves=30
num_cat=0
split_feature=1 2 8 0 1 5 0 1 1 2 5 8 1 4 2 5 3 4 2 2 3 3 4 4 3 3 4 4 4
split_gain=34.0401 37.874 57.6715 38.6121 87.2343 65.0022 58.5275 99.3386 81.3825 35.8508 34.3613 30.1422 22.9687 21.5465 21.5334 15.5553 24.6085 15.1263 15.7427 15.0563 14.0034 13.0465 12.83 9.32759 9.31357 6.22717 5.32258 1.60861 0.994854
threshold=0.048199767246842391 0.13873296231031421 4.5000000000000009 0.47222222387790685 0.39173060655593878 1.0000000180025095e-35 0.34848485887050634 0.77346038818359386 0.41421362757682806 0.6705426573753358 1.0000000180025095e-35 2.5000000000000004 0.063164893537759795 0.19456735998392108 0.084806710481643691 1.0000000180025095e-35 0.8441295623779298 0.83803656697273265 0.13873296231031421 0.1627137288451195 0.13423423469066623 0.24499999731779101 0.72513738274574291 0.085960593074560179 0.5419580638408662 0.95553359389305126 0.77167919278144848 0.90045043826103222 0.99568966031074535
decision_type=2 2 2 2 2 2 2 2 2 2 2 2 2 2 2 2 2 2 2 2 2 2 2 2 2 2 2 2 2
left_child=11 2 12 6 9 -6 8 -8 -3 -5 13 17 14 -4 -2 16 23 18 24 22 -14 -12 -17 -13 -1 -21 -20 -19 -29
right_child=1 3 10 4 5 -7 7 -9 -10 -11 21 15 20 -15 -16 19 -18 27 26 25 -22 -23 -24 -25 -26 -27 -28 28 -30
leaf_value=-0.01226734799245373 0.051734395514617684 -0.0055306109178422328 0.045346992874050224 0.040193651203122238 -0.00027440065663289742 0.029449243451373487 -0.032569615614994572 0.043746104954069977 0.0093948330070221381 -0.00070797150955997261 -0.057132518262078519 0.052924811820651174 0.19808644934053957 -0.024681505549717805 -0.018257988792671907 -0.05215284058120976 -0.28148329014897649 0.073976656806805902 -0.053909836483673673 -0.098377442790968411 0.045470514715736661 0.041785871519985668 0.04793874254118563 -0.069235619090378175 0.043763368375713006 -0.36858546534098602 -0.21491245124762726 0.0058820179539401107 0.048594189941124771
leaf_weight=28.077008442138322 17.131006720184814 2947.6750210775645 12.198367150267584 226.19713791378308 2487.561530445586 198.62135716399644 307.3871629810601 49.509247363661416 1323.3242062445352 70.201626624213532 3.6310484737914512 1.6370889983372752 1.5202353078639124 110.35265931967297 30.648813863575924 5.2673348508251392 1.3453270159661759 4.5231260058935714 12.970412983544517 2.3689132475847141 132.94738950720057 40.65687445551157 8.1638155132532102 34.343519260379253 10.07895842567086 0.23431356996297825 0.53448264556936997 2.0127023812383413 4.2254331118892878
leaf_count=517 87 612834 690 3109 67220 37895 18837 1651 110497 2599 1002 18 378 2446 399 420 12 10 2824 246 450 127 18 1960 27 2 4 17 14
internal_value=0.000674724 0.00106625 0.0171703 0.000327571 0.00476388 0.00192342 -0.00253153 -0.021983 -0.000906119 0.0305062 -0.00407026 -0.0262411 0.0366151 -0.0177111 0.00683712 -0.0538339 -0.0715277 -0.00265395 -0.0138875 -0.0126451 0.0471959 0.0336758 0.00868552 -0.0636774 0.00253325 -0.122699 -0.0602818 0.0512743 0.0348133
internal_weight=8075.35 7959.56 349.086 7610.48 2982.58 2686.18 4627.9 356.896 4271 296.399 166.839 115.782 182.247 122.551 47.7798 53.3603 37.3259 62.4221 51.6609 16.0344 134.468 44.2879 13.4312 35.9806 38.156 2.60323 13.5049 10.7613 6.23814
internal_count=866310 860221 5579 854642 110823 105115 743819 20488 723331 5708 4265 6089 1314 3136 486 2676 1990 3413 3372 686 828 1129 438 1978 544 248 2828 41 31
is_linear=0
shrinkage=0.05


Tree=172
num_leaves=31
num_cat=0
split_feature=3 4 3 4 1 2 5 3 1 4 1 2 3 9 4 9 2 1 2 9 1 1 4 9 9 5 3 2 2 2
split_gain=32.9291 114.749 100.254 86.4819 57.9092 54.3652 47.5856 71.5427 50.4492 42.9767 29.8001 35.4259 34.2034 33.6597 26.8532 23.8802 22.6254 39.8383 35.4907 28.4834 27.5519 27.4643 19.646 13.0485 12.1954 10.966 10.7769 8.52418 0.449578 0.254308
threshold=0.10762548446655275 0.072372794151306166 0.04446640424430371 0.29280610382556921 0.27823315560817724 0.90521115064620983 1.0000000180025095e-35 0.47338935732841497 0.45049019157886511 0.45027472078800207 0.45889639854431158 0.30068494379520422 0.1490740776062012 9.5000000000000018 0.36406117677688604 58.500000000000007 0.27320574223995214 0.12060606107115747 0.26598639786243444 38.500000000000007 0.32466214895248419 0.4555336087942124 0.24452438205480578 51.500000000000007 68.500000000000014 1.0000000180025095e-35 0.68585526943206798 0.83424907922744762 0.96824595332145702 0.94804319739341747
decision_type=2 2 2 2 2 2 2 2 2 2 2 2 2 2 2 2 2 2 2 2 2 2 2 2 2 2 2 2 2 2
left_child=1 16 14 10 29 6 7 -5 -8 -6 12 -12 15 -14 24 -2 17 18 -1 20 -18 -21 -13 -19 -3 26 -7 -16 -27 -4
right_child=3 2 4 5 9 25 8 -9 -10 -11 11 22 13 -15 27 -17 19 23 -20 21 -22 -23 -24 -25 -26 28 -28 -29 -30 -31
leaf_value=0.14212353458987534 -0.051518701787953917 -0.047911221698958291 -0.050686416884008073 -0.013305471763399176 -0.0030498321963283786 0.0088830462333375267 0.0012886504163133012 0.0025443742520693804 0.025427090784359781 0.059957020923349737 0.31833529280790107 0.027239951612929844 -0.0007802423045362132 0.023048295195317901 -0.052774600267384099 0.019990120045377813 -0.031994646151265155 -0.053820390610152105 0.58529468182003375 0.013118949191239999 0.015313157478527071 -0.0083591337894058718 0.0067588217742109479 0.060862606924048074 -0.012102904191578752 0.048329505120209879 0.037008394710296273 0.061416853141564587 0.038946268618571298 -0.075299128266420989
leaf_weight=1.8722700519720086 39.653661144460784 273.33696368671372 58.958256808618899 1472.1353778204066 372.67211608249636 107.86415960110025 1406.086275186477 1378.7598406384932 255.84476594271837 29.183746450231411 1.008683681488036 438.47439053002745 317.544035281986 277.90408838458825 2.051963294070446 16.546834928449243 32.795425183750922 3.4332082330947733 0.59543844294967119 202.58417389134411 500.07438762424863 561.02989253494889 159.7429534883704 8.9360357159748656 26.04306594299851 29.375397106807213 49.777076467464212 8.0286742318421584 22.576599247928243 1.0685192793607701
leaf_count=108 20538 435747 151729 30775 53879 9955 37535 17833 20805 428 1 9435 5083 3102 2464 435 6246 600 8 7608 7280 3957 3020 304 6426 8707 9011 16 13269 6
internal_value=0.00064493 -0.00476882 -0.0200714 0.0025325 -0.00531663 -0.000563848 -0.00171999 -0.00564011 0.00500463 0.00152588 0.0142221 0.0222701 0.00682166 0.0103409 -0.0420936 -0.0304647 0.00423245 0.0656263 0.249057 0.00352986 0.0124016 -0.00266107 0.0217708 0.0290312 -0.0447963 0.0243295 0.017764 0.0381726 0.0442519 -0.0511245
internal_weight=8055.96 2082.66 771.343 5973.29 461.883 4722.42 4512.83 2850.9 1661.93 401.856 1250.87 599.226 651.649 595.448 309.461 56.2005 1311.32 14.837 2.46771 1296.48 532.87 763.614 598.217 12.3692 299.38 209.593 157.641 10.0806 51.952 60.0268
internal_count=866310 676806 650695 189504 206042 147890 106948 48608 58340 54307 41614 12456 29158 8185 444653 20973 26111 1020 116 25091 13526 11565 12455 904 442173 40942 18966 2480 21976 151735
is_linear=0
shrinkage=0.05


Tree=173
num_leaves=31
num_cat=0
split_feature=8 8 8 4 5 0 1 1 9 4 9 8 0 5 1 1 1 1 1 1 1 1 0 5 1 4 4 0 9 4
split_gain=31.8257 37.1605 44.8226 35.3498 40.3357 27.8615 26.3798 25.6608 36.8067 55.0515 21.6759 20.567 19.7666 26.6327 24.3803 23.997 22.8833 17.8596 17.3152 15.3091 15.2861 69.3526 67.6191 14.6868 11.9407 9.89416 8.83415 3.76252 0.826655 2.33702
threshold=1.0000000180025095e-35 11.500000000000002 4.5000000000000009 0.21070533245801928 1.0000000180025095e-35 0.63068181276321422 0.81934732198715221 0.0745370388031006 8.5000000000000018 0.17667067050933841 80.500000000000014 12.500000000000002 0.31666667759418493 1.0000000180025095e-35 0.09175084158778192 0.74133810400962841 0.56306818127632152 0.063164893537759795 0.54631218314170849 0.58411949872970592 0.22611077129840854 0.1742581129074097 1.0000000180025095e-35 1.0000000180025095e-35 0.84045451879501354 0.84650033712387096 0.9689110815525056 0.13809524476528171 101.50000000000001 0.35316231846809393
decision_type=2 2 2 2 2 2 2 2 2 2 2 2 2 2 2 2 2 2 2 2 2 2 2 2 2 2 2 2 2 2
left_child=12 2 5 10 -5 19 -7 8 11 -10 -4 -3 14 16 17 26 18 25 -14 -2 21 -9 -22 -19 -18 -1 -16 -17 29 -15
right_child=1 7 3 4 -6 6 -8 20 9 -11 -12 -13 13 28 15 27 24 23 -20 -21 22 -23 -24 -25 -26 -27 -28 -29 -30 -31
leaf_value=-0.017347465674471093 0.0027706068018151005 0.10410318566222715 0.0057714557878117984 -0.015978855562478435 0.00010714434781407613 0.024399084081699343 -0.0015074348036116716 0.012155181182989618 0.25311555177844136 -0.08835760682697251 -0.020766952017798667 -0.007965672562027756 0.022459449834932765 0.0017445469884394785 -0.040708349845934633 -0.01958333482179031 -0.0067348711545027031 0.076437370931207019 0.077465606301647283 -0.0053166980869660254 0.028414538286741634 -0.018837956901153224 0.00079029372284612721 -0.015778406052388044 0.010995360582595228 0.052102898119767552 0.027879428830664122 0.037947256428544206 0.081160729670641529 0.04951253791634444
leaf_weight=26.706823270724271 1568.2725835921665 4.6213141236657966 592.80769309922471 1263.7152325040952 563.46202690545761 241.47000679781195 165.68932798062451 545.17387855036941 1.2404787310515555 24.333649657550268 88.418752102559665 35.874528384345467 115.57601222622907 2.7048769256798542 65.954580532154068 3.4783520493656406 136.83801555240643 17.251366800643158 16.328063472406939 933.48423687301693 356.44831918390992 269.83566747502482 585.25964891178592 5.7591915025404878 310.28711608028971 6.3470163643360129 5.0545261530205599 15.533946151146665 1.8309921268373717 47.976314516155981
leaf_count=2150 212814 108 115548 131994 56497 9630 12968 46996 169 1738 2501 1262 4461 138 21036 170 4770 936 367 30803 46733 53493 72330 631 18215 18 15 515 2 17302
internal_value=0.000613941 -0.000418455 -0.0024963 -0.00739402 -0.0110183 0.00172707 0.0138567 0.00575691 -0.0248335 -0.0717944 0.00232694 0.00482343 0.0102261 0.0140601 -0.00634868 -0.0224683 0.010968 0.0195343 0.0292685 -0.000247021 0.00690741 0.00189389 0.0112464 0.0533572 0.00556921 -0.00401157 -0.0358262 0.0274219 0.0481555 0.0469631
internal_weight=8017.73 7240.11 5417.32 2508.4 1827.18 2908.92 407.159 1822.79 66.07 25.5741 681.226 40.4958 777.627 631.541 146.086 90.0214 579.029 56.0644 131.904 2501.76 1756.72 815.01 941.708 23.0106 447.125 33.0538 71.0091 19.0123 52.5122 50.6812
internal_count=866310 795584 572755 306540 188491 266215 22598 222829 3277 1907 118049 1370 70726 45255 25471 21736 27813 3735 4828 243617 219552 100489 119063 1567 22985 2168 21051 685 17442 17440
is_linear=0
shrinkage=0.05


Tree=174
num_leaves=31
num_cat=0
split_feature=3 2 1 2 1 0 2 8 4 2 4 4 3 6 8 2 0 8 8 3 3 0 8 1 8 4 4 4 8 0
split_gain=31.4418 32.9792 29.3515 33.184 67.0882 168.106 82.8213 27.4956 45.9966 20.8416 19.7805 19.5115 18.2548 17.8336 15.4382 11.0114 9.61191 9.06698 8.40139 7.59211 9.16748 14.1516 4.95951 2.26587 1.98239 3.08002 1.15301 2.60906 0.776568 0.213017
threshold=0.8603896200656892 0.60107529163360607 0.048199767246842391 0.25949975848197943 0.24417344480752948 1.0000000180025095e-35 0.56992483139038097 23.500000000000004 0.91905540227890026 0.25677657127380377 0.72513738274574291 0.44198286533355718 0.58957219123840343 1.0000000180025095e-35 22.500000000000004 0.17712418735027316 0.11805555596947671 7.5000000000000009 8.5000000000000018 0.89736840128898632 0.89181286096572887 0.5634920895099641 10.500000000000002 0.16530054807662967 3.5000000000000004 0.83803656697273265 0.86228448152542125 0.99568966031074535 20.500000000000004 0.19090909510850909
decision_type=2 2 2 2 2 2 2 2 2 2 2 2 2 2 2 2 2 2 2 2 2 2 2 2 2 2 2 2 2 2
left_child=2 14 10 7 6 -6 -5 9 -9 -4 11 13 -13 -1 15 18 23 -17 -2 20 22 -22 -3 -16 25 -12 -21 -28 -26 -18
right_child=1 19 3 4 5 -7 -8 8 -10 -11 24 12 -14 -15 16 17 29 -19 -20 26 21 -23 -24 -25 28 -27 27 -29 -30 -31
leaf_value=-0.03901903771682097 0.040418170492821127 0.028912738687640657 0.0098778520290467003 -0.015259987043079716 0.023109978590735832 -0.0023955650697446325 0.045474962075971792 -0.017271963433348594 -0.54385575356262417 0.056050063938085218 0.007325927266962612 -0.092862771667901259 0.0087473854743437794 0.02129095468638266 -0.0058022011504259841 -0.013317286734870952 0.060266417168700528 0.0052424437156245582 -0.010809983883221748 0.047961122469015044 -0.29796745642237554 -0.0098618799666978056 -0.034302679194037393 0.025276026781620709 -0.015238086675817643 0.059989637367590234 0.023209625737633327 0.046582843456565166 0.016484554385812977 0.050610505751010462
leaf_weight=39.93385235259484 28.269033633172512 25.443425675679471 878.51806755426514 1085.6070693101938 752.99241841160983 4547.9664723686583 59.191732902880176 75.516196386204683 0.4169866256415834 25.139873907086439 5.6446411509532499 21.501277796021899 5.5640475430991492 17.686099149286747 11.799298731610181 111.42597481992561 10.831235706806185 160.72456437302753 11.164113830775021 44.729621079284698 0.57389759644865934 1.6564982982818035 3.5335397585295132 11.661171160638331 3.9530280232429496 5.4636155196931213 20.433587080857251 28.722006362862885 3.7682544440031052 12.084196558687834
leaf_count=5622 217 1734 55320 268479 128957 371307 4345 8911 5 2776 19 261 18 78 52 1040 12 1183 61 5413 17 83 86 21 12 19 2794 7174 8 286
internal_value=0.000584771 0.0129506 -0.000208621 0.000159986 -0.00114306 0.00122746 -0.0121197 0.00873412 -0.0201637 0.0111624 -0.0266496 -0.0369559 -0.0719739 -0.0205072 0.00522749 0.00122149 0.0321424 -0.00235642 0.0259147 0.0350507 0.0136856 -0.0839936 0.0212041 0.00964542 0.0197028 0.0332287 0.0421524 0.0368668 0.000243666 0.0551745
internal_weight=8011.92 483.052 7528.86 7425.35 6445.76 5300.96 1144.8 979.591 75.9332 903.658 103.515 84.6853 27.0653 57.62 357.96 311.584 46.3759 272.151 39.4331 125.093 31.2074 2.2304 28.977 23.4605 18.8295 11.1083 93.8852 49.1556 7.72128 22.9154
internal_count=866310 20173 846137 840100 773088 500264 272824 67012 8916 58096 6037 5979 279 5700 2872 2501 371 2223 278 17301 1920 100 1820 73 58 38 15381 9968 20 298
is_linear=0
shrinkage=0.05


Tree=175
num_leaves=31
num_cat=0
split_feature=3 4 0 1 0 0 1 4 4 3 0 4 6 3 8 0 3 1 1 8 4 8 9 0 3 4 1 3 9 3
split_gain=29.6971 95.8838 77.7075 58.2443 40.1244 136.036 119.378 39.5396 45.6344 116.711 34.494 30.5051 46.1991 29.5825 26.8842 26.2249 24.0516 22.2735 20.4616 24.6977 16.8464 12.7374 10.4831 9.43578 7.50074 7.12485 6.40539 1.98701 17.5437 0.412073
threshold=0.21807064861059192 0.33215962350368505 0.86607143282890331 0.24417344480752948 0.069047622382640853 0.16025641560554507 0.35781671106815344 0.58995378017425548 0.13900966197252276 0.04446640424430371 0.31666667759418493 0.15811403095722201 1.0000000180025095e-35 0.057983193546533592 17.500000000000004 0.2264957278966904 0.12310606241226198 0.0745370388031006 0.15047170221805575 3.5000000000000004 0.3003759384155274 4.5000000000000009 69.500000000000014 0.70714285969734203 0.19292803853750232 0.42231801152229315 0.47673159837722784 0.23303167521953586 31.500000000000004 0.37980769574642187
decision_type=2 2 2 2 2 2 2 2 2 2 2 2 2 2 2 2 2 2 2 2 2 2 2 2 2 2 2 2 2 2
left_child=3 10 4 15 6 -6 -3 8 13 -10 11 12 -2 -5 24 16 25 -13 19 -17 -18 26 -20 -23 -9 -1 -12 28 -4 -29
right_child=1 2 27 7 5 -7 -8 14 9 -11 21 17 -14 -15 -16 18 20 -19 22 -21 -22 23 -24 -25 -26 -27 -28 29 -30 -31
leaf_value=-0.050207368268203025 0.0011352278617119712 -0.00047711564059477196 0.021052694629459544 0.0030607951434264008 -0.072552217090441254 -0.0040730811358608955 0.040979250274496712 0.064396438245894069 -0.04096077532538768 -0.0013214142779137349 0.052491021840422508 -0.018343730435408458 -0.081446637697009786 0.037342828130204765 0.30269808608040183 -0.023622869135140227 -0.0017920731376645756 0.019253531021459463 -0.031340102358193352 0.10036885083165244 -0.033036027826867292 0.024458464316916496 0.038508142358848037 -0.0038450018909644626 0.010960665358125152 0.00011692598765570728 0.031957486888862394 0.039271914243293696 -0.91079411914125719 0.048690975497534816
leaf_weight=104.77223269407841 92.908600980881602 2000.2395614930429 1.7223681629984628 1310.9878781097068 75.716743929311633 1719.4247538089985 190.16157912951894 19.778811409836642 226.56962151351036 1029.2872295985144 48.460301549872383 44.026030578184873 20.711010324303061 66.100570563648944 1.0619654692709435 6.3462769392499494 88.041938027221477 374.31317209312692 21.621544504450871 10.938368055838508 84.600843201827956 137.40495269582607 7.147612204309552 37.478814026340842 9.8315940627362561 7.5394420510419868 175.62295149487909 13.832723330793668 0.052035212982445844 72.321800986479502
leaf_count=289897 1015 15083 327 44459 1024 50706 3267 170 285079 92804 629 241 151 3407 7 959 7051 3003 6496 1761 13445 1572 133 861 139 4678 8632 3624 6 25684
internal_value=0.000557893 0.00291459 -0.000393992 -0.00338045 -0.00141974 -0.00696144 0.00312195 -0.000922292 -0.0015798 -0.00847277 0.017392 0.00905686 -0.0139181 0.00470634 0.055519 -0.0231612 -0.028819 0.0152968 0.0118464 0.0548437 -0.0171027 0.0285056 -0.0139865 0.0183928 0.0466541 -0.0468291 0.0363981 0.0461 -0.00627415 0.0471787
internal_weight=7999.02 5004.4 4073.47 2994.63 3985.54 1795.14 2190.4 2663.62 2632.95 1255.86 930.926 531.959 113.62 1377.09 30.6724 331.008 284.954 418.339 46.0538 17.2846 172.643 398.967 28.7692 174.884 29.6104 112.312 224.083 87.9289 1.7744 86.1545
internal_count=866310 115825 99721 750485 70080 51730 18350 426065 425749 377883 16104 4410 1166 47866 316 324420 315071 3244 9349 2720 20496 11694 6629 2433 309 294575 9261 29641 333 29308
is_linear=0
shrinkage=0.05


Tree=176
num_leaves=31
num_cat=0
split_feature=0 2 0 2 0 3 2 3 5 3 4 0 3 4 0 0 3 4 4 2 9 4 3 3 3 6 4 4 2 4
split_gain=29.0102 34.8882 39.3442 200.137 176.09 84.4431 65.0694 60.645 32.6372 18.8847 38.4137 19.5217 13.1162 12.2465 11.4894 34.2665 8.12263 27.7521 6.06981 6.58569 4.85419 7.39546 22.4916 3.98749 17.1276 3.70371 3.57739 3.33221 3.13498 0.947028
threshold=0.63068181276321422 0.89498746395111095 1.0000000180025095e-35 0.42776885628700262 0.16025641560554507 0.12310606241226198 0.40224719047546392 0.070197045803070082 1.0000000180025095e-35 0.70710784196853649 0.81091719865798961 0.81666666269302379 0.1863425895571709 1.0000000180025095e-35 0.86607143282890331 0.78888890147209179 0.0745370388031006 1.0000000180025095e-35 0.20463493466377261 0.96039214730262767 9.5000000000000018 0.78973686695098888 0.73030304908752453 0.76696833968162548 0.82971012592315685 1.0000000180025095e-35 0.54598310589790355 0.072372794151306166 0.94185259938240062 0.37544326484203344
decision_type=2 2 2 2 2 2 2 2 2 2 2 2 2 2 2 2 2 2 2 2 2 2 2 2 2 2 2 2 2 2
left_child=1 2 3 5 13 -1 -6 -5 9 10 12 -12 -2 -4 15 -11 17 28 27 -20 23 26 -23 29 -25 -19 -22 -18 -3 -10
right_child=8 16 4 7 6 -7 -8 -9 20 14 11 -13 -14 -15 -16 -17 18 25 19 -21 21 22 -24 24 -26 -27 -28 -29 -30 -31
leaf_value=-0.044337451160807909 -0.00057976821530551445 0.01836254181609619 -0.014108092946013714 -0.035453411702278614 0.020314195657849057 -0.0012038062876548457 -0.0047643040966174055 0.034283544681944771 0.001012097518387724 0.025161495002861106 -0.052633257441089855 0.026908528422390689 0.011701290364640588 -0.062041665272548077 0.050071182371886083 -0.030736578371456366 -0.11623047244985084 -0.056075393597790492 0.026434816634054909 -0.0070472273602243994 -0.0017281114017901615 -0.38167330782187991 0.050038304002419876 -0.09748382266929162 0.041714669466520554 0.035720941376293912 0.038332060834216475 0.052136501213714208 0.050601888390806829 0.045612067326525438
leaf_weight=119.13338677420688 518.73699457373004 24.503428577911109 14.742873612383844 33.179407884454122 282.83701578846376 2385.877396764874 3024.6744710697094 516.10319883424381 1.2118429926922534 141.97436119394843 44.617485288530588 9.3261164547875506 374.27053666400025 138.5744909117202 25.841109446599148 33.978386206319556 0.29779152129777031 15.687545447843149 104.02781795401825 17.100729591678828 9.8736395845480782 0.46322178182890528 0.86521980678662658 2.7078103845706183 12.017533372039907 1.1815835684537894 12.794205681537276 22.327915768139064 10.892541460692881 66.758663221553434
leaf_count=304521 7293 256 2888 54069 63766 39031 219880 17209 23 5006 824 1175 16546 85025 7318 913 26 559 8367 2030 818 97 255 477 5106 3 3757 675 165 18232
internal_value=0.000532496 -0.000772499 -0.00139781 0.00273822 -0.005048 -0.00325516 -0.00261975 0.0300711 0.00750856 0.00505168 0.00209228 -0.0388816 0.00456738 -0.0574324 0.0189391 0.014367 0.0200112 0.00313116 0.0261483 0.0217079 0.0339615 0.014163 -0.100498 0.0397065 0.0161178 -0.0496456 0.0208827 0.0499205 0.0282837 0.0448169
internal_weight=7966.58 6711.14 6515.12 3054.29 3460.83 2505.01 3307.51 549.283 1255.44 1148.74 946.951 53.9436 893.008 153.317 201.794 175.953 196.019 52.2651 143.754 121.129 106.692 23.9963 1.32844 82.6958 14.7253 16.8691 22.6678 22.6257 35.396 67.9705
internal_count=866310 798470 786389 414830 371559 343552 283646 71278 67840 39075 25838 1999 23839 87913 13237 5919 12081 983 11098 10397 28765 4927 352 23838 5583 562 4575 701 421 18255
is_linear=0
shrinkage=0.05


Tree=177
num_leaves=31
num_cat=0
split_feature=8 8 8 2 1 2 1 2 1 2 9 1 3 1 3 8 3 2 9 1 1 9 1 2 1 6 2 2 1 2
split_gain=28.5308 34.4132 39.5786 51.2865 65.3769 47.6033 36.1022 34.0775 29.8175 26.862 35.8533 27.6475 26.6124 25.3847 18.8511 16.9978 16.1439 30.4026 19.1915 16.2371 43.0807 13.637 14.6039 6.68446 7.89632 7.18233 2.79741 0.659967 1.95329 0.498677
threshold=1.0000000180025095e-35 11.500000000000002 4.5000000000000009 0.13873296231031421 0.24417344480752948 0.75147059559822094 0.063164893537759795 0.32466214895248419 0.60188680887222301 0.1627137288451195 8.5000000000000018 0.12060606107115747 0.53589746356010448 0.22611077129840854 0.028174603357911113 13.500000000000002 0.24499999731779101 0.92718276381492626 74.500000000000014 0.19538705796003344 0.20156250149011615 38.500000000000007 0.93405798077583324 0.59611794352531444 0.55051019787788402 1.0000000180025095e-35 0.45199692249298101 0.97182539105415355 0.96720427274703991 0.99599999189376842
decision_type=2 2 2 2 2 2 2 2 2 2 2 2 2 2 2 2 2 2 2 2 2 2 2 2 2 2 2 2 2 2
left_child=16 2 3 6 -5 7 -2 -4 -7 10 15 14 -12 -13 -11 -3 18 21 19 29 -21 22 -18 25 -25 -20 -23 28 -19 -1
right_child=1 9 5 4 -6 8 -8 -9 -10 11 12 13 -14 -15 -16 -17 17 27 23 20 -22 26 -24 24 -26 -27 -28 -29 -30 -31
leaf_value=-0.055494566065491857 -0.00076829953573382282 0.048703500299175084 -0.00074019121545593756 -0.016959040643112679 0.003382062168786332 -0.040090298282620784 0.043795077991766442 -0.015664380602704801 0.0069243515706468627 0.13775657878366154 -0.041648572377911607 -0.0026968505289919724 -0.197080063694684 0.010452501285818101 0.025462291218754915 -0.0080415381263961288 0.0023043381285382442 0.04362663922253196 -0.062246464689345526 0.32872206705412133 0.00092405095777022082 0.067155555522358232 0.050130188634468269 0.066862983954891458 0.023713091435365624 0.051140497431666015 0.025822536142567826 0.050016810434601724 -0.014242215672591669 -0.095365554061343644
leaf_weight=10.690535782101502 74.208935126574943 16.5688116200472 543.94257676204143 481.13920879684156 2206.838561384182 35.639617549139075 117.2665715906187 1288.6869252299948 627.57705551953404 3.8438361396765677 43.900235292865545 605.99105322545802 2.9381997846066943 930.77705443454033 134.8927014079236 64.850566027686 195.42516033782158 23.268490748479966 3.6104002638458033 1.0049022796592897 391.20747767434659 11.151844546198847 17.381528209894896 15.894139901793094 31.84533449949231 2.2777223358862102 6.4677059380337587 48.712431804509833 1.555692768015432 0.84631763678044158
leaf_count=10533 1108 302 66369 91564 172776 962 767 226471 12738 3055 3035 89500 18 119042 5723 2154 4574 4582 250 613 22457 17 2344 79 369 8 130 24373 370 27
internal_value=0.000509007 -0.00046702 -0.00247236 0.00152206 -0.000258929 -0.0070807 0.0265239 -0.0112347 0.0043979 0.00550898 -0.0165447 0.00719716 -0.0513989 0.00526734 0.0285735 0.00350606 0.00971246 0.0186437 0.00377694 4.42181e-05 0.00176391 0.00971064 0.00621064 0.0318797 0.0380792 -0.0183846 0.0519832 0.0466354 0.0400001 -0.0584194
internal_weight=7940.4 7179.06 5375.3 2879.45 2687.98 2495.85 191.476 1832.63 663.217 1803.76 128.258 1675.5 46.8384 1536.77 138.737 81.4194 761.34 303.963 457.377 403.749 392.212 230.426 212.807 53.6276 47.7395 5.88812 17.6196 73.5366 24.8242 11.5369
internal_count=866310 795584 572755 266215 264340 306540 1875 292840 13700 222829 5509 217320 3053 208542 8778 2456 70726 36390 34336 33630 23070 7065 6918 706 448 258 147 29325 4952 10560
is_linear=0
shrinkage=0.05


Tree=178
num_leaves=31
num_cat=0
split_feature=3 9 5 0 3 3 9 2 2 3 8 0 9 3 2 9 8 2 0 8 8 3 3 2 8 1 9 3 8 3
split_gain=28.1378 31.7246 31.0591 58.0209 49.9391 40.2435 42.9491 30.212 21.989 18.565 45.0005 29.2416 22.2663 19.4069 20.2692 17.3016 14.5904 9.83018 9.5728 7.98612 7.9741 7.5267 7.878 8.96005 4.59875 2.07286 0.969166 4.53461 1.82453 0.532946
threshold=0.8603896200656892 1.5000000000000002 1.0000000180025095e-35 0.19090909510850909 0.44949495792388922 0.65942031145095836 26.500000000000004 0.60107529163360607 0.35355392098426824 0.76330533623695385 8.5000000000000018 0.72077924013137828 1.0000000180025095e-35 0.082207206636667265 0.35585997998714453 6.5000000000000009 22.500000000000004 0.17712418735027316 0.11805555596947671 8.5000000000000018 7.5000000000000009 0.89736840128898632 0.89181286096572887 0.84273937344551098 10.500000000000002 0.16530054807662967 1.0000000180025095e-35 0.94868421554565441 8.5000000000000018 0.065591398626565947
decision_type=2 2 2 2 2 2 2 2 2 2 2 2 2 2 2 2 2 2 2 2 2 2 2 2 2 2 2 2 2 2
left_child=1 9 5 4 -4 6 -3 16 -5 13 12 -12 -11 29 -15 -7 17 19 25 -2 -19 22 24 -24 -9 -18 27 -23 -28 -1
right_child=7 2 3 8 -6 15 -8 21 -10 10 11 -13 -14 14 -16 -17 18 20 -20 -21 -22 26 23 -25 -26 -27 28 -29 -30 -31
leaf_value=-0.051356211631210971 0.039788124045465972 -0.0072319017505638643 0.012148635397046909 0.08265467948687491 -0.0097160780448223225 0.0176852810032933 0.0024133439825456352 0.028003479899471464 0.02427293365058511 -0.062855580252648008 -0.088328933060957709 -0.29338045066394552 0.014283081382509881 -0.0176524051581981 0.00015574916408860645 0.002126377898457718 -0.0053787501004073229 -0.012403607234091851 0.055310587752395203 -0.010443589440239065 0.0049910051236211183 -0.069144048618857631 -0.14894296972894092 0.050204939069341065 -0.032451906178250604 0.024442017123727743 0.040516948941578965 0.048099961575808314 0.011194937019479521 -0.031180914561225959
leaf_weight=24.194071380239624 26.795955253764987 2386.5673638186781 578.78219429960882 17.176799138687784 475.86751143448055 370.1641869165469 2235.0575460268738 24.396392698166899 264.24072850818629 15.036895655677652 8.3437181953340751 2.1963364309631279 24.75760357058607 247.57100438662746 450.62845204873884 345.40028801554581 11.867722688242795 112.1804714895552 21.877526747062802 11.228195331990717 159.65380310826004 0.83869031886570056 1.5019233049824827 0.90521651343442489 3.6112848068587473 11.449295707046984 31.21775995392818 49.458949531952385 6.3914031386375418 3.785424709392827
leaf_count=44635 217 477473 114322 585 2205 7681 118987 1734 31602 332 85 23 742 18150 19804 7042 52 1040 298 61 1183 116 32 68 86 21 4743 10181 341 2469
internal_value=0.000485784 -0.000265316 0.000847703 0.0076654 0.00228308 -0.000858982 -0.00256738 0.0123063 0.0278364 -0.00983045 -0.0391956 -0.131058 -0.0148648 -0.00779503 -0.00615875 0.0101751 0.00501434 0.00114339 0.031554 0.0249551 -0.0021874 0.0341875 0.0127483 -0.0740524 0.0202084 0.00926406 0.0416052 0.046145 0.0355339 -0.0486266
internal_weight=7923.14 7449.77 6673.26 1336.07 1054.65 5337.19 4621.62 473.375 281.418 776.514 50.3346 10.5401 39.7945 726.179 698.199 715.564 355.053 309.858 45.1945 38.0242 271.834 118.322 30.4148 2.40714 28.0077 23.317 87.9068 50.2976 37.6092 27.9795
internal_count=866310 846137 759897 148714 116527 611183 596460 20173 32187 86240 1182 108 1074 85058 37954 14723 2872 2501 371 278 2223 17301 1920 100 1820 73 15381 10297 5084 47104
is_linear=0
shrinkage=0.05


Tree=179
num_leaves=31
num_cat=0
split_feature=1 2 1 0 0 1 2 3 0 0 3 3 4 4 6 3 4 4 4 3 0 4 1 6 2 2 4 4 3 4
split_gain=25.7915 32.5997 71.3551 110.983 199.484 140.141 92.1427 50.0838 49.7663 20.3204 46.0543 29.9764 19.987 16.5153 17.6821 17.1306 13.257 11.5494 14.3627 5.88694 5.73891 5.03004 4.05233 9.44155 7.01589 5.93183 2.42736 1.16306 0.140377 0.000538091
threshold=0.048199767246842391 0.27812939882278448 0.22886905074119571 1.0000000180025095e-35 0.19090909510850909 0.40682870149612432 0.42776885628700262 0.10762548446655275 0.19090909510850909 0.2264957278966904 0.12310606241226198 0.13423423469066623 0.72513738274574291 0.44198286533355718 1.0000000180025095e-35 0.58957219123840343 0.39408509433269506 0.2274088189005852 0.2269205525517464 0.24499999731779101 0.11805555596947671 0.36971411108970648 1.0000000180025095e-35 1.0000000180025095e-35 0.084806710481643691 0.28097587823867803 0.78065484762191784 0.61710438132286083 0.70710784196853649 0.54598310589790355
decision_type=2 2 2 2 2 2 2 2 2 2 2 2 2 2 2 2 2 2 2 2 2 2 2 2 2 2 2 2 2 2
left_child=12 9 6 5 -5 -4 8 -8 -3 10 29 -12 13 14 16 20 -1 18 -11 -19 -15 -16 25 -24 -25 26 -14 -17 -27 -2
right_child=1 2 3 4 -6 -7 7 -9 -10 17 11 -13 22 15 21 27 -18 19 -20 -21 -22 -23 23 24 -26 28 -28 -29 -30 -31
leaf_value=-0.054706962004676229 -0.050106876261340173 -0.023630430776423256 0.0044382480434356029 -0.044616099237973571 0.00096413688460545051 0.047717613091388993 -0.059034481525180843 0.028511859469338059 0.03208752855220115 0.061514418722142541 0.11259209139011964 0.0079966613905849172 0.029136868300896852 -0.094666254974121178 0.034786165419046951 -0.025855660690155081 0.013772134695414341 -0.056387186273743478 0.2362717891533031 0.028576962151134727 0.03478257237068523 -0.03130146026332651 0.049813788189568588 -0.091588221024646449 -0.00089422345652144248 0.078540760037411519 -0.031611601559147467 0.017328749633594046 0.063211830270694422 -0.051698260603957873
leaf_weight=30.06889443127875 33.795476645900635 738.36915275129286 600.31721592403483 253.77897501594271 4436.0071033386921 271.69708636039286 18.223896825627889 157.74481884454144 42.376037314621499 15.542793424479896 6.8893994007084975 1199.7205974053941 3.7317433506250399 20.136518570652704 14.227721532224679 2.4135980121791354 9.2392078701814153 2.2594627913640606 1.2719349924445857 20.867992414161563 0.89421707135625084 3.6096674369182429 5.1826684623956654 3.3994936868548393 5.7209223371464759 3.0200060332426801 2.9397946000099182 4.4041855663526803 2.954821630846709 0.53966749575920303
leaf_count=5358 79525 171452 138304 133255 265556 14224 29895 3179 8148 1858 2035 11261 8 249 51 10 268 1374 15 112 12 29 12 16 24 9 15 15 13 28
internal_value=0.000464533 0.000806554 -0.000626384 0.00154327 -0.00150235 0.017923 -0.0132396 0.0194453 -0.0206063 0.00809886 0.00696902 0.00859387 -0.023365 -0.0352616 -0.0198755 -0.0668341 -0.0386112 0.0432016 0.0747338 0.0202763 -0.0891622 0.0214123 0.0141551 -0.00407611 -0.034699 0.0347747 0.00236822 0.00204082 0.0709599 -0.0501319
internal_weight=7911.35 7799.4 6518.51 5561.8 4689.79 872.014 956.714 175.969 780.745 1280.89 1240.95 1206.61 111.943 84.994 57.1455 27.8485 39.3081 39.9422 16.8147 23.1275 21.0307 17.8374 26.9495 14.3031 9.12042 12.6464 6.67154 6.81778 5.97483 34.3351
internal_count=866310 860221 764013 551339 398811 152528 212674 33074 179600 96208 92849 13296 6089 5992 5706 286 5626 3359 1873 1486 261 80 97 52 40 45 23 25 22 79553
is_linear=0
shrinkage=0.05


Tree=180
num_leaves=31
num_cat=0
split_feature=8 8 8 2 1 2 0 0 1 2 1 4 8 4 1 1 0 2 5 1 1 1 6 1 1 1 0 1 1 1
split_gain=25.9388 31.8417 34.9579 46.5219 56.5164 42.1399 58.9597 44.5719 32.9449 23.9034 24.6803 38.5839 23.5627 31.9437 21.5925 19.9176 16.7839 25.6182 24.2786 20.6253 19.4583 17.0301 12.4679 10.142 8.84803 6.0557 3.77008 2.38813 0.694369 5.67017
threshold=1.0000000180025095e-35 11.500000000000002 4.5000000000000009 0.13873296231031421 0.24417344480752948 0.75147059559822094 1.0000000180025095e-35 0.78888890147209179 0.063164893537759795 0.1627137288451195 0.12060606107115747 0.34296141564846044 13.500000000000002 0.62981480360031139 0.22611077129840854 0.056349206715822227 0.31666667759418493 0.13873296231031421 1.0000000180025095e-35 0.556623935699463 0.54631218314170849 0.75255101919174205 1.0000000180025095e-35 0.83503401279449474 0.0745370388031006 1.0000000180025095e-35 0.13809524476528171 0.080540537834167494 0.70106381177902233 0.69337606430053722
decision_type=2 2 2 2 2 2 2 2 2 2 2 2 2 2 2 2 2 2 2 2 2 2 2 2 2 2 2 2 2 2
left_child=16 2 3 8 -5 6 -4 -7 -2 12 11 -11 15 -14 -12 -3 17 24 19 20 -18 22 -19 -21 25 -1 -23 -26 29 -20
right_child=1 9 5 4 -6 7 -8 -9 -10 10 14 -13 13 -15 -16 -17 18 21 28 23 -22 26 -24 -25 27 -27 -28 -29 -30 -31
leaf_value=-0.044602184278697478 -0.00060793204505246127 0.086836650344700783 -0.0020086648943245813 -0.015953309247598399 0.0030454422098191106 0.0099870439430319678 -0.019995591461220215 -0.024538507382116478 0.042352365002294674 0.081156254574550182 -0.0023130350076421813 0.014191901552956042 -0.050034133076905268 0.0076287869430216471 0.0098497459674139337 -0.0037588435253527543 0.020857438242485416 -0.043160534470986188 0.041932640760624376 -0.0064332993153008583 0.083343084883852447 -0.02942313731362714 -0.0058765418604477364 0.0099889888491179954 0.11375141677770083 0.027862712524950092 0.037942723218311492 0.05434464816647732 0.051789861747434641 -0.25283790897258557
leaf_weight=3.2864267689874422 73.5622776314558 8.8866645960515616 945.36317234831949 476.37644078193262 2195.4130741774861 545.99061177461408 879.40988220577856 112.79145965666976 113.45271128677996 26.657351647030737 603.09402780876553 111.42089841191773 59.869987359263177 40.107331242412329 923.92369095499453 19.119918194919592 113.16903435537824 50.748628134191677 14.060910128406245 136.68519275388098 14.000392337038646 2.4291080364491799 40.172800760366954 301.15335355838761 3.2600583961466318 23.48767278980813 14.322890629060566 3.5164899596711621 31.991362239234149 0.1650578709086411
leaf_count=70 1108 200 155326 91564 172776 11190 137514 2510 767 7062 89500 1716 4647 126 119042 536 4461 24292 2438 4816 290 122 300 18246 13 155 501 18 14973 31
internal_value=0.000441805 -0.000489287 -0.00242433 0.00134549 -0.000342009 -0.00676375 -0.0106771 0.00407585 0.0254539 0.00527604 0.00687655 0.02712 -0.0155469 -0.0269018 0.00504607 0.0249877 0.00927131 -0.00626416 0.0128608 0.0100107 0.0277366 -0.0181515 -0.0266869 0.00486225 0.0318857 0.0189679 0.0281744 0.082924 0.047703 0.0385125
internal_weight=7887.89 7135.44 5342.36 2858.8 2671.79 2483.56 1824.77 658.782 187.015 1793.08 1665.1 138.078 127.984 99.9773 1527.02 28.0066 752.449 141.224 611.225 565.008 127.169 107.673 90.9214 437.839 33.5506 26.7741 16.752 6.77655 46.2173 14.226
internal_count=866310 795584 572755 266215 264340 306540 292840 13700 1875 222829 217320 8778 5509 4773 208542 736 70726 25471 45255 27813 4751 25215 24592 23062 256 225 623 31 17442 2469
is_linear=0
shrinkage=0.05


Tree=181
num_leaves=31
num_cat=0
split_feature=8 8 8 2 2 2 1 1 1 2 9 4 1 4 1 8 6 4 2 2 4 2 2 2 1 1 2 1 4 2
split_gain=23.6318 28.7723 31.5417 42.9862 55.4916 37.9963 30.2413 28.4775 26.533 21.6699 31.6593 28.5157 22.2487 33.8242 19.5481 14.3982 13.37 18.8421 18.1776 13.5678 12.4955 11.8151 20.4414 20.0475 12.1375 10.764 9.12281 8.35282 6.1955 3.13343
threshold=1.0000000180025095e-35 11.500000000000002 4.5000000000000009 0.1627137288451195 0.3464102596044541 0.75147059559822094 0.04124149680137635 0.063164893537759795 0.60188680887222301 0.1627137288451195 8.5000000000000018 0.17667067050933841 0.12060606107115747 0.34296141564846044 0.22611077129840854 13.500000000000002 1.0000000180025095e-35 0.48507130146026617 0.92718276381492626 0.40709352493286138 0.44198286533355718 0.41612553596496588 0.41712453961372381 0.13873296231031421 0.19538705796003344 0.12390350922942163 0.83424907922744762 0.92940199375152599 0.73557159304618847 0.10596491396427156
decision_type=2 2 2 2 2 2 2 2 2 2 2 2 2 2 2 2 2 2 2 2 2 2 2 2 2 2 2 2 2 2
left_child=16 2 3 7 -5 6 -4 -2 -7 10 15 -12 13 -11 -14 -3 21 19 27 20 -18 23 25 29 -24 -23 -21 -19 -25 -1
right_child=1 9 5 4 -6 8 -8 -9 -10 12 11 -13 14 -15 -16 -17 17 18 -20 26 -22 22 24 28 -26 -27 -28 -29 -30 -31
leaf_value=0.0022405489529322207 -0.00036064467229797795 0.046280989380392629 -0.097657055216404026 -0.020456893045340457 0.0022069857258347784 -0.037680778671855729 -0.0096620723557874419 0.038549833627840174 0.006313837744411856 0.075862996606392952 0.13784014014630983 -0.056129670298262824 -0.0021975271939585718 0.013537201313982061 0.0093810283919374716 -0.006529307931085946 0.061091486503738718 -0.0046201936343253629 0.044940667389732007 0.0020221441409974377 0.16942378662344368 0.26560500340765347 -0.060961164735256271 -0.044140752474492242 0.0076572253194867107 -0.0031694406847940881 0.053170734078285015 0.050109101264386439 -0.22187950945239221 0.042060602114818733
leaf_weight=12.226777005707845 76.093829465840827 16.129071681163623 9.816715330918667 305.18522813970776 2348.2237902669149 36.273332155338721 1816.3457812822744 123.08354048096226 620.84941774519393 27.080433736773557 1.9793713185063087 44.329976469431131 603.0554497288249 110.98062329698587 921.64268161896325 64.600238545725006 10.279729841044171 85.73173537675757 29.357051260245498 15.488441519177284 3.5919072791002682 1.1664502154744685 6.5255248220419153 26.027892015561523 518.92037918286951 0.54729144213342795 19.942173203220591 7.5887214922113335 0.49970181286334892 8.2899502617656253
leaf_count=149 1187 302 444 54297 209705 962 292396 1026 12738 7062 282 2771 89500 1716 119042 2154 55 2219 15392 347 14 47 2413 13002 33430 300 1974 1314 6 64
internal_value=0.000421772 -0.000464751 -0.00230486 0.00128191 -0.000399729 -0.00642504 -0.0101351 0.0236845 0.00388532 0.00502111 -0.014883 -0.0478389 0.00654183 0.0257623 0.00480143 0.00402177 0.00888761 0.0211171 0.0106254 0.0472234 0.0891429 0.00522476 0.00736735 -0.0187842 0.00680505 0.179771 0.0308112 -0.000169665 -0.0474888 0.0183302
internal_weight=7871.85 7125.67 5335.87 2852.59 2653.41 2483.29 1826.16 199.177 657.123 1789.8 127.039 46.3093 1662.76 138.061 1524.7 80.7293 746.184 171.98 122.678 49.3023 13.8716 574.204 527.16 47.0443 525.446 1.71374 35.4306 93.3205 26.5276 20.5167
internal_count=866310 795584 572755 266215 264002 306540 292840 2213 13700 222829 5509 3053 217320 8778 208542 2456 70726 21315 18925 2390 69 49411 36190 13221 35843 347 2321 3533 13008 213
is_linear=0
shrinkage=0.05


Tree=182
num_leaves=31
num_cat=0
split_feature=3 2 5 2 4 3 4 4 4 3 2 3 1 4 3 8 2 2 4 2 3 3 2 2 1 1 1 2 4 4
split_gain=26.3031 27.7657 27.6473 52.9271 52.4879 60.9543 56.0808 42.2609 37.1288 88.839 54.1905 33.0621 29.4256 20.5354 19.7916 13.3106 13.3081 12.2404 9.1759 9.06082 7.41576 6.87496 6.92874 6.44478 4.53934 4.20646 10.4865 2.358 1.28164 2.72347
threshold=0.8603896200656892 0.60107529163360607 1.0000000180025095e-35 0.57932874560356151 0.78065484762191784 0.47338935732841497 0.18731725215911868 0.61710438132286083 0.53178024291992199 0.30602006614208227 0.13873296231031421 0.62019231915473949 0.39314988255500799 0.9689110815525056 0.77525252103805553 22.500000000000004 0.58380147814750682 0.93419912457466137 0.47395551204681402 0.33520600199699407 0.89736840128898632 0.89181286096572887 0.84273937344551098 0.17712418735027316 0.75255101919174205 0.16172623634338382 0.15184453129768374 0.30860807001590734 0.86228448152542125 0.99568966031074535
decision_type=2 2 2 2 2 2 2 2 2 2 2 2 2 2 2 2 2 2 2 2 2 2 2 2 2 2 2 2 2 2
left_child=2 15 4 8 5 6 -1 -7 10 -10 -4 17 -13 16 -15 18 -5 -6 19 -2 21 24 -23 -20 -3 26 -17 -27 -22 -30
right_child=1 20 3 13 11 7 -8 -9 9 -11 -12 12 -14 14 -16 25 -18 -19 23 -21 28 22 -24 -25 -26 27 -28 -29 29 -31
leaf_value=0.0034933782466447048 0.03503627615387496 0.0059194006703215769 0.044590139690761761 0.10312398888108019 -0.044578873854484551 0.01825496192133897 -0.0079810625881155933 -0.0025128912624498862 0.047206565109682713 0.00072463946459453928 -0.021345090310103523 0.013382646969153726 -0.01939594281766012 -0.013493163383704343 -0.27182538869145645 0.025140169421611621 0.026434539119585383 0.039083022141837849 0.019877572764815242 -0.011333152645398456 0.047656431096124566 -0.12407103682844632 0.050194795271110641 -0.0052255850466947232 0.050142492475245326 0.02269504137716365 -0.10038997910337583 0.053535219562010121 0.020858667039364901 0.046055986087311346
leaf_weight=1851.1901611875001 34.764617227017879 18.956555402255624 35.238098345027538 5.7913071576331268 110.90968924446497 644.82886995363515 2506.8904708738701 395.02296874573221 116.72218332649209 861.57151131890714 269.4141290850821 94.596449333243072 247.87871587992413 2.3541644950164478 1.0822648027678949 14.612423455342652 243.86618460880709 4.5514243461657307 28.763967104256153 15.116072301636448 39.554348414007109 1.7144542057067149 0.85475985158700485 230.08790781139396 8.3626316048903373 9.4967697188258189 1.8774592094123352 17.843040097272024 18.79130498401355 24.97915275557898
leaf_count=204410 104 720 1628 107 1372 12207 442445 7315 929 4128 128908 539 6663 274 40 80 34209 963 230 231 5413 32 68 1936 1100 27 11 253 2794 7174
internal_value=0.000401817 0.0119262 -0.000324349 0.00564617 -0.00189046 -0.00051169 -0.00310704 0.0103656 0.00152382 0.00627049 -0.0137186 -0.0181428 -0.010342 0.0265426 -0.094852 0.00500838 0.0282135 -0.041281 0.00134785 0.0209843 0.0334691 0.0121025 -0.066094 -0.00243609 0.0194565 0.0307929 0.0108479 0.0428226 0.0411333 0.0352384
internal_weight=7857.68 465.775 7391.91 1536.04 5855.87 5397.93 4358.08 1039.85 1282.95 978.294 304.652 457.936 342.475 253.094 3.43643 352.562 249.657 115.461 308.733 49.8807 113.213 29.8884 2.56921 258.852 27.3192 43.8297 16.4899 27.3398 83.3248 43.7705
internal_count=866310 20173 846137 170223 675914 666377 646855 19522 135593 5057 130536 9537 7202 34630 314 2872 34316 2335 2501 335 17301 1920 100 2166 1820 371 91 280 15381 9968
is_linear=0
shrinkage=0.05


Tree=183
num_leaves=31
num_cat=0
split_feature=3 0 0 1 8 2 0 2 0 8 1 8 0 1 1 1 3 3 1 2 1 8 2 0 1 3 1 1 2 8
split_gain=25.2271 71.692 61.2456 91.9954 41.0658 49.2155 36.0211 33.1282 29.1671 28.6296 31.1085 28.5429 29.4309 35.6614 26.8707 22.1704 17.201 13.4032 17.8588 8.18559 6.91052 5.481 68.6649 3.34252 3.69782 2.03215 3.51008 1.12178 0.400706 0.117212
threshold=0.10762548446655275 0.86607143282890331 0.2264957278966904 0.44562648236751562 3.5000000000000004 0.45867486298084265 0.78888890147209179 0.84273937344551098 0.069047622382640853 5.5000000000000009 0.55051019787788402 26.500000000000004 0.26136364042758947 0.41421362757682806 0.38529014587402349 0.69337606430053722 0.46410256624221807 0.11882352828979494 0.87652438879013073 0.93063354492187511 0.96922349929809581 22.500000000000004 0.43792808055877691 0.31666667759418493 0.29925373196601873 0.30602006614208227 0.14174107462167743 0.41742423176765447 0.81204709410667431 1.0000000180025095e-35
decision_type=2 2 2 2 2 2 2 2 2 2 2 2 2 2 2 2 2 2 2 2 2 2 2 2 2 2 2 2 2 2
left_child=2 6 3 21 15 -6 7 8 -2 19 -11 12 13 -4 -14 -5 -9 18 28 -8 -20 27 -23 -13 -25 26 -19 -1 -3 -27
right_child=1 17 11 4 5 -7 9 16 -10 10 -12 23 14 -15 -16 -17 -18 25 20 -21 -22 22 -24 24 -26 29 -28 -29 -30 -31
leaf_value=-0.050412367790801577 0.0040281878361762028 0.066727356104971478 -0.017451392221284598 -0.052888240360441964 0.18021393118777712 0.028909302128810044 0.02375797014925642 0.0044469771077636109 -0.0035929144915607782 -0.2020016416136251 -0.034643808439152726 -0.051162029598839809 0.016109410138184701 0.047447191270251404 -0.0051749984556435924 0.031169200129699915 0.024162029722636879 -0.15882054424704373 -0.10891821773091143 -0.021929268920720418 -0.016443179721167572 -0.050067455657098407 0.44012035384802195 0.14121567776867916 0.067802202492531743 0.050017333778192542 0.034869219985955165 -0.033849674606610321 0.046267129672238727 0.046299145417327409
leaf_weight=156.15691772965511 2851.4703773432993 4.5579789578914642 31.933372506551677 21.510095777965034 6.3358230096200705 35.421764974686084 30.131247706594877 208.46868346646079 2242.99051643032 2.8644841453060499 90.58869173633866 0.35689003244624373 164.45616555400193 62.785550733518903 1507.9677594412933 12.34730996773578 235.75216381624341 0.23568988102488475 2.4350787904113522 14.532387220766394 11.858510921709239 8.8625765658653073 0.77705209227133387 3.5535512748756446 3.315777107316535 46.443761276605073 30.927670689707156 10.939338294258048 5.0380809716880322 38.989496678230353
leaf_count=473533 77625 5 24107 13356 2446 19088 1858 7750 44249 32 1310 341 17890 14075 69287 308 20169 6 25 1413 65 24050 1536 43 56 25377 3126 16690 18 6476
internal_value=0.000385201 0.00205888 -0.00441875 -0.0274666 0.0186874 0.0518666 0.00118569 0.00181464 0.000672767 -0.0240361 -0.0397736 -0.00114088 -0.00154641 0.0255674 -0.00308202 -0.0222337 0.0149099 0.0373431 0.00322413 0.00889253 -0.0321974 -0.0472132 -0.0105533 0.0980284 0.10578 0.0443337 0.0334043 -0.0493281 0.0559854 0.0483205
internal_weight=7844 5817.28 2026.72 252.351 75.615 41.7576 5676.8 5538.68 5094.46 138.117 93.4532 1774.37 1767.14 94.7189 1672.42 33.8574 444.221 140.486 23.8896 44.6636 14.2936 176.736 9.63963 7.22622 6.86933 116.597 31.1634 167.096 9.59606 85.4333
internal_count=866310 189504 676806 551007 35198 21534 154406 149793 121874 4613 1342 125799 125359 38182 87177 13664 27919 35098 113 3271 90 515809 25586 440 99 34985 3132 490223 23 31853
is_linear=0
shrinkage=0.05


Tree=184
num_leaves=31
num_cat=0
split_feature=3 0 9 4 1 4 0 1 3 4 4 3 0 0 8 1 1 8 1 9 9 3 4 0 9 1 0 1 8 0
split_gain=23.5855 30.5296 28.5492 28.9082 50.5998 46.2144 32.2123 34.0204 27.87 72.4645 53.4152 101.706 42.1883 25.4527 24.3051 21.8588 11.3166 9.21469 8.18663 8.29418 8.06005 8.37832 12.881 7.80728 21.1187 4.98792 1.61085 1.49078 0.855875 0.000262373
threshold=0.86811593174934398 0.2264957278966904 1.5000000000000002 0.91905540227890026 0.46737588942050939 0.95030865073204052 0.47222222387790685 0.680425524711609 0.21807064861059192 0.33215962350368505 0.14241623133420947 0.04446640424430371 0.86607143282890331 0.31666667759418493 7.5000000000000009 0.36032786965370184 0.080540537834167494 29.500000000000004 0.54631218314170849 5.5000000000000009 1.0000000180025095e-35 0.94868421554565441 0.9689110815525056 0.31666667759418493 1.5000000000000002 0.77346038818359386 0.11805555596947671 0.12060606107115747 2.5000000000000004 0.13809524476528171
decision_type=2 2 2 2 2 2 2 2 2 2 2 2 2 2 2 2 2 2 2 2 2 2 2 2 2 2 2 2 2 2
left_child=2 17 3 6 16 -6 7 -1 10 13 14 -12 -11 -10 -4 -8 -5 18 19 -2 21 22 -3 24 -22 -25 27 -19 -23 -20
right_child=1 20 8 4 5 -7 15 -9 9 12 11 -13 -14 -15 -16 -17 -18 26 29 -21 23 28 -24 25 -26 -27 -28 -29 -30 -31
leaf_value=-0.017377059783748209 0.0019168928575367277 0.016542897958597362 -3.7837119770389216e-06 -0.15150097470940196 -0.17087807395909635 -0.046776384172754794 0.055372058358378884 0.037369596371212663 0.009340594474907744 -0.00067815030388106861 -0.040731678236175795 -0.0040432270033470682 0.043671403688459592 0.027877565719719007 0.0150762666905815 0.0039830099362180788 0.010659760281072862 0.051582085362794461 0.050129049117963946 -0.03000135577385914 -0.28409374826516387 0.035206053285819591 -0.21618830998080188 0.015399596370951667 -0.0010540324208762222 0.047125346225352277 0.059508727530396203 0.0013011941839887534 0.049295206570054123 0.050750445528682998
leaf_weight=430.78510265943623 265.67212259536609 2.8851193606387819 1041.3988123395684 1.1098503575194616 9.6394350228365493 33.827341820229776 22.965613647946157 30.377883155480959 424.39904982061125 3004.4869694907393 225.12408877175767 1173.9154466381151 54.597695228003431 328.53102922521066 359.41339596523903 209.11666395695647 35.14895750884898 2.7217748761177045 5.7267440883442742 22.041975498665124 0.74532134691253205 13.437078549701253 0.74885860574431706 45.715125260932837 5.69297413690947 16.994574315438513 7.2170229777693748 3.2160604670643806 54.491097416379489 2.4151093987748027
leaf_count=73841 953 191 33805 7 492 1199 375 943 3547 48797 377050 241259 21216 8730 25804 9265 181 13 448 154 19 4713 26 2908 66 3870 14 7 6367 50
internal_value=0.000365449 0.0114824 -0.000311547 -0.00940392 -0.037917 -0.0742979 -0.00612482 -0.0137708 0.000751411 0.00353347 -0.00303638 -0.00994689 0.000113388 0.017429 0.00386538 0.00906819 0.00569616 0.00269141 0.000870761 -0.000528386 0.030788 0.0425511 -0.0314163 0.0186141 -0.0338198 0.0239974 0.0436383 0.0243489 0.0465082 0.0503134
internal_weight=7834.56 449.721 7384.84 772.971 79.7256 43.4668 693.245 461.163 6611.87 3812.01 2799.85 1399.04 3059.08 752.93 1400.81 232.082 36.2588 309.011 295.856 287.714 140.71 71.5622 3.63398 69.148 6.4383 62.7097 13.1549 5.93784 67.9282 8.14185
internal_count=866310 19799 846511 86303 1879 1691 84424 74784 760208 82290 677918 618309 70013 12277 59609 9640 188 1639 1605 1107 18160 11297 217 6863 85 6778 34 20 11080 498
is_linear=0
shrinkage=0.05


Tree=185
num_leaves=31
num_cat=0
split_feature=1 2 1 0 0 1 2 2 9 8 2 0 1 8 5 2 8 1 4 4 2 4 4 2 9 1 1 4 1 4
split_gain=22.394 27.8449 57.9182 102.096 177.089 129.754 88.8302 43.6308 36.5293 32.1124 45.129 29.7071 24.5862 23.4801 13.3108 12.4604 11.792 44.6487 23.6821 11.4222 12.6672 10.2736 8.2175 8.07659 5.41189 4.10951 3.26395 2.78641 1.49876 0.524068
threshold=0.048199767246842391 0.27812939882278448 0.22886905074119571 1.0000000180025095e-35 0.19090909510850909 0.40682870149612432 0.56992483139038097 0.57307061553001415 14.500000000000002 13.500000000000002 0.18808962404727939 0.19090909510850909 0.069366481155157103 2.5000000000000004 1.0000000180025095e-35 0.1627137288451195 11.500000000000002 0.1742581129074097 0.62981480360031139 0.83803656697273265 0.13873296231031421 0.72513738274574291 0.18577750027179721 0.13873296231031421 2.5000000000000004 1.0000000180025095e-35 0.04124149680137635 0.99568966031074535 1.0000000180025095e-35 0.90950042009353649
decision_type=2 2 2 2 2 2 2 2 2 2 2 2 2 2 2 2 2 2 2 2 2 2 2 2 2 2 2 2 2 2
left_child=13 8 6 5 -5 -4 11 -8 16 12 -11 -3 -10 19 22 21 18 -18 -2 20 26 -16 25 -24 -22 -15 -1 -17 29 -21
right_child=1 2 3 4 -6 -7 7 -9 9 10 -12 -13 -14 14 15 27 17 -19 -20 28 24 -23 23 -25 -26 -27 -28 -29 -30 -31
leaf_value=-0.0025865633589214347 -0.015136609877302793 -0.018188766247501913 0.0041775774501981158 -0.042938248310222388 0.00067587356090555324 0.046295055755085912 0.26499362044928559 0.043213771203214152 0.0025612179292669904 -0.079755430604350919 0.015561332511011369 0.018031869035174144 0.039291773887002522 0.054337060025218299 -0.044409337142587484 -0.090170551869640264 0.014945337930578792 -0.02629676088241888 0.0072465211173680516 0.073952597061684167 -0.10578774823468061 0.046378268507627683 -0.082265772756638891 -0.0041117489934130126 -0.03312487359825194 -0.058370790491657845 0.03773262983775727 -0.24747214608018508 0.013923179248793507 0.047352788108681626
leaf_weight=30.974838213878684 217.72561933321413 830.1250161979624 594.36647087801248 245.76370383689937 4393.3319988932635 264.13157000984938 2.3300878902009563 45.947426517202985 60.068003771375515 16.757000823388807 47.959991109280963 60.752298287363374 188.6207629417986 2.0277590999830859 5.134335095426648 2.2368108734663106 397.65117830397503 78.595375261837034 258.44959957897663 3.3321073185652477 3.6403645497994139 7.9271690249443054 27.264973011107944 3.761811972661234 8.6545728191122162 1.3453516880545064 5.990201529377372 0.32206052541732777 2.4208688174840063 4.1678214649436995
leaf_count=488 35696 195061 138304 133255 265556 14224 400 3213 1380 2165 9246 14000 12528 65 420 246 23133 11257 803 7 569 18 1204 391 2259 330 56 2 15 19
internal_value=0.000350584 0.000669338 -0.00066381 0.00129651 -0.00163466 0.0171357 -0.0121391 0.0539179 0.00744842 0.0222553 -0.00911879 -0.0157187 0.0304199 -0.022133 -0.0473518 -0.0090753 0.00257602 0.00813912 -0.00298791 -0.000817796 -0.0106756 0.0106906 -0.0647324 -0.0727901 -0.0546394 0.00938399 0.00394718 -0.109969 0.0481294 0.0591707
internal_weight=7811.78 7702.58 6436.75 5497.59 4639.1 858.498 939.155 48.2775 1265.83 313.406 64.717 890.877 248.689 109.201 50.0203 15.6204 952.422 476.247 476.175 59.1808 49.26 13.0615 34.3999 31.0268 12.2949 3.37311 36.965 2.55887 9.9208 7.49993
internal_count=866310 860221 764013 551339 398811 152528 212674 3613 96208 25319 11411 209061 13908 6089 2676 686 70889 34390 36499 3413 3372 438 1990 1595 2828 395 544 248 41 26
is_linear=0
shrinkage=0.05


Tree=186
num_leaves=31
num_cat=0
split_feature=3 5 4 2 3 4 4 4 3 2 1 3 2 3 3 6 4 8 4 3 8 1 6 2 2 4 2 4 4 3
split_gain=22.243 29.6809 57.4919 44.065 43.5434 52.3296 44.2277 35.6431 77.4702 48.2571 30.6837 30.1135 25.4992 23.8506 28.8424 14.98 13.7357 12.5652 11.4405 9.37158 11.0278 24.2439 8.95819 8.58347 5.88505 5.43013 2.90254 1.19098 1.67446 0.111036
threshold=0.82971012592315685 1.0000000180025095e-35 0.81091719865798961 0.57932874560356151 0.47338935732841497 0.23235879838466647 0.60440891981124889 0.53178024291992199 0.44949495792388922 0.13873296231031421 0.3440061509609223 0.54772728681564342 0.63373982906341564 0.71825397014617931 0.74456521868705761 1.0000000180025095e-35 0.3891009390354157 22.500000000000004 0.47395551204681402 0.89736840128898632 8.5000000000000018 0.75255101919174205 1.0000000180025095e-35 0.084806710481643691 0.18808962404727939 0.95030865073204052 0.2674796879291535 0.78973686695098888 0.99568966031074535 0.94868421554565441
decision_type=2 2 2 2 2 2 2 2 2 2 2 2 2 2 2 2 2 2 2 2 2 2 2 2 2 2 2 2 2 2
left_child=1 2 4 7 5 -1 -6 9 -9 -3 11 -4 17 16 -15 -12 -5 18 22 20 25 -22 -2 -19 -20 -14 -25 29 -29 -21
right_child=12 3 10 13 6 -7 -8 8 -10 -11 15 -13 19 14 -16 -17 -18 23 24 27 21 -23 -24 26 -26 -27 -28 28 -30 -31
leaf_value=0.0022654922092937998 0.029757000992522743 0.04245263639666208 -0.077961706194919961 -0.0038555413195948923 0.017537257749185135 -0.0087105629763021882 -0.0031098427589370181 0.022921737061645665 -0.005783165787374347 -0.020329870238036059 -0.056436752976854278 0.020441973557800409 0.030191977475289036 -0.31990884694395483 -0.01514792792710852 -0.024976431436195969 0.034711818956612357 -0.13508746694380527 0.014822779521443419 0.042792292641871538 -0.00021983550553685024 -0.19780949351795141 -0.01780136743300709 0.015349264039968016 -0.0060546897622806616 -0.0097483830316432898 0.041143187772021014 0.025576463684575335 0.045258134403409422 0.050164483699702805
leaf_weight=2238.5367214474609 48.699831171543337 34.64059634305886 8.9767005459871125 26.196362861708621 579.1773131043883 2108.9737721403217 469.71705592412036 418.52819283690769 536.17366848827805 262.86782164214674 46.494829715113156 58.05780381069053 62.23586464067921 0.81068948470056312 18.324164149118587 203.21363295812625 194.44041311228648 0.79377553425729175 38.393307013437152 6.7660913926083621 16.483469510450963 1.7138467663899053 12.428598255384712 18.249693285673857 279.38392996357288 9.8578757477225718 27.105013908818364 22.413523159048054 20.868329918710515 20.836311261402443
leaf_count=402177 345 1628 54 721 11100 244988 8604 2260 2660 128908 1107 254 4687 102 2222 4859 30607 5 292 959 258 18 129 90 2733 257 324 3610 6939 3413
internal_value=0.000333929 -0.000428102 -0.00206806 0.00585167 -0.000852887 -0.00305898 0.00829105 0.0020916 0.00680067 -0.0130197 -0.0227711 0.00726458 0.00969977 0.0254887 -0.0280598 -0.0308342 0.0301327 0.00327842 0.000278242 0.0266343 0.0159516 -0.0188291 0.0200875 0.0279116 -0.00353231 0.0247307 0.0307643 0.0402417 0.035066 0.0483574
internal_weight=7791.36 7205.13 5713.15 1491.98 5396.4 4347.51 1048.89 1252.21 954.702 297.508 316.743 67.0345 586.229 239.772 19.1349 249.708 220.637 425.054 378.906 161.175 90.2911 18.1973 61.1284 46.1485 317.777 72.0937 45.3547 70.8843 43.2819 27.6024
internal_count=866310 842251 673143 169108 666869 647165 19704 135456 4920 130536 6274 308 24059 33652 2324 5966 31328 3918 3499 20141 5220 276 474 419 3025 4944 414 14921 10549 4372
is_linear=0
shrinkage=0.05


Tree=187
num_leaves=31
num_cat=0
split_feature=0 8 3 8 0 0 1 0 1 0 2 1 3 0 1 2 1 2 8 4 2 8 1 1 1 1 4 2 8 9
split_gain=22.3199 51.5231 44.3792 39.0573 35.0371 39.1158 28.3834 31.705 204.559 146.398 115.534 62.8836 29.9576 24.8353 27.3217 14.4885 13.6954 12.456 15.1601 9.16393 8.73384 7.41075 12.0358 6.13372 5.38847 4.95691 3.70892 3.4632 1.47671 1.40852
threshold=0.63068181276321422 8.5000000000000018 0.16397849470376971 11.500000000000002 0.72077924013137828 0.94444444775581371 0.90121948719024669 1.0000000180025095e-35 0.40682870149612432 0.16025641560554507 0.56562754511833202 0.37617924809455877 0.057983193546533592 0.86607143282890331 0.23769168555736545 0.80229884386062633 0.75255101919174205 0.90070420503616344 1.0000000180025095e-35 0.21406109631061557 0.80229884386062633 17.500000000000004 0.48863048851490026 0.93405798077583324 0.92403846979141246 0.4236596822738648 0.762799233198166 0.7933771312236787 1.5000000000000002 1.5000000000000002
decision_type=2 2 2 2 2 2 2 2 2 2 2 2 2 2 2 2 2 2 2 2 2 2 2 2 2 2 2 2 2 2
left_child=6 2 17 4 20 -6 7 8 10 16 -1 -11 -10 14 -4 27 -9 19 -19 -2 -3 25 -23 24 -17 -5 -25 29 -29 -8
right_child=1 3 13 21 5 -7 15 9 12 11 -12 -13 -14 -15 -16 23 -18 18 -20 -21 -22 22 -24 26 -26 -27 -28 28 -30 -31
leaf_value=-0.0028178166014006406 0.01665327827932598 -0.0098830784962559027 -0.47007066131904723 -0.037794218475681499 -0.064352372844951891 0.0418263664403314 0.010732211145074387 -0.056743062671835001 -0.027818781045338303 0.011532991717011666 0.080404740295121915 -0.0057677425361796538 0.048944220171005359 0.045995141699312958 0.016972301596160439 0.009548290538273628 0.059657976468019062 -0.00012639572043637303 -0.028794694391989801 -0.0034739634347986902 0.041873903774886048 -0.21319414634658385 -0.00078166956205386561 0.030739244323506061 -0.035932090908474726 0.016466298636332845 -0.0097614427553408128 0.048509631861347463 0.12826038629071568 0.05058026779228153
leaf_weight=2667.9853497989534 139.1854923912324 45.39214703720063 0.28813829319551487 4.4374012344051144 73.818970630294643 9.8288793538231385 2.4107331043342155 137.3220335803635 13.402912223245947 652.4611966896191 42.365144974988652 2693.4140999469018 245.81617157108849 86.43895317427814 434.24075564063969 20.42825521633495 2.5743474266491821 171.96400484349579 63.012239036615938 95.256507220445201 9.934924320317803 0.94879179098643307 2.2445588984992355 36.553772332030348 9.5606132292887178 81.789253645343706 6.6868736753240219 0.81572310929186587 2.0125091094523668 27.685450874501839
leaf_count=398266 1837 675 13 75 655 227 187 87894 9256 134457 2341 154278 5010 34550 22626 1448 20 2794 1107 919 160 27 205 2181 723 1970 1672 43 6 688
internal_value=0.000320866 0.00653466 0.0114715 -0.0148729 -0.0314583 -0.051876 -0.000833331 -0.00125504 0.00254141 -0.00448927 -0.00151698 -0.00239402 0.0449752 0.0215184 0.0166493 0.024811 -0.0546011 0.000321299 -0.00781421 0.00847535 -0.000589225 0.0109039 -0.0638926 0.0124251 -0.0049511 0.0136739 0.0244761 0.0523595 0.105259 0.0473884
internal_weight=7780.28 1218.78 990.386 228.395 138.975 83.6478 6561.5 6455.34 2969.57 3485.77 2710.35 3345.88 259.219 520.968 434.529 106.154 139.896 469.418 234.976 234.442 55.3271 89.42 3.19335 73.2295 29.9889 86.2267 43.2406 32.9244 2.82823 30.0962
internal_count=866310 67840 63846 3994 1717 882 798470 791522 414873 376649 400607 288735 14266 57189 22639 6948 87914 6657 3901 2756 835 2277 232 6024 2171 2045 3853 924 49 875
is_linear=0
shrinkage=0.05


Tree=188
num_leaves=31
num_cat=0
split_feature=3 9 0 1 0 3 0 0 3 9 8 1 8 9 3 0 8 1 1 9 9 9 9 8 1 3 3 1 1 1
split_gain=20.8879 58.7906 52.4154 40.8124 40.5048 34.9591 29.6813 26.0161 24.6172 68.0287 23.5973 22.7659 20.73 20.4276 30.809 24.8592 19.5212 18.5287 16.3106 9.08801 8.3508 6.8895 6.69217 6.65314 34.5138 6.17977 2.34976 2.22292 1.59486 1.46571
threshold=0.098387096077203764 70.500000000000014 0.19090909510850909 0.44562648236751562 0.86607143282890331 0.12310606241226198 0.78888890147209179 0.63068181276321422 0.057983193546533592 49.500000000000007 26.500000000000004 0.22767145186662677 5.5000000000000009 20.500000000000004 0.070197045803070082 0.26136364042758947 4.5000000000000009 0.2314560413360596 0.87652438879013073 31.500000000000004 73.500000000000014 35.500000000000007 72.500000000000014 22.500000000000004 0.28035087883472448 0.12701612710952762 0.30602006614208227 0.44562648236751562 0.29478609561920172 0.41742423176765447
decision_type=2 2 2 2 2 2 2 2 2 2 2 2 2 2 2 2 2 2 2 2 2 2 2 2 2 2 2 2 2 2
left_child=2 4 3 23 6 18 7 -2 19 -10 13 16 -8 14 -4 -15 22 -13 -6 -5 -18 27 -3 29 -25 -19 -7 -12 -23 -1
right_child=1 11 10 8 5 26 12 -9 9 -11 21 17 -14 15 -16 -17 20 25 -20 -21 -22 28 -24 24 -26 -27 -28 -29 -30 -31
leaf_value=-0.050315719842855093 -0.00020544490455316755 0.075573081119299015 -0.032994277616152735 -0.056313489549933884 0.03805610450232158 0.030873535565788302 0.0056992140489169132 0.01141414168924932 3.5245969846295638e-05 0.24644474458333243 -0.062376726520872089 0.16461811929748504 -0.03523960262187744 0.022851505670042051 0.0014958249220543009 -0.0016226108414822858 0.013074744505534542 0.063789610307714281 -0.0235604712991823 0.0017324112437165171 -0.090016768408345341 0.13172493030938762 0.0058353124222757426 -0.050065602035649762 0.2255486497912163 0.035043357885528328 0.048055232657997327 0.054882304375625461 0.078781220256123885 -0.027477908820848419
leaf_weight=108.13995660754154 4929.7862502215066 5.0728520636039347 123.74180533236358 9.632847700675482 14.868036174681036 27.153722747898428 45.387425164575689 533.89757926829043 11.109427554954889 3.7453458090894847 0.82957240370160323 3.2245475463569155 97.023524905671366 112.56731430953369 135.8131209431449 1325.4885926304414 2.7146255335828737 25.545577025419334 38.686036639846861 22.478855577821378 7.1075681003276259 3.64482172994758 10.688166151085168 6.3832898563923655 1.3817441243445499 69.727489139768295 74.479706947458908 0.78819514432689175 2.3328819451562595 7.513677998824277
leaf_count=378896 183178 12 126367 17884 37 2982 3270 21357 1932 182 715 4 1326 19698 8411 28517 28 189 168 4325 135 84 72 19424 2378 574 31821 12 35 12297
internal_value=0.000309193 0.00177353 -0.00428572 -0.0307282 0.00104015 0.0262381 0.000342624 0.000929992 0.00894033 0.0621627 -0.00164357 0.0358257 -0.0221921 -0.002037 -0.0149472 0.00029316 -0.0061981 0.0467407 -0.00645407 -0.0156802 -0.0615247 0.08629 0.0282812 -0.045824 -0.0010216 0.0427511 0.0434647 -0.00524676 0.111063 -0.048832
internal_weight=7760.95 5885.36 1875.59 170.385 5761.28 155.188 5606.09 5463.68 46.9665 14.8548 1705.21 124.081 142.411 1697.61 259.555 1438.06 25.5832 98.4976 53.5541 32.1117 9.82219 7.59547 15.761 123.419 7.76503 95.2731 101.633 1.61777 5.9777 115.654
internal_count=866310 245153 621157 437318 244139 35008 209131 204535 24323 2114 183839 1014 4596 182993 134778 48215 247 767 205 22209 163 846 84 412995 21802 763 34803 727 119 391193
is_linear=0
shrinkage=0.05


Tree=189
num_leaves=31
num_cat=0
split_feature=3 5 4 0 3 4 4 4 6 2 0 0 2 0 3 3 4 3 4 3 2 8 8 4 2 6 2 2 3 8
split_gain=20.4076 30.3843 60.5285 46.3221 40.338 46.6606 34.2392 33.9566 59.8608 50.1679 32.0207 21.7773 20.6355 17.7296 15.2933 14.5748 13.5776 12.0643 23.7459 14.5072 10.3624 9.14966 6.81027 11.9533 7.89304 6.61834 19.0688 2.10682 1.28749 9.01367
threshold=0.79057019948959362 1.0000000180025095e-35 0.77167919278144848 0.2264957278966904 0.47338935732841497 0.23265838623046878 0.60440891981124889 0.47395551204681402 1.0000000180025095e-35 0.13873296231031421 0.095454547554254546 0.86607143282890331 0.36758151650428778 0.43650794029235845 0.71825397014617931 0.74456521868705761 0.56021979451179515 0.89736840128898632 0.95030865073204052 0.82085561752319347 0.2930081188678742 8.5000000000000018 22.500000000000004 0.78065484762191784 0.18808962404727939 1.0000000180025095e-35 0.28743545711040502 0.23294574022293094 0.94868421554565441 8.5000000000000018
decision_type=2 2 2 2 2 2 2 2 2 2 2 2 2 2 2 2 2 2 2 2 2 2 2 2 2 2 2 2 2 2
left_child=1 2 4 7 5 -1 -6 9 -9 -3 12 -12 -4 16 20 -16 25 18 21 -20 -5 -15 24 -24 -18 27 -27 -2 29 -19
right_child=13 3 10 14 6 -7 -8 8 -10 -11 11 -13 -14 17 15 -17 22 28 19 -21 -22 -23 23 -25 -26 26 -28 -29 -30 -31
leaf_value=0.0022279960492487204 0.010341159271691073 0.044201378777805223 -0.013467852479443133 0.085580238603226833 0.016718679829188992 -0.0081910775959844768 -0.0033387974127124555 0.021018235610553777 -0.0040094119711385238 -0.028655791985039716 -0.031065220625691066 0.044963660499487884 0.038377936249203132 0.027118865338547904 -0.18114876454278039 -0.0070516727537284669 0.017525929802621583 0.043589700856936628 -0.13367433876326301 -0.019020409813218397 0.02640356255301728 -0.0034178926587776362 -0.069391324036448945 0.031384846761196676 -0.0056970351657404418 0.05732323530828537 -0.042930572453593462 0.031077098921485066 0.04417141671186859 -0.052074091255480764
leaf_weight=2235.5646828992685 15.380727425217627 27.748392406021594 49.198877688497305 7.6374813748698207 545.18554288265295 2069.1241497399387 348.95937970816158 381.57157164171804 639.034704203601 159.10641851432592 296.58864812285174 9.7275301663903502 31.467797504272312 101.38609628198901 1.2963819904252911 16.538279368018266 41.442578377202153 15.430436407448726 3.6016822762321672 11.791377248358911 235.64476166747045 32.359362605027854 3.2774062659591428 28.791684087365866 312.40704906685278 7.5884194038808372 12.649754176381974 60.171589032514021 42.44631675403798 2.9298694571480146
leaf_count=405077 79 1597 162 53 10515 241687 6212 3948 3086 126212 4234 2564 203 6835 105 1865 307 2790 96 269 31817 454 50 270 3414 31 178 462 11564 174
internal_value=0.000293285 -0.000510316 -0.00219287 0.00588939 -0.000772837 -0.00278011 0.00889082 0.00175989 0.00534761 -0.0178363 -0.02127 -0.0286508 0.00675701 0.00848945 0.024985 -0.0197066 0.00320457 0.0206154 0.0129621 -0.0458472 0.0282613 0.0197306 -0.000977603 0.0210857 -0.00297718 0.0200536 -0.00533983 0.0268557 0.0393864 0.028324
internal_weight=7746.05 7054.39 5585.82 1468.58 5198.83 4304.69 894.145 1207.46 1020.61 186.855 386.983 306.316 80.6667 691.654 261.117 17.8347 481.709 209.945 149.139 15.3931 243.282 133.745 385.919 32.0691 353.85 95.7905 20.2382 75.5523 60.8066 18.3603
internal_count=866310 839337 670654 168683 663491 646764 16727 134843 7034 127809 7163 6798 365 26973 33840 1970 4791 22182 7654 365 31870 7289 4041 320 3721 750 209 541 14528 2964
is_linear=0
shrinkage=0.05


Tree=190
num_leaves=31
num_cat=0
split_feature=1 2 1 0 0 1 2 3 8 9 8 2 1 8 1 8 1 6 2 3 2 2 3 1 9 3 2 9 3 3
split_gain=20.3479 25.456 51.556 87.3572 152.369 111.748 78.3102 45.5228 43.6392 34.8792 24.9585 58.8771 22.1369 21.7101 20.1688 27.3048 17.8944 11.3283 13.5645 16.8746 8.86548 11.6177 9.56505 21.4958 11.3394 9.26202 6.37263 3.50093 11.0854 2.01678
threshold=0.048199767246842391 0.27812939882278448 0.22886905074119571 1.0000000180025095e-35 0.19090909510850909 0.40682870149612432 0.42776885628700262 0.10762548446655275 8.5000000000000018 9.5000000000000018 13.500000000000002 0.25586470961570745 0.069366481155157103 2.5000000000000004 0.16774892061948779 10.500000000000002 0.2336879447102547 1.0000000180025095e-35 0.13873296231031421 0.29705883562564855 0.10596491396427156 0.18808962404727939 0.45804196596145635 0.04124149680137635 2.5000000000000004 0.42481203377246862 0.1627137288451195 53.500000000000007 0.47338935732841497 0.95553359389305126
decision_type=2 2 2 2 2 2 2 2 2 2 2 2 2 2 2 2 2 2 2 2 2 2 2 2 2 2 2 2 2 2
left_child=13 9 6 5 -5 -4 8 -8 -3 14 12 -12 -11 17 15 -2 -16 18 19 -1 22 25 24 -24 -15 -22 -20 28 -19 -23
right_child=1 2 3 4 -6 -7 7 -9 -10 10 11 -13 -14 20 16 -17 -18 27 26 -21 21 29 23 -25 -26 -27 -28 -29 -30 -31
leaf_value=-0.067528556078517099 -0.006715068032430424 -0.030782505423576356 0.0040673319459080771 -0.040630382829920764 0.00057135460761678029 0.043888113404038386 -0.059947076222692908 0.027497987442101218 -0.0067638315438208951 0.0014130000223252868 -0.025172709465363624 0.062040767219061169 0.032274823459096096 0.027554819355578561 -0.021914049890743775 0.014261782784550101 0.01430719883604707 -0.039921500286303022 -0.29689531799513397 0.02330017249838914 -0.071194445246830065 -0.078951229645071577 -0.16036212401401395 0.014785259409060825 -0.059570384740104176 0.039318496495682524 -0.071207359632737707 0.056059320021725492 0.03885464960941399 -0.20232161234530352
leaf_weight=7.2349349940195742 270.49550541820645 369.44447958643286 588.48359400129266 236.53757546813722 4369.8131328086019 251.4664906373946 16.477425155833771 153.83495917744585 387.430308931318 75.210497512875008 76.192307113677089 25.940104708199215 255.48011902591679 4.4925754103969693 143.66561282789189 363.73521240508126 44.709602562223154 6.6144155311631101 0.3278208636038461 17.440244369208813 2.4729558268954852 3.0618900947447396 5.7011460959911329 2.5288640484213829 22.135311353915313 8.1251617223024351 6.818071087313001 6.2450189089868209 13.74798685510177 0.37145259976387013
leaf_count=472 15844 98984 138304 133255 265556 14224 29895 3179 80616 2006 12345 5391 21013 146 15269 18164 6176 53 43 43 325 726 30 8 1422 17 2732 11 59 2
internal_value=0.000281949 0.000586086 -0.000695775 0.0011597 -0.00154437 0.015989 -0.0115948 0.0190378 -0.0184878 0.00709376 0.0185832 -0.00302179 0.0252558 -0.0213383 0.00104849 0.00531528 -0.0133172 -0.000767126 -0.020899 -0.00333145 -0.0459233 -0.012364 -0.059432 -0.106544 -0.0448709 0.0135315 -0.0815609 0.0233096 0.0132654 -0.0922986
internal_weight=7736.23 7628.92 6373.49 5446.3 4606.35 839.95 927.187 170.312 756.875 1255.43 432.823 102.132 330.691 107.318 822.606 634.231 188.375 58.4285 31.8211 24.6752 48.8894 14.0315 34.8579 8.23001 26.6279 10.5981 7.14589 26.6074 20.3624 3.43334
internal_count=866310 860221 764013 551339 398811 152528 212674 33074 179600 96208 40755 17736 23019 6089 55453 34008 21445 3413 3290 515 2676 1070 1606 38 1568 342 2775 123 112 728
is_linear=0
shrinkage=0.05


Tree=191
num_leaves=31
num_cat=0
split_feature=8 8 8 2 2 2 0 0 2 9 4 0 2 5 8 2 0 6 8 2 0 2 0 2 2 9 9 0 2 4
split_gain=20.023 25.4928 25.9062 35.9603 41.2202 34.6772 47.0715 37.195 20.0301 24.07 25.2863 13.8928 20.645 20.422 13.2577 12.9199 16.6906 11.7614 10.9159 29.1381 18.685 9.87304 7.91773 6.91464 6.87746 6.34224 2.77843 1.39456 0.703856 7.69003
threshold=1.0000000180025095e-35 11.500000000000002 4.5000000000000009 0.13873296231031421 0.3464102596044541 0.75147059559822094 1.0000000180025095e-35 0.2264957278966904 0.1627137288451195 8.5000000000000018 0.17667067050933841 0.31666667759418493 0.13873296231031421 1.0000000180025095e-35 13.500000000000002 0.69504830241203319 0.34848485887050634 1.0000000180025095e-35 15.500000000000002 0.33981132507324224 1.0000000180025095e-35 0.86706829071044933 0.27922078967094427 0.89498746395111095 0.10596491396427156 21.500000000000004 32.500000000000007 0.13809524476528171 0.81204709410667431 0.37544326484203344
decision_type=2 2 2 2 2 2 2 2 2 2 2 2 2 2 2 2 2 2 2 2 2 2 2 2 2 2 2 2 2 2
left_child=11 2 3 17 -5 6 -4 -7 9 14 -11 12 24 15 -3 16 -13 -2 20 -20 -10 22 -14 -17 25 -1 -26 -23 29 -15
right_child=1 8 5 4 -6 7 -8 -9 18 10 -12 13 21 28 -16 23 -18 -19 19 -21 -22 27 -24 -25 26 -27 -28 -29 -30 -31
leaf_value=-0.022871281091025406 0.012042920028859982 0.04323839206226629 -0.0017748075954074753 -0.01752151175437856 0.0018322095788642961 0.082761514598832922 -0.01797169574593329 0.0020209086755091144 0.0087525035114353767 0.12477405800040434 -0.052176995212667859 0.038769159954731632 -0.018476542955199318 -0.10540348831095006 -0.0082165130505632133 -0.0041293250345254811 0.0045565878693946786 0.038256230669058158 0.0014642281378788868 0.019892124572094345 -0.0069224436416627753 -0.044584573907323621 -0.088294909308897773 0.0094361367591919848 0.069656590303736263 0.034813897582328848 0.0087185501046420401 0.041858671260621858 0.052138954593701908 0.04757455993062365
leaf_weight=8.2354471248690988 104.05913583323127 15.586361257242968 923.9877024069865 312.4734907780512 2301.4244197220978 14.590854283887891 871.82506156813906 636.73176844522823 429.09835315539385 2.1184933653275939 42.953430566260067 72.77584761910839 91.001717298240692 0.87600835331249882 63.603152987991052 147.3029658353189 69.876488697249442 72.677553915185854 463.32714042274893 399.44605853380199 341.36161165413068 0.49777410540264 4.2503672465682021 259.29468015488237 9.9869499442284013 11.306931698985862 2.3016056527849278 7.4425013063009828 23.993477665993851 13.203449223481583
leaf_count=94 1587 302 155326 54635 209705 214 137514 13486 57266 282 2771 2412 24191 25 2154 4070 2043 288 60743 54816 44495 41 564 19288 58 82 22 419 15726 1691
internal_value=0.000268433 -0.000549965 -0.0022984 0.00099448 -0.000481394 -0.0060535 -0.00963802 0.00382965 0.00466082 -0.0146909 -0.0438599 0.00819387 -0.00626807 0.0115186 0.00191102 0.00906388 0.0220106 0.0228223 0.00613316 0.00999596 0.00180753 -0.0171267 -0.021592 0.00452162 0.0289343 0.0105045 0.0582431 0.0364396 0.0469312 0.0380564
internal_weight=7717.61 6995.26 5237.77 2790.63 2613.9 2447.14 1795.81 651.323 1757.49 124.261 45.0719 722.346 135.023 587.323 79.1895 549.25 142.652 176.737 1633.23 862.773 770.46 103.192 95.2521 406.598 31.8309 19.5424 12.2886 7.94028 38.0729 14.0795
internal_count=866310 795584 572755 266215 264340 306540 292840 13700 222829 5509 3053 70726 25471 45255 2456 27813 4455 1875 217320 115559 101761 25215 24755 23358 256 176 80 460 17442 1716
is_linear=0
shrinkage=0.05


Tree=192
num_leaves=31
num_cat=0
split_feature=3 0 4 3 2 8 1 2 1 8 4 1 4 4 2 8 2 2 3 1 1 0 2 8 2 0 1 6 8 4
split_gain=19.4106 25.102 21.7569 21.1028 21.8988 22.7251 19.2195 22.883 52.1473 20.8321 16.98 21.7076 15.0269 14.4034 8.28684 8.19814 7.67094 8.93999 7.51064 7.61065 10.4735 2.16374 9.42451 2.1804 2.00208 1.69695 1.72507 1.40222 1.38642 0.348782
threshold=0.86811593174934398 0.2264957278966904 0.92880183458328258 0.76330533623695385 0.28743545711040502 8.5000000000000018 0.048199767246842391 0.27812939882278448 0.22886905074119571 27.500000000000004 0.93957647681236278 0.69337606430053722 0.72513738274574291 0.44198286533355718 0.29442724585533148 29.500000000000004 0.47413024306297308 0.33520600199699407 0.94868421554565441 0.75255101919174205 0.48212005198001867 0.31666667759418493 0.44552318751811987 2.5000000000000004 0.56992483139038097 0.11805555596947671 0.15831244736909869 1.0000000180025095e-35 8.5000000000000018 0.58995378017425548
decision_type=2 2 2 2 2 2 2 2 2 2 2 2 2 2 2 2 2 2 2 2 2 2 2 2 2 2 2 2 2 2
left_child=2 15 6 10 28 -6 12 9 -9 -8 11 -4 13 -1 -12 16 17 -2 19 20 -3 22 -20 -23 -18 26 -17 -14 -5 -21
right_child=1 18 3 4 5 -7 7 8 -10 -11 14 -13 27 -15 -16 25 24 -19 21 29 -22 23 -24 -25 -26 -27 -28 -29 -30 -31
leaf_value=-0.016842668152630358 0.0043177175237182454 0.03714370112942765 -0.020821121394244288 0.044815710091660216 -0.043181001256215268 -0.13767637931923749 0.0083192885301448007 -0.012976578998722574 0.00093132336826167231 -0.027576220866543127 -0.036146055732772561 -0.13602474180467453 0.039474994664866467 -0.063056815131390373 0.011960125764771 0.051414163055409169 0.018552891530725944 -0.016042151320777132 0.050729122421912777 0.029051541494345429 -0.016588473404957917 0.027084031254651947 -0.029496777758215267 0.048986179093630976 0.05063677327685976 0.059375451289507691 -0.0041659899922912701 0.0094269369228627345 0.0029057926004865293 0.050104202714563895
leaf_weight=51.605464488122379 198.74384056869894 14.36665311490651 28.403615628776606 4.2923526093363753 25.644329151080456 8.4618591936305148 1061.5481364498555 775.50627300862834 5148.3088641853028 42.019573363286327 10.357018515467642 4.7766811830806537 5.8264421261847028 25.041114496678347 65.997250520915259 2.655241444706915 13.557757877279075 73.98985758330673 10.518641319125893 2.3779852518928228 24.59450363315409 15.222730551729908 5.6148572105448684 44.819385887647513 7.5813601035624734 6.7881022989749908 2.9439092352986336 11.637822838267311 3.6525465697050095 11.392646667489315
leaf_count=5700 677 528 331 15 725 89 90045 212180 528374 5532 31 776 14 279 2373 14 204 341 160 470 1481 5839 187 7130 383 14 6 37 10 2365
internal_value=0.000256237 0.0105138 -0.000357498 -0.0191017 -0.0492108 -0.0666256 4.14839e-05 0.000342077 -0.000889406 0.00695253 -0.00754257 -0.037406 -0.0224042 -0.0319412 0.0054348 0.00272283 0.00104329 -0.00120571 0.0290236 0.0145178 0.00322489 0.0390651 0.0228085 0.0434332 0.0300595 0.0425679 0.0221914 0.0194516 0.0255483 0.0464687
internal_weight=7708.25 435.167 7273.08 151.586 42.0511 34.1062 7121.49 7027.38 5923.82 1103.57 109.535 33.1803 94.1108 76.6466 76.3543 306.26 293.873 272.734 128.907 52.7318 38.9612 76.1756 16.1335 60.0421 21.1391 12.3873 5.59915 17.4643 7.9449 13.7706
internal_count=866310 19799 846511 4350 839 814 842161 836131 740554 95577 3511 1107 6030 5979 2404 1639 1605 1018 18160 4844 2009 13316 347 12969 587 34 20 51 25 2835
is_linear=0
shrinkage=0.05


Tree=193
num_leaves=31
num_cat=0
split_feature=3 0 0 1 8 2 0 2 8 0 1 8 1 1 2 2 1 8 1 3 3 1 2 8 2 8 3 1 1 2
split_gain=19.2597 55.476 51.1969 82.1829 34.779 26.9062 26.6732 26.6106 25.7423 23.2791 32.082 36.2299 33.3812 27.1571 27.2031 22.5672 20.2249 18.6678 21.47 15.4084 12.2498 15.5489 7.83491 5.6512 37.2786 5.07188 2.16044 3.2085 1.04322 0.360653
threshold=0.10762548446655275 0.86607143282890331 0.2264957278966904 0.44562648236751562 3.5000000000000004 0.45867486298084265 0.78888890147209179 0.84273937344551098 1.5000000000000002 0.26136364042758947 0.41421362757682806 7.5000000000000009 0.12060606107115747 0.38529014587402349 0.61633428931236278 0.55036231875419628 0.69337606430053722 5.5000000000000009 0.55051019787788402 0.46410256624221807 0.11882352828979494 0.87652438879013073 0.93063354492187511 22.500000000000004 0.43792808055877691 1.0000000180025095e-35 0.30602006614208227 0.14174107462167743 0.41742423176765447 0.81204709410667431
decision_type=2 2 2 2 2 2 2 2 2 2 2 2 2 2 2 2 2 2 2 2 2 2 2 2 2 2 2 2 2 2
left_child=2 6 3 23 16 -6 7 8 -2 10 12 -12 -4 14 -11 -15 -5 22 -19 -9 21 29 -8 28 -25 -23 27 -22 -1 -3
right_child=1 20 9 4 5 -7 17 19 -10 13 11 -13 -14 15 -16 -17 -18 18 -20 -21 26 25 -24 24 -26 -27 -28 -29 -30 -31
leaf_value=-0.050414260696946191 0.0094769079522862964 0.065253597160134499 0.11342569643776548 -0.053156719223037441 0.13043494388559862 0.027620831470667597 0.022389857391317127 0.0036388019371364705 -0.00089822425856737333 0.028683939197387921 0.024248498821450803 0.11753620093043274 -0.037719042411371251 -0.023016539626445807 -0.016609887040616601 -0.0025627335537232237 0.027764343085100496 -0.15442259249863302 -0.027714239699837301 0.022636397817708154 -0.14729780390835603 -0.015807741273033537 -0.022883146896035253 -0.050066378513966704 0.23575497571758672 -0.097021294440102365 0.047891934238430203 0.033034606716363685 -0.033749288115673945 0.045308236831951745
leaf_weight=136.35932707192114 693.94672483313479 4.3340254127979279 4.2008702102975795 20.204586250569264 7.764858323702355 35.255513844211237 28.652350666117854 204.96192646044074 4317.8311115077959 123.63809373255935 51.574914195909514 13.039079526832209 28.012662699169596 149.82915468883584 45.294006503434503 1349.4297258575534 12.497808596759567 3.4625299908220759 97.002693202812225 222.70936743338825 0.24886444187723356 12.665167939849196 14.338863957324063 7.9447315630241047 1.3320773762825409 2.26646288111806 68.943803168076556 27.811477689712774 10.085426210527656 4.7508973218500614
leaf_count=473533 15557 5 1103 13356 2446 19088 1858 7750 106317 14515 10874 3209 23249 18318 3515 51016 308 32 1310 20169 6 72 1413 24050 1536 18 31853 3126 16690 18
internal_value=0.000245299 0.00172469 -0.00398134 -0.0260925 0.0166341 0.046178 0.000998691 0.00155995 0.00053835 -0.00108193 0.0227524 0.0430739 -0.0180087 -0.00246535 0.0165398 -0.00460679 -0.0222313 -0.0202824 -0.0320812 0.0135318 0.0352163 0.00324621 0.00728995 -0.0468692 -0.00902466 -0.0281351 0.0431315 0.0314353 -0.0492666 0.0548233
internal_weight=7700.39 5703.93 1996.46 231.444 75.7228 43.0204 5582.91 5439.45 5011.78 1765.02 96.8275 64.614 32.2135 1668.19 168.932 1499.26 32.7024 143.456 100.465 427.671 121.021 24.0166 42.9912 155.722 9.27681 14.9316 97.0041 28.0603 146.445 9.08492
internal_count=866310 189504 676806 551007 35198 21534 154406 149793 121874 125799 38435 14083 24352 87364 18030 69334 13664 4613 1342 27919 35098 113 3271 515809 25586 90 34985 3132 490223 23
is_linear=0
shrinkage=0.05


Tree=194
num_leaves=31
num_cat=0
split_feature=5 0 3 4 3 3 8 4 8 2 2 4 4 3 1 3 0 0 3 3 1 2 4 4 4 8 4 1 8 4
split_gain=18.3006 53.7527 38.0558 75.7462 57.4189 54.5035 53.1751 48.1559 37.4322 47.9101 49.015 30.3825 29.7289 31.2942 28.4749 26.7787 29.0403 23.7556 21.0014 20.0664 12.9521 12.8823 11.8637 11.3469 21.3263 10.7157 9.88196 7.77532 7.74677 4.04947
threshold=1.0000000180025095e-35 0.2264957278966904 0.65942031145095836 0.57517123222351085 0.28869047760963445 0.32575757801532751 23.500000000000004 0.17667067050933841 7.5000000000000009 0.48683299124240881 0.23606811463832858 0.75463122129440319 0.45738498866558081 0.44949495792388922 0.46225070953369146 0.79057019948959362 0.10555555671453477 0.84523808956146251 0.13840996474027636 0.1863425895571709 0.83503401279449474 0.38327018916606909 0.37544326484203344 0.3891009390354157 0.29280610382556921 1.5000000000000002 0.99568966031074535 0.30707196891307836 1.0000000180025095e-35 0.072372794151306166
decision_type=2 2 2 2 2 2 2 2 2 2 2 2 2 2 2 2 2 2 2 2 2 2 2 2 2 2 2 2 2 2
left_child=2 8 3 5 18 7 -7 -1 9 10 -2 20 14 -14 -10 16 -13 -6 -5 -11 27 22 25 24 -23 -3 -17 -4 -25 -22
right_child=1 21 11 4 17 6 -8 -9 12 19 -12 15 13 -15 -16 26 -18 -19 -20 -21 29 23 -24 28 -26 -27 -28 -29 -30 -31
leaf_value=0.0027406269092746815 0.011641375871812082 0.27351886199153824 0.0058073523626599897 0.064594642886577833 -0.026832047962672436 0.012716412392590049 -0.067205602318305094 -0.0092465951175752688 -0.026461802173968076 0.097321042705562577 -0.024100381417722267 0.018940362743622915 0.022435305347013643 0.0017295542195820603 0.17950986748556386 0.0059705290564210835 -0.021924825292819319 0.042290118959232542 0.0040650513552584295 0.018736586259150464 -0.16217258764625603 0.027645813712409002 0.046027951668580182 0.047303730933655946 -0.058364808095222036 0.082366846236790067 0.034556641691941357 0.017867023627503816 0.0213416605770878 0.045818104489974476
leaf_weight=1656.28141088353 130.13036647540866 1.1395759365404985 219.75896202190779 16.430567353498191 546.31503324594814 844.7590511936578 21.337760336697102 1695.4723127858269 75.895017446040583 9.3276805852292437 364.88971377968483 55.547265850938857 319.50899084017146 425.50124132004566 1.7159197287401173 209.39489645196591 200.02744965674356 12.719409363169687 112.10215440765023 62.917802148906048 0.23559739615302433 17.47658564144513 18.080725894600619 33.287992131547071 12.264550530235281 2.0558166871487629 35.333945713529829 341.12581039388897 209.98439551220508 34.927096143597737
leaf_count=167775 5768 7 893 111 6030 12399 134 466912 65270 1204 57570 252 3020 1326 42 7818 4399 3232 1493 1611 66 418 214 17488 468 97 1345 7677 24946 6325
internal_value=0.000232299 0.00483804 -0.00106013 -0.00294238 -0.018331 -0.000433825 0.0107474 -0.00332307 0.000727739 -0.00915346 -0.0147046 0.00736164 0.00754164 0.0106095 -0.0219079 -0.00172348 -0.0130431 -0.0252593 0.0118027 0.0288827 0.0149874 0.0242504 0.0617239 0.0213301 -0.00782296 0.150538 0.0100978 0.013142 0.0248942 0.0444245
internal_weight=7685.95 1684.18 6001.77 4905.42 687.567 4217.85 866.097 3351.75 1389.89 567.266 495.02 1096.35 822.621 745.01 77.6109 500.304 255.575 559.034 128.533 72.2455 596.047 294.29 21.2761 273.014 29.7411 3.19539 244.729 560.885 243.272 35.1627
internal_count=866310 179449 686861 658086 10866 647220 12533 634687 135811 66153 63338 28775 69658 4346 65312 13814 4651 9262 1604 2815 14961 43638 318 43320 886 104 9163 8570 42434 6391
is_linear=0
shrinkage=0.05


Tree=195
num_leaves=31
num_cat=0
split_feature=0 8 8 1 0 9 8 2 1 2 8 0 2 2 4 0 9 1 2 9 8 4 2 2 8 2 0 8 9 1
split_gain=18.3021 40.9908 33.9994 29.5492 27.2365 31.2229 26.0032 45.5748 33.0057 40.7733 30.6928 38.6313 29.468 34.0948 35.5254 35.4646 25.9615 21.3904 14.8823 11.1786 10.4685 20.1789 12.5808 7.92235 7.36113 10.2952 6.7246 12.7568 5.48755 5.24976
threshold=0.63068181276321422 8.5000000000000018 11.500000000000002 0.77913278341293346 0.72077924013137828 5.5000000000000009 15.500000000000002 0.33981132507324224 0.17274536192417148 0.10596491396427156 16.500000000000004 1.0000000180025095e-35 0.89498746395111095 0.28743545711040502 0.29280610382556921 0.31666667759418493 112.50000000000001 0.27823315560817724 0.7933771312236787 8.5000000000000018 5.5000000000000009 0.2996350377798081 0.65166836977005016 0.80229884386062633 15.500000000000002 0.6705426573753358 0.36931818723678594 1.5000000000000002 109.50000000000001 0.4236596822738648
decision_type=2 2 2 2 2 2 2 2 2 2 2 2 2 2 2 2 2 2 2 2 2 2 2 2 2 2 2 2 2 2
left_child=6 3 4 20 23 -6 12 8 9 -8 16 -12 13 15 -15 -1 -9 -10 28 -20 21 -2 -22 -3 29 -26 27 -14 -5 -4
right_child=1 2 24 18 5 -7 7 10 17 -11 11 -13 26 14 -16 -17 -18 -19 19 -21 22 -23 -24 -25 25 -27 -28 -29 -30 -31
leaf_value=0.0039443082176825383 0.0089285456038020166 -0.0090996373572383819 -0.037911466703175446 0.028023890055464531 -0.018764864837072435 -0.0787664104152314 -0.057474695369705432 0.035938818528341972 -0.027916626541364162 0.0097979960423764632 0.031006654815849924 -0.0093250741713449131 0.008803143451473882 0.00018930933156022743 -0.008898482261474475 0.065860342107553718 0.27492945520676348 0.031498621981656309 0.0065172623449798218 -0.0096492491010188169 0.045101510275130145 0.037183192533918517 0.0068528762196763742 0.041290600155347218 -0.11718004668767189 0.010290105081038451 0.021400376915798928 -0.093689143028756874 -0.26798972124673281 0.018215542777034775
leaf_weight=1012.9728612114559 105.0225224805763 45.843467521364801 4.39864941779524 51.219376402907073 48.970718911616132 38.907437878835481 24.049579673497647 148.03157655321411 142.34785771833413 354.98311046289018 108.25592267380853 131.48529721215164 18.462926921434704 1983.9617942569603 2348.1801280961226 23.667879629851086 1.1451277872256458 16.952250749360246 219.42568472700077 208.56680031385622 24.190669992007315 158.64938464120496 193.20848763617687 9.3993998074438405 2.5952297906624144 4.0652518506394699 157.8292505912832 3.6334492177702478 0.15704510547220607 78.822756382753141
leaf_count=80341 2747 675 71 4018 488 394 1352 11190 31775 29529 18015 25189 1112 455581 130440 804 15 2158 29542 11991 361 10576 4607 160 65 342 10806 163 4 1799
internal_value=0.000223305 0.00591303 -0.0129003 0.0104772 -0.0280363 -0.0453301 -0.000825244 0.00692524 -0.00249663 0.00552955 0.0199668 0.00888685 -0.00212044 -0.00278749 -0.00473661 0.00535793 0.0377734 -0.0215938 0.00169144 -0.00136091 0.0192318 0.0259292 0.0111089 -0.000525897 0.011201 -0.0393781 0.0177836 -0.00805032 0.027119 0.015249
internal_weight=7669.4 1193.44 233.003 960.44 143.121 87.8782 6475.96 927.251 538.333 379.033 388.918 239.741 5548.71 5368.78 4332.14 1036.64 149.177 159.3 479.369 427.992 481.071 263.672 217.399 55.2429 89.8819 6.66048 179.926 22.0964 51.3764 83.2214
internal_count=866310 67840 3994 63846 1717 882 798470 119223 64814 30881 54409 43204 679247 667166 586021 81145 11205 33933 45555 41533 18291 13323 4968 835 2277 407 12081 1275 4022 1870
is_linear=0
shrinkage=0.05


Tree=196
num_leaves=31
num_cat=0
split_feature=3 4 4 8 8 4 6 3 0 5 3 0 1 4 0 3 1 3 0 8 0 4 0 3 0 8 1 0 3 0
split_gain=18.3896 88.7877 78.9972 128.233 322.436 66.2682 61.4257 36.7353 34.1935 33.4796 45.2193 38.8647 28.3777 33.5293 31.5438 26.1471 21.5407 18.4237 18.1831 17.2496 16.0077 15.9921 15.9417 12.7184 11.7261 9.29185 7.27507 6.93668 0.465465 0.000315371
threshold=0.098387096077203764 1.0000000180025095e-35 0.36406117677688604 22.500000000000004 23.500000000000004 0.27669072151184088 1.0000000180025095e-35 0.054804805666208274 0.86607143282890331 1.0000000180025095e-35 0.65942031145095836 0.2264957278966904 0.41240409016609197 0.26483158767223364 0.095454547554254546 0.1490740776062012 0.37965516746044164 0.23303167521953586 0.31666667759418493 26.500000000000004 0.13809524476528171 0.2779617458581925 0.27922078967094427 0.059714796021580703 0.31666667759418493 19.500000000000004 0.53923079371452343 0.31666667759418493 0.37980769574642187 0.2264957278966904
decision_type=2 2 2 2 2 2 2 2 2 2 2 2 2 2 2 2 2 2 2 2 2 2 2 2 2 2 2 2 2 2
left_child=1 19 6 24 -5 12 7 -3 9 10 -7 -11 13 15 25 -2 -15 21 -16 20 26 -10 -22 -8 -4 -14 -1 29 -19 -21
right_child=5 2 3 4 -6 8 23 -9 17 11 -12 -13 14 16 18 -17 -18 28 -20 27 22 -23 -24 -25 -26 -27 -28 -29 -30 -31
leaf_value=-0.050344970642957634 -0.036961476899593775 -0.042935364863344851 -0.050162335762570336 3.0689137576285348 -0.050279173879904937 -0.0089399060161345079 0.10380044053196405 -0.015421916820131998 -0.24205773591164748 0.00081092392199099599 0.0043958483639495241 0.022206878299110108 0.051187089986683303 0.051485692158455221 -0.0076656912352536634 0.0035041127664076073 -0.10065912089911833 0.036613511688419385 0.019466289616171077 -0.050273411074240305 0.02037494036256193 0.0062556693902065521 0.0015691560590463027 0.025864285393491677 0.037527630695083865 0.17481178695173138 0.022921496663933859 0.094121737361871849 0.0479737049514267 -0.052659917744929521
leaf_weight=19.849266776029257 44.137251706488314 266.71058438454565 4.134947107955667 0.1221213521057497 0.25764935959887225 2048.155469049947 8.0682699479220918 222.55576114988071 0.65888792090117831 1359.9294303343922 921.73555566853611 251.49259656656068 57.486419936700258 45.257587409607368 70.722989282323397 417.81488127139164 2.4524677206209153 11.114670521870719 486.76323541253805 0.76983407093211909 125.12899518196355 40.751296446716879 1133.7644876991399 14.905537533049936 48.868760145502165 1.5612389903981228 4.0855713174678376 6.941502258181572 47.773332715732977 0.16878261230885983
leaf_count=7923 32401 462473 12012 123 539 48491 491 120152 10 65539 16682 26545 610 4309 2049 6179 127 3868 11116 200 9018 935 6809 714 627 3 65 7 26289 4
internal_value=0.000214585 -0.00411756 -0.020636 0.0372463 0.952747 0.00159926 -0.0266682 -0.0304201 -0.00102029 -0.00165255 -0.00480102 0.00415016 0.0124887 0.00375925 0.019705 -0.000362175 0.0436649 0.0278594 0.0160243 0.00312126 0.00266823 0.00230469 0.00343838 0.053235 0.0306867 0.0544558 -0.0378387 0.0768714 0.0458296 -0.0507026
internal_weight=7664.14 1856.33 565.624 53.3835 0.379771 5807.81 512.24 489.266 4681.61 4581.31 2969.89 1611.42 1126.2 509.662 616.534 461.952 47.7101 100.298 557.486 1290.71 1282.83 41.4102 1258.89 22.9738 53.0037 59.0477 23.9348 7.88012 58.888 0.938617
internal_count=866310 621157 597131 13301 662 245153 583830 582625 188359 157257 65173 92084 56794 43016 13778 38580 4436 31102 13165 24026 23815 945 15827 1205 12639 613 7988 211 30157 204
is_linear=0
shrinkage=0.05


Tree=197
num_leaves=30
num_cat=0
split_feature=1 1 0 1 0 1 1 0 0 8 1 1 1 9 3 5 4 9 3 1 4 8 4 4 3 9 5 9 3
split_gain=17.3469 26.4847 23.0018 88.5952 55.2437 85.0352 52.4135 43.4712 20.6994 19.5929 38.5906 31.0858 26.034 24.3787 18.2142 20.4956 27.4673 22.4318 13.5217 12.4811 12.1376 11.9668 5.49127 5.28458 5.63025 24.1948 7.96627 4.66801 4.56239
threshold=0.063164893537759795 0.11814556270837785 0.47222222387790685 0.48212005198001867 0.34848485887050634 0.77346038818359386 0.40682870149612432 0.63068181276321422 0.52777779102325451 1.5000000000000002 0.084523811936378493 0.080540537834167494 0.069366481155157103 53.500000000000007 0.58578431606292736 1.0000000180025095e-35 0.53178024291992199 1.5000000000000002 0.69615384936332714 0.056349206715822227 0.072372794151306166 7.5000000000000009 0.84650033712387096 0.34156504273414617 0.81534090638160717 4.5000000000000009 1.0000000180025095e-35 2.5000000000000004 0.40454545617103582
decision_type=2 2 2 2 2 2 2 2 2 2 2 2 2 2 2 2 2 2 2 2 2 2 2 2 2 2 2 2 2
left_child=14 9 4 8 6 -6 -3 -5 -4 10 11 -2 18 -14 15 16 19 22 -11 -1 -12 -19 -17 27 26 -26 -25 -16 -18
right_child=1 2 3 7 5 -7 -8 -9 -10 12 20 -13 13 -15 23 17 28 21 -20 -21 -22 -23 -24 24 25 -27 -28 -29 -30
leaf_value=-0.013538041370795959 0.043088446356531952 -0.0052769154738937394 0.029011487640783463 -0.0078419320992846858 -0.031436561794241515 0.042514092309894107 0.007225664575482499 0.0059536236783729012 0.0085734834268113916 -0.060334811076387024 0.12081762077596286 0.1435482338547526 0.0064434897960815411 0.052797410963035266 -0.095739183695643187 -0.12735490142499481 -0.069777420881206947 -0.0032634808247740477 0.020863396171581672 -0.053982447451020432 -0.00454529711609799 0.054982790717383906 0.053584228082867426 0.042418488102509311 0.018808714989768764 -0.12408492622240282 -0.0033842425121613077 0.0088438084228771065 -0.12364290583387655
leaf_weight=75.589906220542616 39.429474315307743 2392.7604679346223 338.72190478385892 1165.632518571394 299.59643037311616 44.669594933278859 1290.3128765688089 1119.4453483947145 195.32406680413987 20.864955716882836 2.0107591709238468 9.5693615690834104 415.95861968016106 30.440441704078694 2.1760914423502973 3.4658664122289333 8.5338135641068202 22.048729391710367 6.7975740581750861 25.514195977259078 48.546262550640677 14.695585151479461 0.47703710268251587 23.468743148026988 14.986797260004098 3.692157036624848 15.94163680175552 2.0933673252584413 7.2885040347464374
leaf_count=6121 2106 562353 6069 34160 18795 1651 119535 64968 5464 1501 129 646 29561 635 14 495 81 2628 32 1954 6404 724 2 66 84 33 50 12 37
internal_value=0.000191987 0.000602203 -0.000262448 0.00320148 -0.00268719 -0.0218412 -0.000896813 -0.00108358 0.0215364 0.0109223 0.031087 0.062708 0.00668761 0.00960441 -0.0136454 -0.0226953 -0.0333312 0.00787017 -0.0403818 -0.0237444 0.00044065 0.0200316 -0.105464 0.00922846 0.0131745 -0.00943622 0.0238911 -0.0444609 -0.0945904
internal_weight=7640.05 7420.08 6846.46 2819.12 4027.34 344.266 3683.07 2285.08 534.046 573.617 99.5559 48.9988 474.062 446.399 219.972 157.614 116.926 40.6872 27.6625 101.104 50.557 36.7443 3.9429 62.3588 58.0893 18.679 39.4104 4.26946 15.8223
internal_count=866310 854009 812995 110661 702334 20446 681888 99128 11533 41014 9285 2752 31729 30196 12301 12042 8193 3849 1533 8075 6533 3352 497 259 233 117 116 26 118
is_linear=0
shrinkage=0.05


Tree=198
num_leaves=31
num_cat=0
split_feature=3 4 3 4 0 5 3 0 4 9 3 9 0 4 4 9 0 4 8 0 0 8 8 8 9 0 8 3 3 9
split_gain=17.4857 69.9604 81.1303 60.9083 44.7457 42.2948 52.0653 36.3765 34.9111 43.8744 27.9835 33.6766 31.0913 27.2271 20.8647 20.7952 20.2131 27.7489 15.4766 15.0803 14.1721 14.1318 13.9852 13.3191 12.4519 11.0102 10.4175 9.52441 4.70934 7.06363
threshold=0.10762548446655275 0.072372794151306166 0.04446640424430371 0.33215962350368505 0.86607143282890331 1.0000000180025095e-35 0.65942031145095836 0.19090909510850909 0.45027472078800207 48.500000000000007 0.19292803853750232 75.500000000000014 0.19090909510850909 0.36406117677688604 0.16015266627073291 38.500000000000007 0.31666667759418493 0.15638586878776553 15.500000000000002 0.5634920895099641 0.63068181276321422 4.5000000000000009 7.5000000000000009 22.500000000000004 68.500000000000014 0.19090909510850909 3.5000000000000004 0.054804805666208274 0.30602006614208227 10.500000000000002
decision_type=2 2 2 2 2 2 2 2 2 2 2 2 2 2 2 2 2 2 2 2 2 2 2 2 2 2 2 2 2 2
left_child=1 15 13 10 5 6 -5 -7 9 -4 11 14 -13 24 -2 19 17 -12 27 22 -21 -18 -1 -10 -3 -20 -15 -17 29 -6
right_child=3 2 8 4 28 7 -8 -9 23 -11 16 12 -14 26 -16 18 21 -19 25 20 -22 -23 -24 -25 -26 -27 -28 -29 -30 -31
leaf_value=-0.00012600818194543337 0.025257184461936939 -0.047085451186353558 -0.015073019193421253 -0.010974607815369661 0.034071758128821676 0.0010247552314957753 0.0039134891894847422 0.021358246863188074 0.040232860329700491 0.029377222246834096 -0.012698466669512283 -0.041470741748285966 0.057017878561824165 0.067866006374405541 -0.010231334961354394 -0.0045098653321581526 0.032335567057366447 0.01473823691547874 -0.050801120153097394 0.044617739396990597 0.012325552230766213 0.013699674088569178 0.022062754145217033 0.19238069815504588 -0.0087642915795794318 0.032096637515383629 -0.062567883265081101 0.089831441393302194 0.04693200306759876 -0.032643823152796382
leaf_weight=286.57521278213244 47.673849963553948 211.75940233346046 337.93915580522662 1731.7067046450975 18.160675209132027 1303.457024494448 888.54229986073915 264.60882442657021 28.85012200965139 66.426050347552518 115.50301367929205 9.9553888680529763 41.074938211822882 7.7920652920183766 315.56579066258564 716.02008323511109 220.7500895614503 455.90975801716559 4.3955418096156782 53.963132369332016 91.735619142185897 188.67216319777071 94.408198046468897 1.5138892140239466 23.556201470244559 45.132611875422299 1.9050849556369938 2.6853432634379706 47.852853228861932 5.0765034450159865
leaf_count=7387 5618 435747 197324 30981 1685 29728 16136 26821 1376 7274 1419 159 205 698 31351 10540 9580 4859 1095 148 1372 2563 5204 68 6426 360 1782 5 27863 536
internal_value=0.000183936 -0.00386671 -0.0168564 0.00159849 -0.00137139 -0.00203905 -0.00592596 0.004456 -0.00388836 -0.00777107 0.0106659 -0.000230293 0.037804 -0.0398658 -0.0055736 0.00295199 0.015268 0.0091923 -0.00229438 0.0106045 0.0242858 0.0237477 0.0053724 0.0478186 -0.0432493 0.0247396 0.0422412 -0.00415737 0.0379643 0.0194968
internal_weight=7629.17 1974.66 679.742 5654.51 4259.4 4188.31 2620.25 1568.07 434.729 404.365 1395.1 414.27 51.0303 245.013 363.24 1294.92 980.835 571.413 768.234 526.682 145.699 409.422 380.983 30.364 235.316 49.5282 9.69715 718.705 71.09 23.2372
internal_count=866310 676806 650695 189504 133750 103666 47117 56549 206042 204598 55754 37333 364 444653 36969 26111 18421 6278 12000 14111 1520 12143 12591 1444 442173 1455 2480 10545 30084 2221
is_linear=0
shrinkage=0.05


Tree=199
num_leaves=30
num_cat=0
split_feature=1 2 1 2 3 3 5 9 1 3 8 3 8 9 8 1 3 5 3 6 2 3 2 3 2 3 9 3 3
split_gain=16.3936 20.4347 36.5057 74.2862 42.183 39.6126 34.346 31.8354 23.9161 34.5563 26.3809 23.6688 18.1887 17.1573 21.941 16.3773 12.8983 10.465 10.6242 10.301 11.8407 15.3381 9.99304 5.45109 5.2449 4.90127 3.25462 9.61805 1.14356
threshold=0.048199767246842391 0.27812939882278448 0.22886905074119571 0.56992483139038097 0.10762548446655275 0.21240601688623431 1.0000000180025095e-35 9.5000000000000018 0.15655637532472613 0.21807064861059192 13.500000000000002 0.82971012592315685 2.5000000000000004 5.5000000000000009 1.5000000000000002 0.72821971774101268 0.12310606241226198 1.0000000180025095e-35 0.8441295623779298 1.0000000180025095e-35 0.13873296231031421 0.29705883562564855 0.1627137288451195 0.42481203377246862 0.1627137288451195 0.65942031145095836 53.500000000000007 0.47338935732841497 0.95553359389305126
decision_type=2 2 2 2 2 2 2 2 2 2 2 2 2 2 2 2 2 2 2 2 2 2 2 2 2 2 2 2 2
left_child=12 7 3 5 -5 -3 11 13 10 -10 -9 -4 19 16 -15 -8 -2 18 25 20 21 -1 23 -19 -22 -14 27 -21 -24
right_child=1 2 6 4 -6 -7 15 8 9 -11 -12 -13 17 14 -16 -17 -18 22 -20 26 24 -23 28 -25 -26 -27 -28 -29 -30
leaf_value=-0.066917082259041527 -0.050170200143085576 -0.041840148241121818 -0.0013594219827362478 -0.066300296231344688 0.071454259010416105 -0.009267550533907952 0.0084105496061564304 0.017816891601882465 -0.0098082147315712003 0.052390242262089604 -0.017428009282899035 0.015838480081254127 -0.05806775140707611 0.038925046459650316 -0.017960869920535201 0.03078257872830267 0.0055275116133980144 -0.032339807143769016 -0.17073613513297614 -0.03583863292597414 -0.2718087249068965 0.022018997701978328 -0.084539424691728982 0.035571580989359773 -0.068947526564343248 0.0087834141406119733 0.055342211673560238 0.038008203714872561 -0.1762942826800814
leaf_weight=6.8069739066122628 10.575316794420358 106.54037140875153 4518.6921833663364 6.4704129535894017 39.38037003041245 753.36380270682275 527.41677103871552 241.53057425366569 29.960227681265678 87.694699833635241 68.052197080440237 209.33071013039444 27.008338479605303 18.764000434224727 175.40167522455886 96.820578702987405 607.5920654736401 4.7417783923010557 1.9842118173837651 6.6454084700672018 0.33564704755553876 16.84489868208766 2.0997548637169525 7.8410788998007774 6.2826670589493006 3.0515447035431853 5.9502241206355384 13.10327156895073 0.40509238839149464
leaf_count=472 30231 199970 464124 3024 589 9091 43729 11070 20230 485 8970 13097 1971 1209 18298 30389 5715 418 12 53 43 43 246 20 2732 7 11 59 2
internal_value=0.00017585 0.000448152 -0.000713593 -0.00999674 0.0520145 -0.0133032 0.00085738 0.00631326 0.0173622 0.0365517 0.0100694 -0.000597994 -0.0196262 0.00050217 -0.0124635 0.0118805 0.00457466 -0.0425115 -0.0586781 -0.000354359 -0.0201188 -0.00357667 -0.00817594 0.00997956 -0.0792356 -0.0512813 0.0229258 0.0131588 -0.0993783
internal_weight=7600.69 7497.59 6258.02 905.755 45.8508 859.904 5352.26 1239.57 427.238 117.655 309.583 4728.02 103.101 812.333 194.166 624.237 618.167 47.1318 32.0441 55.9691 30.2702 23.6519 15.0877 12.5829 6.61831 30.0599 25.6989 19.7487 2.50485
internal_count=866310 860221 764013 212674 3613 209061 551339 96208 40755 20715 20040 477221 6089 55453 19507 74118 35946 2676 1990 3413 3290 515 686 438 2775 1978 123 112 248
is_linear=0
shrinkage=0.05


end of trees

feature_importances:
Column_3=1014
Column_0=952
Column_2=899
Column_1=890
Column_4=844
Column_8=536
Column_9=429
Column_5=312
Column_6=115

parameters:
[boosting: gbdt]
[objective: binary]
[metric: binary_logloss]
[tree_learner: serial]
[device_type: cpu]
[data_sample_strategy: bagging]
[data: ]
[valid: ]
[num_iterations: 200]
[learning_rate: 0.05]
[num_leaves: 31]
[num_threads: 12]
[seed: 42]
[deterministic: 0]
[force_col_wise: 0]
[force_row_wise: 0]
[histogram_pool_size: -1]
[max_depth: 5]
[min_data_in_leaf: 10]
[min_sum_hessian_in_leaf: 0.001]
[bagging_fraction: 0.8]
[pos_bagging_fraction: 1]
[neg_bagging_fraction: 1]
[bagging_freq: 0]
[bagging_seed: 400]
[bagging_by_query: 0]
[feature_fraction: 0.8]
[feature_fraction_bynode: 1]
[feature_fraction_seed: 30056]
[extra_trees: 0]
[extra_seed: 12879]
[early_stopping_round: 0]
[early_stopping_min_delta: 0]
[first_metric_only: 0]
[max_delta_step: 0]
[lambda_l1: 0]
[lambda_l2: 0]
[linear_lambda: 0]
[min_gain_to_split: 0]
[drop_rate: 0.1]
[max_drop: 50]
[skip_drop: 0.5]
[xgboost_dart_mode: 0]
[uniform_drop: 0]
[drop_seed: 17869]
[top_rate: 0.2]
[other_rate: 0.1]
[min_data_per_group: 100]
[max_cat_threshold: 32]
[cat_l2: 10]
[cat_smooth: 10]
[max_cat_to_onehot: 4]
[top_k: 20]
[monotone_constraints: ]
[monotone_constraints_method: basic]
[monotone_penalty: 0]
[feature_contri: ]
[forcedsplits_filename: ]
[refit_decay_rate: 0.9]
[cegb_tradeoff: 1]
[cegb_penalty_split: 0]
[cegb_penalty_feature_lazy: ]
[cegb_penalty_feature_coupled: ]
[path_smooth: 0]
[interaction_constraints: ]
[verbosity: -1]
[saved_feature_importance_type: 0]
[use_quantized_grad: 0]
[num_grad_quant_bins: 4]
[quant_train_renew_leaf: 0]
[stochastic_rounding: 1]
[linear_tree: 0]
[max_bin: 255]
[max_bin_by_feature: ]
[min_data_in_bin: 3]
[bin_construct_sample_cnt: 200000]
[data_random_seed: 175]
[is_enable_sparse: 1]
[enable_bundle: 1]
[use_missing: 1]
[zero_as_missing: 0]
[feature_pre_filter: 1]
[pre_partition: 0]
[two_round: 0]
[header: 0]
[label_column: ]
[weight_column: ]
[group_column: ]
[ignore_column: ]
[categorical_feature: ]
[forcedbins_filename: ]
[precise_float_parser: 0]
[parser_config_file: ]
[objective_seed: 16083]
[num_class: 1]
[is_unbalance: 0]
[scale_pos_weight: 7.61863]
[sigmoid: 1]
[boost_from_average: 1]
[reg_sqrt: 0]
[alpha: 0.9]
[fair_c: 1]
[poisson_max_delta_step: 0.7]
[tweedie_variance_power: 1.5]
[lambdarank_truncation_level: 30]
[lambdarank_norm: 1]
[label_gain: ]
[lambdarank_position_bias_regularization: 0]
[eval_at: ]
[multi_error_top_k: 1]
[auc_mu_weights: ]
[num_machines: 1]
[local_listen_port: 12400]
[time_out: 120]
[machine_list_filename: ]
[machines: ]
[gpu_platform_id: -1]
[gpu_device_id: -1]
[gpu_device_id_list: ]
[gpu_use_dp: 0]
[num_gpu: 1]

end of parameters

pandas_categorical:null
